incident_id,source,text,category_label,category_split,priority_label,priority_split,impact_label,impact_split,urgency_label,urgency_split
INC-5001,A_text_rich,Disk Space Alert. Storage exceeded threshold causing upload failures,Storage,train,,not used,,not used,,not used
INC-5002,A_text_rich,Slow Delivery. Media loading slowly due to cache miss,Performance,train,,not used,,not used,,not used
INC-5003,A_text_rich,Encoding Crash. Encoder crashed during media conversion,Application,test,,not used,,not used,,not used
INC-5004,A_text_rich,Unauthorized Access Attempt. Multiple failed login attempts detected,Security,train,,not used,,not used,,not used
INC-5005,A_text_rich,High CPU Usage. Processing service consuming excessive CPU,Performance,train,,not used,,not used,,not used
INC-5006,A_text_rich,Database Timeout. Queries timing out during peak usage,Database,train,,not used,,not used,,not used
INC-5007,A_text_rich,Streaming Failure. Video stream stopped responding for live broadcast,Network,train,,not used,,not used,,not used
INC-5008,A_text_rich,Disk Space Alert. Storage exceeded threshold causing upload failures,Storage,train,,not used,,not used,,not used
INC-5009,A_text_rich,Slow Delivery. Media loading slowly due to cache miss,Performance,train,,not used,,not used,,not used
INC-5010,A_text_rich,Encoding Crash. Encoder crashed during media conversion,Application,test,,not used,,not used,,not used
INC-5011,A_text_rich,Unauthorized Access Attempt. Multiple failed login attempts detected,Security,train,,not used,,not used,,not used
INC-5012,A_text_rich,High CPU Usage. Processing service consuming excessive CPU,Performance,train,,not used,,not used,,not used
INC-5013,A_text_rich,Database Timeout. Queries timing out during peak usage,Database,train,,not used,,not used,,not used
INC-5014,A_text_rich,Streaming Failure. Video stream stopped responding for live broadcast,Network,test,,not used,,not used,,not used
INC-5015,A_text_rich,Disk Space Alert. Storage exceeded threshold causing upload failures,Storage,train,,not used,,not used,,not used
INC-5016,A_text_rich,Slow Delivery. Media loading slowly due to cache miss,Performance,train,,not used,,not used,,not used
INC-5017,A_text_rich,Encoding Crash. Encoder crashed during media conversion,Application,train,,not used,,not used,,not used
INC-5018,A_text_rich,Unauthorized Access Attempt. Multiple failed login attempts detected,Security,train,,not used,,not used,,not used
INC-5019,A_text_rich,High CPU Usage. Processing service consuming excessive CPU,Performance,test,,not used,,not used,,not used
INC-5020,A_text_rich,Database Timeout. Queries timing out during peak usage,Database,train,,not used,,not used,,not used
INC-5021,A_text_rich,Streaming Failure. Video stream stopped responding for live broadcast,Network,test,,not used,,not used,,not used
INC-5022,A_text_rich,Disk Space Alert. Storage exceeded threshold causing upload failures,Storage,train,,not used,,not used,,not used
INC-5023,A_text_rich,Slow Delivery. Media loading slowly due to cache miss,Performance,train,,not used,,not used,,not used
INC-5024,A_text_rich,Encoding Crash. Encoder crashed during media conversion,Application,train,,not used,,not used,,not used
INC-5025,A_text_rich,Unauthorized Access Attempt. Multiple failed login attempts detected,Security,train,,not used,,not used,,not used
INC-5026,A_text_rich,High CPU Usage. Processing service consuming excessive CPU,Performance,train,,not used,,not used,,not used
INC-5027,A_text_rich,Database Timeout. Queries timing out during peak usage,Database,test,,not used,,not used,,not used
INC-5028,A_text_rich,Streaming Failure. Video stream stopped responding for live broadcast,Network,train,,not used,,not used,,not used
INC-5029,A_text_rich,Disk Space Alert. Storage exceeded threshold causing upload failures,Storage,train,,not used,,not used,,not used
INC-5030,A_text_rich,Slow Delivery. Media loading slowly due to cache miss,Performance,test,,not used,,not used,,not used
INC-5031,A_text_rich,Encoding Crash. Encoder crashed during media conversion,Application,test,,not used,,not used,,not used
INC-5032,A_text_rich,Unauthorized Access Attempt. Multiple failed login attempts detected,Security,train,,not used,,not used,,not used
INC-5033,A_text_rich,High CPU Usage. Processing service consuming excessive CPU,Performance,train,,not used,,not used,,not used
INC-5034,A_text_rich,Database Timeout. Queries timing out during peak usage,Database,train,,not used,,not used,,not used
INC-5035,A_text_rich,Streaming Failure. Video stream stopped responding for live broadcast,Network,test,,not used,,not used,,not used
INC-5036,A_text_rich,Disk Space Alert. Storage exceeded threshold causing upload failures,Storage,train,,not used,,not used,,not used
INC-5037,A_text_rich,Slow Delivery. Media loading slowly due to cache miss,Performance,train,,not used,,not used,,not used
INC-5038,A_text_rich,Encoding Crash. Encoder crashed during media conversion,Application,train,,not used,,not used,,not used
INC-5039,A_text_rich,Unauthorized Access Attempt. Multiple failed login attempts detected,Security,train,,not used,,not used,,not used
INC-5040,A_text_rich,High CPU Usage. Processing service consuming excessive CPU,Performance,test,,not used,,not used,,not used
INC-5041,A_text_rich,Database Timeout. Queries timing out during peak usage,Database,test,,not used,,not used,,not used
INC-5042,A_text_rich,Streaming Failure. Video stream stopped responding for live broadcast,Network,test,,not used,,not used,,not used
INC-5043,A_text_rich,Disk Space Alert. Storage exceeded threshold causing upload failures,Storage,train,,not used,,not used,,not used
INC-5044,A_text_rich,Slow Delivery. Media loading slowly due to cache miss,Performance,test,,not used,,not used,,not used
INC-5045,A_text_rich,Encoding Crash. Encoder crashed during media conversion,Application,train,,not used,,not used,,not used
INC-5046,A_text_rich,Unauthorized Access Attempt. Multiple failed login attempts detected,Security,test,,not used,,not used,,not used
INC-5047,A_text_rich,High CPU Usage. Processing service consuming excessive CPU,Performance,train,,not used,,not used,,not used
INC-5048,A_text_rich,Database Timeout. Queries timing out during peak usage,Database,train,,not used,,not used,,not used
INC-5049,A_text_rich,Streaming Failure. Video stream stopped responding for live broadcast,Network,train,,not used,,not used,,not used
INC-5050,A_text_rich,Disk Space Alert. Storage exceeded threshold causing upload failures,Storage,test,,not used,,not used,,not used
INC-5051,A_text_rich,Slow Delivery. Media loading slowly due to cache miss,Performance,test,,not used,,not used,,not used
INC-5052,A_text_rich,Encoding Crash. Encoder crashed during media conversion,Application,train,,not used,,not used,,not used
INC-5053,A_text_rich,Unauthorized Access Attempt. Multiple failed login attempts detected,Security,train,,not used,,not used,,not used
INC-5054,A_text_rich,High CPU Usage. Processing service consuming excessive CPU,Performance,train,,not used,,not used,,not used
INC-5055,A_text_rich,Database Timeout. Queries timing out during peak usage,Database,train,,not used,,not used,,not used
INC-5056,A_text_rich,Streaming Failure. Video stream stopped responding for live broadcast,Network,train,,not used,,not used,,not used
INC-5057,A_text_rich,Disk Space Alert. Storage exceeded threshold causing upload failures,Storage,test,,not used,,not used,,not used
INC-5058,A_text_rich,Slow Delivery. Media loading slowly due to cache miss,Performance,test,,not used,,not used,,not used
INC-5059,A_text_rich,Encoding Crash. Encoder crashed during media conversion,Application,train,,not used,,not used,,not used
INC-5060,A_text_rich,Unauthorized Access Attempt. Multiple failed login attempts detected,Security,test,,not used,,not used,,not used
INC-5061,A_text_rich,High CPU Usage. Processing service consuming excessive CPU,Performance,test,,not used,,not used,,not used
INC-5062,A_text_rich,Database Timeout. Queries timing out during peak usage,Database,train,,not used,,not used,,not used
INC-5063,A_text_rich,Streaming Failure. Video stream stopped responding for live broadcast,Network,test,,not used,,not used,,not used
INC-5064,A_text_rich,Disk Space Alert. Storage exceeded threshold causing upload failures,Storage,train,,not used,,not used,,not used
INC-5065,A_text_rich,Slow Delivery. Media loading slowly due to cache miss,Performance,train,,not used,,not used,,not used
INC-5066,A_text_rich,Encoding Crash. Encoder crashed during media conversion,Application,test,,not used,,not used,,not used
INC-5067,A_text_rich,Unauthorized Access Attempt. Multiple failed login attempts detected,Security,train,,not used,,not used,,not used
INC-5068,A_text_rich,High CPU Usage. Processing service consuming excessive CPU,Performance,train,,not used,,not used,,not used
INC-5069,A_text_rich,Database Timeout. Queries timing out during peak usage,Database,train,,not used,,not used,,not used
INC-5070,A_text_rich,Streaming Failure. Video stream stopped responding for live broadcast,Network,train,,not used,,not used,,not used
INC-5071,A_text_rich,Disk Space Alert. Storage exceeded threshold causing upload failures,Storage,train,,not used,,not used,,not used
INC-5072,A_text_rich,Slow Delivery. Media loading slowly due to cache miss,Performance,train,,not used,,not used,,not used
INC-5073,A_text_rich,Encoding Crash. Encoder crashed during media conversion,Application,train,,not used,,not used,,not used
INC-5074,A_text_rich,Unauthorized Access Attempt. Multiple failed login attempts detected,Security,train,,not used,,not used,,not used
INC-5075,A_text_rich,High CPU Usage. Processing service consuming excessive CPU,Performance,train,,not used,,not used,,not used
INC-5076,A_text_rich,Database Timeout. Queries timing out during peak usage,Database,test,,not used,,not used,,not used
INC-5077,A_text_rich,Streaming Failure. Video stream stopped responding for live broadcast,Network,test,,not used,,not used,,not used
INC-5078,A_text_rich,Disk Space Alert. Storage exceeded threshold causing upload failures,Storage,test,,not used,,not used,,not used
INC-5079,A_text_rich,Slow Delivery. Media loading slowly due to cache miss,Performance,train,,not used,,not used,,not used
INC-5080,A_text_rich,Encoding Crash. Encoder crashed during media conversion,Application,test,,not used,,not used,,not used
INC-5081,A_text_rich,Unauthorized Access Attempt. Multiple failed login attempts detected,Security,train,,not used,,not used,,not used
INC-5082,A_text_rich,High CPU Usage. Processing service consuming excessive CPU,Performance,train,,not used,,not used,,not used
INC-5083,A_text_rich,Database Timeout. Queries timing out during peak usage,Database,train,,not used,,not used,,not used
INC-5084,A_text_rich,Streaming Failure. Video stream stopped responding for live broadcast,Network,train,,not used,,not used,,not used
INC-5085,A_text_rich,Disk Space Alert. Storage exceeded threshold causing upload failures,Storage,train,,not used,,not used,,not used
INC-5086,A_text_rich,Slow Delivery. Media loading slowly due to cache miss,Performance,train,,not used,,not used,,not used
INC-5087,A_text_rich,Encoding Crash. Encoder crashed during media conversion,Application,train,,not used,,not used,,not used
INC-5088,A_text_rich,Unauthorized Access Attempt. Multiple failed login attempts detected,Security,train,,not used,,not used,,not used
INC-5089,A_text_rich,High CPU Usage. Processing service consuming excessive CPU,Performance,train,,not used,,not used,,not used
INC-5090,A_text_rich,Database Timeout. Queries timing out during peak usage,Database,train,,not used,,not used,,not used
INC-5091,A_text_rich,Streaming Failure. Video stream stopped responding for live broadcast,Network,train,,not used,,not used,,not used
INC-5092,A_text_rich,Disk Space Alert. Storage exceeded threshold causing upload failures,Storage,train,,not used,,not used,,not used
INC-5093,A_text_rich,Slow Delivery. Media loading slowly due to cache miss,Performance,test,,not used,,not used,,not used
INC-5094,A_text_rich,Encoding Crash. Encoder crashed during media conversion,Application,train,,not used,,not used,,not used
INC-5095,A_text_rich,Unauthorized Access Attempt. Multiple failed login attempts detected,Security,test,,not used,,not used,,not used
INC-5096,A_text_rich,High CPU Usage. Processing service consuming excessive CPU,Performance,train,,not used,,not used,,not used
INC-5097,A_text_rich,Database Timeout. Queries timing out during peak usage,Database,train,,not used,,not used,,not used
INC-5098,A_text_rich,Streaming Failure. Video stream stopped responding for live broadcast,Network,train,,not used,,not used,,not used
INC-5099,A_text_rich,Disk Space Alert. Storage exceeded threshold causing upload failures,Storage,test,,not used,,not used,,not used
INC-5100,A_text_rich,Slow Delivery. Media loading slowly due to cache miss,Performance,train,,not used,,not used,,not used
INC-5101,A_text_rich,Encoding Crash. Encoder crashed during media conversion,Application,train,,not used,,not used,,not used
INC-5102,A_text_rich,Unauthorized Access Attempt. Multiple failed login attempts detected,Security,train,,not used,,not used,,not used
INC-5103,A_text_rich,High CPU Usage. Processing service consuming excessive CPU,Performance,train,,not used,,not used,,not used
INC-5104,A_text_rich,Database Timeout. Queries timing out during peak usage,Database,train,,not used,,not used,,not used
INC-5105,A_text_rich,Streaming Failure. Video stream stopped responding for live broadcast,Network,train,,not used,,not used,,not used
INC-5106,A_text_rich,Disk Space Alert. Storage exceeded threshold causing upload failures,Storage,train,,not used,,not used,,not used
INC-5107,A_text_rich,Slow Delivery. Media loading slowly due to cache miss,Performance,train,,not used,,not used,,not used
INC-5108,A_text_rich,Encoding Crash. Encoder crashed during media conversion,Application,train,,not used,,not used,,not used
INC-5109,A_text_rich,Unauthorized Access Attempt. Multiple failed login attempts detected,Security,train,,not used,,not used,,not used
INC-5110,A_text_rich,High CPU Usage. Processing service consuming excessive CPU,Performance,train,,not used,,not used,,not used
INC-5111,A_text_rich,Database Timeout. Queries timing out during peak usage,Database,train,,not used,,not used,,not used
INC-5112,A_text_rich,Streaming Failure. Video stream stopped responding for live broadcast,Network,train,,not used,,not used,,not used
INC-5113,A_text_rich,Disk Space Alert. Storage exceeded threshold causing upload failures,Storage,train,,not used,,not used,,not used
INC-5114,A_text_rich,Slow Delivery. Media loading slowly due to cache miss,Performance,test,,not used,,not used,,not used
INC-5115,A_text_rich,Encoding Crash. Encoder crashed during media conversion,Application,test,,not used,,not used,,not used
INC-5116,A_text_rich,Unauthorized Access Attempt. Multiple failed login attempts detected,Security,test,,not used,,not used,,not used
INC-5117,A_text_rich,High CPU Usage. Processing service consuming excessive CPU,Performance,train,,not used,,not used,,not used
INC-5118,A_text_rich,Database Timeout. Queries timing out during peak usage,Database,test,,not used,,not used,,not used
INC-5119,A_text_rich,Streaming Failure. Video stream stopped responding for live broadcast,Network,train,,not used,,not used,,not used
INC-5120,A_text_rich,Disk Space Alert. Storage exceeded threshold causing upload failures,Storage,train,,not used,,not used,,not used
INC-5121,A_text_rich,Slow Delivery. Media loading slowly due to cache miss,Performance,test,,not used,,not used,,not used
INC-5122,A_text_rich,Encoding Crash. Encoder crashed during media conversion,Application,train,,not used,,not used,,not used
INC-5123,A_text_rich,Unauthorized Access Attempt. Multiple failed login attempts detected,Security,train,,not used,,not used,,not used
INC-5124,A_text_rich,High CPU Usage. Processing service consuming excessive CPU,Performance,train,,not used,,not used,,not used
INC-5125,A_text_rich,Database Timeout. Queries timing out during peak usage,Database,test,,not used,,not used,,not used
INC-5126,A_text_rich,Streaming Failure. Video stream stopped responding for live broadcast,Network,train,,not used,,not used,,not used
INC-5127,A_text_rich,Disk Space Alert. Storage exceeded threshold causing upload failures,Storage,test,,not used,,not used,,not used
INC-5128,A_text_rich,Slow Delivery. Media loading slowly due to cache miss,Performance,train,,not used,,not used,,not used
INC-5129,A_text_rich,Encoding Crash. Encoder crashed during media conversion,Application,train,,not used,,not used,,not used
INC-5130,A_text_rich,Unauthorized Access Attempt. Multiple failed login attempts detected,Security,test,,not used,,not used,,not used
INC-5131,A_text_rich,High CPU Usage. Processing service consuming excessive CPU,Performance,train,,not used,,not used,,not used
INC-5132,A_text_rich,Database Timeout. Queries timing out during peak usage,Database,train,,not used,,not used,,not used
INC-5133,A_text_rich,Streaming Failure. Video stream stopped responding for live broadcast,Network,train,,not used,,not used,,not used
INC-5134,A_text_rich,Disk Space Alert. Storage exceeded threshold causing upload failures,Storage,train,,not used,,not used,,not used
INC-5135,A_text_rich,Slow Delivery. Media loading slowly due to cache miss,Performance,test,,not used,,not used,,not used
INC-5136,A_text_rich,Encoding Crash. Encoder crashed during media conversion,Application,test,,not used,,not used,,not used
INC-5137,A_text_rich,Unauthorized Access Attempt. Multiple failed login attempts detected,Security,test,,not used,,not used,,not used
INC-5138,A_text_rich,High CPU Usage. Processing service consuming excessive CPU,Performance,train,,not used,,not used,,not used
INC-5139,A_text_rich,Database Timeout. Queries timing out during peak usage,Database,test,,not used,,not used,,not used
INC-5140,A_text_rich,Streaming Failure. Video stream stopped responding for live broadcast,Network,test,,not used,,not used,,not used
INC-5141,A_text_rich,Disk Space Alert. Storage exceeded threshold causing upload failures,Storage,train,,not used,,not used,,not used
INC-5142,A_text_rich,Slow Delivery. Media loading slowly due to cache miss,Performance,train,,not used,,not used,,not used
INC-5143,A_text_rich,Encoding Crash. Encoder crashed during media conversion,Application,train,,not used,,not used,,not used
INC-5144,A_text_rich,Unauthorized Access Attempt. Multiple failed login attempts detected,Security,train,,not used,,not used,,not used
INC-5145,A_text_rich,High CPU Usage. Processing service consuming excessive CPU,Performance,train,,not used,,not used,,not used
INC-5146,A_text_rich,Database Timeout. Queries timing out during peak usage,Database,train,,not used,,not used,,not used
INC-5147,A_text_rich,Streaming Failure. Video stream stopped responding for live broadcast,Network,train,,not used,,not used,,not used
INC-5148,A_text_rich,Disk Space Alert. Storage exceeded threshold causing upload failures,Storage,train,,not used,,not used,,not used
INC-5149,A_text_rich,Slow Delivery. Media loading slowly due to cache miss,Performance,train,,not used,,not used,,not used
INC-5150,A_text_rich,Encoding Crash. Encoder crashed during media conversion,Application,test,,not used,,not used,,not used
IM0000012,B_event_log,"Internet Banking Connection Issue. Internet Banking portal displays 'Your connection is not private', affecting some colleagues.",Application,train,4,test,4,test,4,test
IM0000034,B_event_log,Garbage Collection Pauses and Dashboard Freeze. Long garbage-collection pauses and old-gen heap growth observed on WBA000082; risk reporting dashboard freezes.,Application,train,5,train,5,train,5,train
IM0000105,B_event_log,Document Management System Heap Leak. Long garbage collection pauses and freezing observed on WBA000124; old-gen heap keeps growing between restarts.,Application,train,5,train,5,train,5,train
IM0000121,B_event_log,"Account Locking Issue. My account locks every morning, but I enter the correct password. This happens after our recent password change.",Application,train,4,train,4,train,4,train
IM0000146,B_event_log,Workstation Application Not Starting. The application won't open now; it shows a message from our security software.,Application,train,3,train,3,train,3,train
IM0000152,B_event_log,CRM Client-Records System Job Chain Failed. Scheduler alert: job chain for CRM client-records system on WBA000124 ended with return code 8.,Application,train,4,train,4,train,4,train
IM0000157,B_event_log,HR Self-Service Portal Access Denied. I can't access the HR self-service portal today. It says 'access denied'. I could log in yesterday.,Application,train,5,train,5,train,5,train
IM0000180,B_event_log,"Document Management System Error. The document management system keeps showing 'your connection is not private,' and some colleagues are having the same issue.",Application,train,4,train,4,train,4,train
IM0000216,B_event_log,"HR Self-Service Portal Slow Search. When I try to search for customers on the HR self-service portal, it takes longer than usual and sometimes fails.",Application,train,3,test,3,test,3,test
IM0000218,B_event_log,"Slow Database Queries on CRM System. Alert: Average query times over 30 seconds, causing sessions to wait on I/O.",Application,train,4,train,4,train,4,train
IM0000225,B_event_log,HR Self-Service Portal Data Save Errors. Saving data in the HR self-service portal intermittently fails with a generic error; it works again after a few minutes.,Application,train,4,train,4,train,4,train
IM0000237,B_event_log,"High CPU usage on HR self-service portal. One process on SBA000607 was using 98% CPU in a tight loop, starving other services.",Application,test,,not used,,not used,3,train
IM0000256,B_event_log,Loan Origination System Timeouts. The loan origination system times out during the morning when many people try to use it.,Application,test,4,train,4,train,4,train
IM0000274,B_event_log,Account Locking After Password Change. My account locks every morning with the correct password. This happens after changing my password.,Application,test,4,train,4,train,4,test
IM0000293,B_event_log,Mortgage Advisory Application Timeout. Log monitoring alerts timeout errors for mortgage advisory application.,Application,test,4,train,4,train,4,train
IM0000303,B_event_log,HR Self-Service Submit Button Issue. We can't submit our work requests on the new HR self-service portal since it was updated.,Application,train,4,test,4,test,4,test
IM0000346,B_event_log,HR Self-Service Portal Error. My HR self-service portal says 'your connection is not private' since the morning.,Application,test,5,train,5,train,5,train
IM0000349,B_event_log,Risk Reporting Dashboard Submission Lock. Technical observation: The risk reporting dashboard field is locked after submission as per design.,Application,train,4,train,4,train,4,train
IM0000352,B_event_log,"Internet Banking Portal Slowdown. The Internet Banking portal is very slow and frequently hangs, making it hard to use.",Application,test,5,test,5,test,5,train
IM0000371,B_event_log,NullPointerException in risk reporting dashboard. Support engineer observed a Stack trace showing a NullPointerException in the new validation module.,Application,train,4,test,4,test,4,train
IM0000399,B_event_log,Loan Origination Timeout. Log alerts show 'Timeout waiting for idle object' exceptions on SUB000508.,Application,train,4,train,4,train,4,train
IM0000412,B_event_log,Password Lockout Due to Stale Credentials. A scheduled task is locking out the document management system due to outdated credentials.,Application,train,,not used,,not used,3,train
IM0000414,B_event_log,SAP Finance Transaction Error. I tried starting a transaction in SAP Finance but got a runtime error and the transaction stopped.,Application,train,5,train,5,train,5,train
IM0000418,B_event_log,Payments Service TLS Handshake Issue. The payments processing service is showing 'your connection is not private'. This affects our entire team.,Application,train,3,train,3,train,3,test
IM0000427,B_event_log,Invalid SAML Signature - Branch Teller Application. SAML responses for the branch teller application on WBA000124 are rejected due to an invalid signature; the IdP token-signing certificate does not match the configured one.,Application,test,4,train,4,train,4,train
IM0000434,B_event_log,TLS Handshake Failures - Mortgage Advisory. Interface monitor reported TLS handshake failures between WBA000124 and backend since midnight.,Application,train,4,train,4,train,4,train
IM0000440,B_event_log,High Processor Queue Length - SBA000538. Performance alert: high processor queue length detected on SBA000538.,Application,train,,not used,,not used,3,train
IM0000451,B_event_log,High Authentication Failures on Loan Origination System. Authentication failures reached 100% for WBA000124 on loan origination system at 07:30.,Application,train,4,train,4,train,4,train
IM0000460,B_event_log,Account Lockout Every Morning. My account keeps locking even when I enter the right password each day.,Application,test,4,train,4,train,4,train
IM0000468,B_event_log,"High Query Time on CRM System. Automated alert: Average query time on WBA000124 exceeds 30 seconds, causing sessions to wait on I/O.",Application,train,3,train,3,train,3,train
IM0000511,B_event_log,Loan Origination System Display Mismatch. The total amounts shown on the overview page of the loan origination system are not matching those on the detail page.,Application,train,4,train,4,train,5,test
IM0000528,B_event_log,"SAP HR Short Dumps - SYNTAX_ERROR. A short dump (SYNTAX_ERROR) occurred in SAP HR on SAP000003, affecting some colleagues due to an inconsistent transport.",Application,train,4,train,4,train,4,train
IM0000552,B_event_log,"Risk Reporting Dashboard Empty. Today's risk reports on the dashboard are blank, it seems like the required data wasn't loaded.",Application,train,5,test,5,test,5,train
IM0000569,B_event_log,"Document Management System Startup Issue. After a patch reboot, the document management application service on SBA000088 failed to start due to the dependent database service being unavailable.",Application,train,4,train,4,train,4,train
IM0000579,B_event_log,Kerberos SSO Handshake Failure. The mortgage advisory application fails to validate tokens from ADFS during Kerberos/SSO handshakes on SBA000782.,Application,train,3,test,3,test,3,train
IM0000586,B_event_log,Laptop Won't Start After BIOS Update. My laptop won't turn on; it just displays a black screen with a blinking cursor.,Hardware,train,5,train,5,train,5,train
IM0000597,B_event_log,Onboarding Portal Slow Performance. The customer onboarding portal on SBA000834 is very slow since this morning.,Application,train,4,train,4,train,4,train
IM0000601,B_event_log,SAP HR Short Dumps After Transport. Technical observation: Short dumps SYNTAX_ERROR in SAP HR due to a referenced object not being imported during the transport.,Application,train,5,train,5,train,5,train
IM0000603,B_event_log,Workstation Application Not Starting. The application won't open anymore; my security software shows an error message.,Application,train,4,train,4,train,4,train
IM0000606,B_event_log,CRM Client-Records System Slowness. I can't open records quickly in the CRM system. Sometimes the screen stops working and only happens to me.,Application,train,5,train,5,train,5,train
IM0000612,B_event_log,Payments Date Change Issue. I can't change the payment date after I submit it; I think this is a bug.,Application,train,5,train,5,train,5,test
IM0000627,B_event_log,Internet Banking Functionality Issue. Support engineer observed no errors in the logs but users were experiencing an incorrect function usage issue in the Internet Banking portal.,Application,test,4,test,4,test,4,train
IM0000643,B_event_log,Loan Origination System Outdated Data. The loan origination system is showing yesterday's data instead of today's. The overnight update didn't work as expected.,Application,train,4,train,4,train,4,train
IM0000660,B_event_log,"HR Self-Service Portal Timeouts. The HR self-service portal is slow to respond, especially in the morning.",Application,test,5,test,5,test,5,test
IM0000667,B_event_log,Account Locking Issue - DTA000616. Every morning my account locks even when I enter the right password.,Application,train,4,train,4,train,4,train
IM0000673,B_event_log,"Payments Processing Service Broken. The submit button on the payments processing service doesn't work anymore, making it hard to finish tasks.",Application,train,4,train,4,train,4,test
IM0000716,B_event_log,Customer Onboarding Portal Timeout. The customer onboarding portal is slow and sometimes doesn't load properly during busy mornings.,Application,train,4,train,4,train,4,train
IM0000759,B_event_log,SAP Finance Transaction Error. I tried to start a transaction in SAP Finance but got an error message and the transaction stopped.,Application,train,4,train,4,train,4,train
IM0000765,B_event_log,"Empty Document Reports. Today, all reports in the document management system are empty, as if no data was loaded.",Application,train,5,train,5,train,5,train
IM0000777,B_event_log,Internet Banking Data Integrity Issue. Data-quality check on SBA000462 found 312 failing referential integrity records affecting Internet Banking portal.,Application,train,4,test,4,test,4,test
IM0000779,B_event_log,Payments processing service update failed. The payments service didn't update with yesterday's data as usual. The update should have happened overnight.,Application,train,4,train,4,train,4,test
IM0000784,B_event_log,"HR Self-Service Portal Connection Pool Exhaustion. Support engineer observed 'Cannot get a connection, pool exhausted' in DTA000027 application logs during peak business hours.",Application,train,3,train,3,train,3,test
IM0000795,B_event_log,Document Management System Error. The document management system displays 'your connection is not private'. Some colleagues also see this issue.,Application,train,4,train,4,train,4,train
IM0000829,B_event_log,Loan Origination System Timeout. Log monitoring alerts 'Timeout waiting for idle object' exceptions for loan origination system.,Application,train,5,train,5,train,5,train
IM0000843,B_event_log,"Account Lockout Every Morning. My account locks every day, but I enter the right password.",Application,test,5,train,5,train,5,train
IM0000854,B_event_log,Print Queue Blocked - PRN000035. Spooler on the print server hangs due to a corrupted job for PRN000035; the queue is blocked.,Hardware,train,5,train,5,train,5,train
IM0000916,B_event_log,High heap usage & long response times. Monitoring alert: heap usage over 95% and response time over 8s for Internet Banking portal.,Application,train,4,train,4,train,4,train
IM0000917,B_event_log,Workstation Application Not Starting. My application won't open anymore. A pop-up from my security software says it has been blocked.,Application,train,4,train,4,train,4,train
IM0000946,B_event_log,HR Self-Service Portal Slowdown. The HR self-service portal is slow during the day and freezes when I try to access client records.,Application,train,4,test,4,test,4,train
IM0000955,B_event_log,"Loan Origination System Import Job Error. A nightly import job for SBA000834 failed due to an invalid date format in record 1,204 of the interface file.",Application,test,4,test,4,test,4,test
IM0000959,B_event_log,Internet Banking Data Outdated. Today's banking data on the Internet Banking portal shows yesterday's information; I think the update process didn't work.,Application,train,4,train,4,train,4,train
IM0000965,B_event_log,Document Management System Display Issue. The amounts displayed in the document management system overview are rounded differently from those in the detail screen.,Application,train,4,test,4,test,4,train
IM0000995,B_event_log,"Teller App Error During Peak. Branch teller application displays timeout error pages frequently in the morning, especially busy times.",Application,test,5,train,5,train,5,train
IM0001026,B_event_log,HR Self-Service Portal Scheduler Alert. Scheduler alerted: job chain for HR self-service portal on WBA000128 failed with return code 8 after upstream change.,Application,train,4,train,4,train,4,train
IM0001044,B_event_log,Laptop Won't Start - Black Screen. My laptop won't turn on and just shows a black screen with a blinking cursor.,Hardware,train,5,train,5,train,5,train
IM0001062,B_event_log,LAP000675 Laptop Won't Boot Post-BIOS Update. My laptop won't turn on and just displays a black screen with a blinking cursor after updating the BIOS.,Hardware,train,5,train,5,train,5,train
IM0001066,B_event_log,Cannot Save New Mortgage Records. We can't add new mortgage information to the system; it tells us there's a problem with the database.,Database,train,,not used,,not used,4,train
IM0001071,B_event_log,Cannot Save New Customer Records. We can't add new customers to our system; it shows there's a problem with saving data.,Database,train,3,train,3,train,4,test
IM0001131,B_event_log,Slow Risk Reporting Dashboard. The dashboard on SBA000607 takes too long to load since morning.,Application,train,5,test,5,test,5,test
IM0001133,B_event_log,Slow Branch Teller Application. The branch teller app is very slow since this morning.,Application,train,4,test,4,test,4,train
IM0001167,B_event_log,Scheduled Task Lockout Source Issue. A scheduled task using an outdated password is causing lockouts on the risk reporting dashboard.,Application,train,4,train,4,train,4,test
IM0001170,B_event_log,Customer Onboarding Portal Timeout Errors. Error rate for WBA000145: 15% of customer onboarding portal requests fail with timeout errors during peak hours.,Application,train,4,test,4,test,4,train
IM0001177,B_event_log,Heap Usage & Response Time Issues. Alert on SBA000172: heap usage at 95% and response times over 8s for customer onboarding portal.,Application,train,3,train,3,train,3,train
IM0001190,B_event_log,CRM Client-Records System Error. My CRM system keeps showing an error page after a while in the morning.,Application,test,5,train,5,train,5,train
IM0001197,B_event_log,Slow HR Self-Service Portal. My access to the HR self-service portal has been very slow since this morning.,Application,test,5,train,5,train,5,train
IM0001199,B_event_log,SSO issue with mortgage advisory app. Users can't log into the mortgage advisory application; redirected back to login page.,Application,train,4,train,4,train,4,test
IM0001205,B_event_log,Customer Onboarding Portal Timeout. Log monitoring reports 'Timeout waiting for idle object' exceptions for the customer onboarding portal.,Application,train,5,train,5,train,5,train
IM0001216,B_event_log,"Risk Reporting Dashboard Slow. When searching for customers on the risk reporting dashboard, it takes longer than usual and sometimes fails.",Application,train,4,test,4,test,4,train
IM0001219,B_event_log,Branch Cash Service Device Failure. Automated monitoring alerts device CBD000410 is out of service due to a card reader fault after firmware update.,Hardware,train,3,test,3,test,3,train
IM0001247,B_event_log,Internet Banking Portal Service Down. Automated alert: Application service stopped due to maintenance.,Application,test,4,train,4,train,4,train
IM0001271,B_event_log,Cash devices out of service. Customers can't use the cash machines because of errors and they're not working properly.,Hardware,train,3,train,3,train,3,train
IM0001294,B_event_log,Branch Teller Application Slow. The branch teller app on server SBA000172 is very slow since this morning.,Application,test,3,train,3,train,3,test
IM0001306,B_event_log,Print overview error after update. We can't print the branch overview anymore; it used to work last week.,Application,train,4,train,4,train,4,train
IM0001319,B_event_log,Customer Onboarding Portal Data Issue. Data quality check found 312 records failing referential integrity in the customer onboarding portal.,Application,train,4,train,4,train,4,test
IM0001333,B_event_log,Document Management System Unavailable. The document management system stopped working on Monday morning.,Application,test,4,test,4,test,4,test
IM0001340,B_event_log,CRM Kerberos Handshake Failure. The CRM client-records system's Kerberos/SSO handshake fails on configuration item SBA000659 due to an expired token-signing certificate.,Application,train,4,test,4,train,4,train
IM0001342,B_event_log,HR Self-Service Portal Kerberos Handshake Failure. Kerberos/SSO handshake for the HR self-service portal failed on configuration item CBA000014 due to an expired token-signing certificate.,Application,train,4,train,4,train,4,train
IM0001347,B_event_log,Onboarding Portal TLS Handshake Failure. Interface monitor reports TLS handshake failures on customer onboarding portal since 00:00.,Application,train,5,train,5,train,5,test
IM0001362,B_event_log,Self-service Terminal Error After Firmware Update. Customers are seeing an error message and the cash device stops working. This happened after updating the device's software.,Hardware,test,3,train,3,train,3,test
IM0001404,B_event_log,Missing Approval Button in Payments Service. I can't see where to approve a payment request in the payments processing service. The button is gone.,Application,train,3,test,3,train,3,test
IM0001433,B_event_log,Loan Origination System Data Integrity Issue. Data quality check on SUB000479 found 312 failing referential integrity records.,Application,test,4,train,4,train,4,test
IM0001457,B_event_log,HR Self-Service Printing Error. We can't print the overview anymore on the HR self-service portal since the update. It worked last week.,Application,test,5,test,5,test,5,train
IM0001473,B_event_log,"Account Lockout Issue. My account locks every morning, but I enter the right password. My coworkers also have this issue.",Application,train,4,test,4,test,4,train
IM0001493,B_event_log,TLS Handshake Failures. Interface monitor alerts of TLS handshake failures between WBA000009 and backend since 00:00.,Application,train,5,train,5,train,5,train
IM0001502,B_event_log,"Customer Onboarding Portal Error. The customer onboarding portal intermittently shows an 'Request Timed Out' error, especially in the mornings.",Application,train,5,train,5,train,5,train
IM0001512,B_event_log,Scheduled Task Lockout Due to Stale Credentials. A scheduled task locks accounts because it uses an old password after a recent change.,Application,train,4,train,4,train,4,test
IM0001519,B_event_log,Document Management System Timeouts. The document management system is slow and sometimes doesn't load reports when many people try to access it at the same time.,Application,train,3,test,3,test,3,train
IM0001553,B_event_log,"Document Management System Slowdown. The document management system is very slow and hangs often, affecting some colleagues.",Application,train,4,test,4,test,4,train
IM0001569,B_event_log,Slow AWR Report Execution Plan. A full table scan was observed on the transactions table during peak usage in the branch teller application.,Application,train,4,train,4,train,4,train
IM0001573,B_event_log,"Data Center LAN Interface Errors. Interface errors increasing, 5% packet loss to branch.",Network,train,3,test,3,test,3,train
IM0001575,B_event_log,"Mortgage Advisory Application Sluggishness. When trying to open records, the application slows down and freezes. Restarting helps but the problem returns.",Application,train,4,train,4,train,4,test
IM0001599,B_event_log,CRM Client-Records System Unavailable. The CRM client-records system stopped working on Monday morning after the monthly patch.,Application,train,5,train,5,train,5,train
IM0001605,B_event_log,Kerberos handshake failure on risk reporting dashboard. The Kerberos/SSO handshake for the risk reporting dashboard on SBA000173 fails due to expired token-signing certificate or stale directory sync.,Application,test,3,train,3,train,3,train
IM0001616,B_event_log,"BIOS Update Caused SSD Failure. The SSD on LAP000719 reported SMART failure after a BIOS update, preventing the OS from loading.",Hardware,train,4,train,4,train,4,train
IM0001625,B_event_log,Branch Teller App Unavailable. The branch teller application isn't working since Monday morning.,Application,train,4,train,4,train,4,test
IM0001650,B_event_log,"Payments Service Address Mismatch. Addresses for some client accounts are incorrectly listed as old addresses, causing letters to go to the wrong places.",Application,test,5,train,5,train,5,train
IM0001674,B_event_log,Customer Onboarding Portal Unavailable. The customer onboarding portal is not accessible since Monday morning. It seems that some colleagues are experiencing the same issue.,Application,test,4,test,4,test,4,train
IM0001689,B_event_log,Customer Onboarding Portal Unavailable. The customer onboarding portal is not working since the server reboot last night.,Application,train,4,train,4,train,4,train
IM0001699,B_event_log,"SSD SMART Failure - LAP001630. The SSD on workstation LAP001630 has reported SMART failure, preventing the operating system from loading.",Hardware,train,5,train,5,train,5,train
IM0001704,B_event_log,Submit button not working post-update. We can't press the submit button anymore and have to restart the application to get it working.,Application,test,4,train,4,train,5,train
IM0001705,B_event_log,HR Self-Service Portal Unavailable. The HR self-service portal stopped working due to maintenance.,Infrastructure,train,4,test,4,test,4,test
IM0001712,B_event_log,Document Management System Job Chain Aborted. Scheduler alert: job chain for document management system on SBA000172 ended with return code 8.,Application,train,4,test,4,test,4,test
IM0001719,B_event_log,"Duplicate Contracts in Mortgage Advisory. The mortgage advisory application shows multiple contracts for some customers, affecting our work.",Application,train,4,test,4,test,4,test
IM0001729,B_event_log,"Database Storage Multipath Alert. Alert: 2 out of 4 paths down on DCE000077, I/O latency 180 ms.",Infrastructure,train,3,train,3,train,3,train
IM0001734,B_event_log,Self-service Terminal Offline. Automated alert: CBD000429 self-service terminal reported 'card reader fault' and is unavailable.,Hardware,train,2,train,2,train,2,train
IM0001744,B_event_log,Risk Reporting Dashboard Sluggishness. Opening risk records takes too long and sometimes the screen stops working. Restarting fixes it temporarily.,Application,test,4,train,4,train,4,train
IM0001752,B_event_log,Teller Application Down. Branch teller application stopped working after monthly patch maintenance.,Application,train,4,train,4,train,4,train
IM0001759,B_event_log,SSO Broken on Document Management System. I can't log into the document management system anymore. It keeps sending me back to the login page.,Application,train,5,test,5,test,5,train
IM0001766,B_event_log,Internet Banking Data Integrity Issue. Data check on SBA000782 found 312 failing referential integrity records for Internet Banking.,Application,train,3,train,3,train,3,train
IM0001771,B_event_log,Teller Application Timeouts. The branch teller application times out when many customers try to access it in the morning.,Application,train,4,train,4,train,4,train
IM0001783,B_event_log,Missing Approve Button. I can't see the button to approve a request in the customer onboarding portal.,Application,test,4,train,4,train,4,test
IM0001784,B_event_log,Loan Origination System Slowdown. The loan origination system is slow and freezes when trying to access client records. Restarting it helps temporarily.,Application,train,5,train,5,train,5,test
IM0001799,B_event_log,Document Management System Synthetic Transaction Failure. Automated alert: Document management system synthetic transaction fails at step 3 due to latest deployment.,Application,train,5,train,5,train,5,train
IM0001835,B_event_log,Payments Processing Synthetic Transaction Failure. Automated alert: Payments processing service synthetic transaction fails at step 3 post deployment.,Application,test,4,train,4,train,4,train
IM0001854,B_event_log,CRM Client-Records System Failure. An automated alert indicates a failure in the CRM client-records system's synthetic transaction at step 3 following a weekend release.,Application,train,4,test,4,test,4,test
IM0001888,B_event_log,"Document Management System Login Issues. People can't log into the document management system. When they try, they're brought back to the login screen.",Application,train,4,train,4,train,4,train
IM0001910,B_event_log,Teller Application Approval Button Missing. I can't see how to approve a request on the branch teller app; there's no button.,Application,test,4,train,4,train,4,train
IM0001911,B_event_log,"SSO issue with HR self-service portal. I can't log into the HR self-service portal anymore. After entering my username and password, it just takes me back to the login page.",Application,train,5,train,5,train,5,train
IM0001925,B_event_log,Branch Cash Terminal Card Acceptance Issue. Self-service terminal in the branch won't read any cards after firmware update.,Hardware,train,,not used,,not used,3,train
IM0001930,B_event_log,HR Self-Service Portal Batch Job Failure. A batch job on WBA000082 was aborted due to an input file not being available.,Application,train,4,train,4,train,4,train
IM0001939,B_event_log,Branch Teller App Connection Pool Exhausted. Application logs indicate that the pool of database connections is exhausted due to connections not being returned.,Application,train,,not used,,not used,3,train
IM0001946,B_event_log,VPN Connection Drops. My remote connection keeps breaking every 10 minutes while at home.,Network,train,3,train,3,train,3,train
IM0001949,B_event_log,Branch Teller Application Inconsistent Rounding. The amounts shown in the overview section of the branch teller app are rounded differently from those in the detail section.,Application,train,3,train,3,train,3,train
IM0001954,B_event_log,"Payments Submit Button Nonfunctional. The 'submit' button on the payments processing service is not responding, making our work impossible.",Application,train,3,train,3,train,4,train
IM0001986,B_event_log,Loan Origination System Account Locked Out. AD alert: Service account for loan origination system locked out 6 times in one hour.,Application,train,3,train,3,train,3,train
IM0001992,B_event_log,Mortgage Advisory Application Outdated Figures. Today's mortgage figures on the advisory app show yesterday's data; the update didn't happen as expected.,Application,train,3,train,3,train,3,train
IM0001993,B_event_log,"Loan Origination System Error. The loan origination system sometimes shows an error page saying the request timed out, especially in the morning.",Application,train,,not used,,not used,3,train
IM0002008,B_event_log,"Internet Banking Portal Slow. The Internet Banking portal on SBA000172 is very slow, affecting our entire team.",Application,train,3,train,3,train,3,test
IM0002021,B_event_log,Scheduled Task Lockout Due to Stale Credentials. A scheduled task on DTA000591 was using an old password after a recent change.,Application,test,3,train,3,train,3,test
IM0002036,B_event_log,Risk Reporting Dashboard Slowdown. The risk reporting dashboard is very slow and frequently hangs. This has been happening since the end-of-month high usage.,Application,train,3,train,3,train,3,train
IM0002044,B_event_log,"Submit button issue after new app version. Since updating to the new version of the mortgage advisory application, the submit button doesn't work and we can't complete our tasks.",Application,test,3,train,3,train,3,train
IM0002051,B_event_log,Missing Approval Button. I can't see where to approve a customer request on the onboarding portal. The approve button appears to be absent.,Application,test,4,train,4,train,4,train
IM0002052,B_event_log,Document Management System Account Locked Out. Alert: Service account locked out 6 times by AD in one hour.,Application,train,4,train,4,train,4,test
IM0002054,B_event_log,High Authentication Failures - Document Management System. Authentication issues spiked to 100% for DTA000016 at 07:30.,Application,train,4,test,4,test,4,test
IM0002089,B_event_log,Customer Onboarding Portal Data Lag. The customer onboarding portal displays outdated figures from yesterday. The overnight update didn't run as expected.,Application,train,3,test,3,test,3,train
IM0002101,B_event_log,CRM Client-Records Search Query Slow. The CRM client-records system search query performs a full table scan due to outdated optimizer statistics.,Application,train,5,train,5,train,5,train
IM0002124,B_event_log,Account Lockout Every Morning. My account locks every day when I enter the right password. My colleagues have the same issue.,Application,train,4,test,4,test,4,train
IM0002142,B_event_log,"High Database Query Times. Database alert: average query time over 30 seconds, affecting one team.",Application,train,3,test,3,test,3,test
IM0002149,B_event_log,"Branch Teller Application Slow Customer Search. When searching for customers in the branch teller app, it takes longer than usual and sometimes fails.",Application,test,4,train,4,train,4,test
IM0002189,B_event_log,Customer Onboarding Portal Slowness. Opening a record in the customer onboarding portal takes minutes and the screen sometimes freezes. Restarting it resolves the issue temporarily.,Application,test,3,train,3,train,3,train
IM0002191,B_event_log,Customer Onboarding Portal Degradation. Transactions slow down then stop working after every restart.,Application,train,5,test,5,test,5,train
IM0002194,B_event_log,CRM Client-Records System TLS Handshake Failures. Monitoring alerted of intermittent TLS handshake failures on CRM Client-Records System interface since midnight.,Application,train,4,train,4,train,4,train
IM0002201,B_event_log,Application Service Not Starting After Patch Reboot. The customer onboarding portal application service on SBA000805 failed to start after a patch reboot due to the database service being unavailable.,Application,train,3,train,3,train,3,test
IM0002217,B_event_log,"Risk Reporting Dashboard Import Job Failure. Technical observation: Import job for the risk reporting dashboard failed on record 1,204 of the interface file due to an invalid date format.",Application,train,4,train,4,train,4,test
IM0002223,B_event_log,Kerberos/SSO Handshake Failure. Mortgage advisory application fails Kerberos/SSO validation on configuration item WBA000011.,Application,train,5,train,5,train,5,train
IM0002248,B_event_log,Internet Banking Interface Missing File. A batch job on WBA000133 was aborted due to an 'input file not found'. The interface file from the upstream system was missing or malformed.,Application,test,4,test,4,test,4,test
IM0002270,B_event_log,"Account Locks Every Morning. My mortgage account locks automatically each morning, even when I enter the right password.",Application,test,5,train,5,train,5,train
IM0002276,B_event_log,Internet Banking Slowdown. The Internet Banking portal is very slow today.,Application,train,4,test,4,test,4,train
IM0002277,B_event_log,Workstation Applications Not Starting. My work application won't open anymore; I got a message from the security software.,Application,train,4,train,4,train,4,test
IM0002279,B_event_log,Teller App Database Query Slowdown. Branch teller app database query times over 30 seconds causing wait times.,Application,train,4,test,4,test,4,train
IM0002311,B_event_log,Customer Onboarding Portal Service Account Locked Out. AD alert: Service account for customer onboarding portal locked out 6 times in 1 hour.,Application,train,3,train,3,train,4,train
IM0002351,B_event_log,Document Management System Job Failed. Scheduler alert: Document management system job chain ended with return code 8 at 02:14.,Application,train,4,train,4,train,4,test
IM0002374,B_event_log,"Internet Banking Error Page Timeout. Internet Banking portal shows 'Request Timed Out' error page, especially in morning.",Application,train,2,train,2,train,2,train
IM0002380,B_event_log,Mortgage Advisory Application Slows Down. The mortgage advisory application is getting slower during the day and sometimes freezes when trying to open client records.,Application,train,4,train,4,train,4,train
IM0002381,B_event_log,"Internet Banking Slow Performance. The Internet Banking site on server SBA000079 is loading very slowly, making it hard to use.",Application,train,,not used,,not used,3,test
IM0002384,B_event_log,Slow database access. All systems that use the data on WSR001438 are very slow.,Infrastructure,train,4,train,4,train,4,train
IM0002463,B_event_log,"Database Connection Pool Exhaustion. Active DB connections from SBA000782 reached maximum; requests queued up, causing timeouts in payments processing service.",Application,train,3,test,3,test,3,train
IM0002484,B_event_log,Mortgage Advisory Application Authentication Failures. Authentication failures spiked to 100% on SBA000026 mortgage advisory application since morning.,Application,train,4,train,4,train,4,train
IM0002502,B_event_log,"Loan Origination System Database Slowdown. Database alert: Average query times over 30 seconds, sessions waiting on I/O.",Application,test,4,train,4,train,4,test
IM0002543,B_event_log,CRM Client-Records intermittent saving failure. Saving client records in the CRM system fails sometimes with a generic error; it works again after a while.,Application,train,5,train,5,train,5,train
IM0002546,B_event_log,Document Management System Hang. Thread dumps show blocked threads in garbage collection; memory usage increases without bounds causing the document management system to hang.,Application,train,4,train,4,train,4,test
IM0002556,B_event_log,Payments Service Submit Button Issue. The 'submit' button on the payments page doesn't work after the new version was released.,Application,train,4,test,4,test,5,test
IM0002557,B_event_log,"Loan Origination System 'Submit' Button Issue. The 'submit' button on the loan origination system doesn't work anymore, making our job difficult.",Application,test,3,train,3,train,3,train
IM0002563,B_event_log,Branch Teller Application Printing Issue. We can't print the overview anymore after the application update. This used to work last week.,Application,train,4,test,4,test,5,test
IM0002603,B_event_log,"High CPU usage on SBA000659. A process on SBA000659 is using 98% CPU in a tight loop, starving other services.",Application,train,4,train,4,train,4,train
IM0002630,B_event_log,Account Lockout After Password Change. My account keeps locking even with the right password since they changed it.,Application,train,4,test,4,test,4,test
IM0002634,B_event_log,Internet Banking Portal Timeouts. I can't access the Internet Banking portal properly during the busy morning hours.,Application,test,5,train,5,train,5,train
IM0002646,B_event_log,Risk Reporting Dashboard Unavailable. The risk reporting dashboard is unavailable as the automated monitoring detected that the SBA000811 service application has stopped due to the maintenance window.,Application,train,5,train,5,train,5,train
IM0002653,B_event_log,Branch Cash Terminal Card Acceptance Issue. The ATM at our branch won't read any cards.,Hardware,train,4,test,4,test,4,train
IM0002654,B_event_log,Application Not Starting in Production. My work application won't open anymore. A pop-up from my security software says it can't run.,Application,train,5,test,5,test,5,train
IM0002714,B_event_log,"Document Management System Error. The document management system displays 'Your connection is not private,' impacting my access.",Application,train,5,test,5,test,5,train
IM0002726,B_event_log,"HR Self-Service Portal Empty. Today, reports in the HR self-service portal are missing. It seems like the data wasn't loaded.",Application,train,5,train,5,train,5,train
IM0002758,B_event_log,Account Lockout Due to Stale Credentials. Support engineer observed that a scheduled task on DTA000057 still uses an old password despite a recent change.,Application,train,5,train,5,train,5,train
IM0002780,B_event_log,"Internet Banking Batch Job Failure. A batch job on WBA000060 was aborted due to an input file not being available before the cut-off, affecting some colleagues.",Application,test,4,test,4,test,4,test
IM0002791,B_event_log,"Mortgage Advisory Application Slowdown. The mortgage advisory application is extremely slow and freezes frequently, impacting our work.",Application,train,3,test,3,test,3,train
IM0002816,B_event_log,"High CPU Usage on Mortgage Advisory Application. One process on SBA000805 is using 98% CPU in a tight loop, causing other services to be starved.",Application,train,3,test,3,train,3,train
IM0002821,B_event_log,"Slow CRM Client-Records System. My CRM client-records system is very slow now, taking too long to load.",Application,test,4,test,4,test,4,train
IM0002822,B_event_log,Internet Banking Portal Synthetic Transaction Failure. Synthetic transaction failed at step 3 for Internet Banking portal due to latest deployment.,Application,test,4,train,4,train,4,train
IM0002830,B_event_log,Customer Onboarding Portal Data Saving Error. Saving customer data in the onboarding portal doesn't work sometimes and then it starts working again after some time.,Application,train,4,test,4,test,4,test
IM0002845,B_event_log,"Mortgage Advisory Application Outage. Heap usage on SUB000456 is at 95% and response times exceed 8 seconds, impacting a small user group.",Application,train,4,train,4,train,4,train
IM0002846,B_event_log,"Mortgage Advisory Application Timeout Errors. The mortgage advisory application shows an error page saying the request timed out, especially in the morning.",Application,train,3,train,3,train,3,test
IM0002850,B_event_log,Loan Origination System Issue. The submit button on the loan origination system doesn't work since the new version was installed.,Application,train,,not used,,not used,3,test
IM0002902,B_event_log,"Account Lockout from Stale Credentials. A scheduled task on DTA000616 still uses the old password despite a recent change, causing account lockouts.",Application,train,3,train,3,train,3,train
IM0002978,B_event_log,"Customer search timeout issue. When trying to find customers on the portal, it frequently takes longer than expected and sometimes doesn't work at all.",Application,train,4,train,4,train,4,train
IM0002984,B_event_log,Workstation Application Not Starting. My work application won't open any more. A security message says it's been blocked.,Application,test,4,train,4,train,4,train
IM0002988,B_event_log,"Payments Service Empty Data. Today, reports in the payments processing service are empty. It looks like the data wasn't loaded.",Application,train,5,train,5,train,5,train
IM0003003,B_event_log,"DB Connection Pool Issue. Active DB connections from WBA000060 were stuck at the pool maximum, causing timeouts on the risk reporting dashboard.",Application,train,4,train,4,train,4,train
IM0003036,B_event_log,Virtual Workplace Hangs. My virtual workplace won't log on. It gets stuck on the welcome screen after my profile grew too large.,Application,test,3,train,3,train,3,test
IM0003045,B_event_log,"Cash Device Error After Firmware Update. Customers can't use the self-service terminals and are getting errors, which makes transactions difficult.",Hardware,train,2,train,2,train,2,train
IM0003046,B_event_log,Workstation application not starting. My work application won't open; my security software shows an error.,Application,test,4,test,4,test,4,test
IM0003076,B_event_log,Incorrect Function Usage in Onboarding Portal. No errors found in SUB000456 logs; user incorrectly accessed 'approve' button.,Application,test,4,train,4,train,4,train
IM0003081,B_event_log,"Document Management System Patch Installation Failure. Patch installation on SBA000659 server failed at 'configuring updates', causing the server to hang.",Application,train,4,test,4,test,4,test
IM0003086,B_event_log,"DB Connection Pool Exhaustion - Internet Banking. Support engineer observed active DB connections from WBA000133 stuck at the pool maximum during peak business hours, causing timeouts on the Internet Banking portal.",Application,train,4,train,4,train,4,train
IM0003092,B_event_log,"Risk Reporting Dashboard Connection Pool Exhaustion. Technical observation shows 'Cannot get a connection, pool exhausted' in application logs on SBA000295; all connections are in use and new requests time out.",Application,train,3,train,3,train,3,train
IM0003095,B_event_log,"Loan Origination System Empty Reports. Today, reports in the loan origination system are blank. It seems like the data wasn't loaded.",Application,test,5,train,5,train,5,train
IM0003160,B_event_log,"DB Connection Pool Exhaustion. Support engineer observed active DB connections from DTA000614 stuck at pool maximum, causing document management system timeouts.",Application,train,4,test,4,train,4,test
IM0003166,B_event_log,"Internet Banking Account Lockout. My account locks every morning, but I enter the right password. Other users have similar issues.",Application,train,4,train,4,train,4,train
IM0003172,B_event_log,Print Server Spooler Hang. Spooler on print server hangs due to corrupted job for PRN000140; queue is blocked.,Hardware,test,4,test,4,test,4,test
IM0003195,B_event_log,AWR Report Execution Plan Issue. The AWR report on SUB000523 shows a full table scan on the transactions table after a large data load. The execution plan changed but still resulted in performance issues.,Application,train,4,train,4,train,4,train
IM0003229,B_event_log,SAP Procurement Transaction Error. I can't start the transaction in SAP procurement. It shows a runtime error and stops.,Application,train,,not used,,not used,3,train
IM0003250,B_event_log,CRM Client-Records System Scheduler Alert. Automated alert: Job chain for CRM client-records system on SBA000227 ended with return code 8 at 02:14.,Application,train,5,train,5,train,5,test
IM0003255,B_event_log,"Branch Teller Export Empty. When trying to export data, the file comes out blank. Some of my colleagues are having this issue too.",Application,train,4,test,4,test,4,test
IM0003259,B_event_log,"Branch Teller Application Error. The branch teller application frequently displays an error message saying the request timed out, especially during peak business hours.",Application,train,4,train,4,train,4,train
IM0003294,B_event_log,"Loan Origination System Function Misuse. The loan origination system shows no error logs but indicates incorrect usage, affecting some colleagues.",Application,train,4,train,4,train,4,train
IM0003296,B_event_log,SYNTAX_ERROR in SAP Finance. Support engineer observed short dumps SYNTAX_ERROR in SAP Finance on SAP000003 due to an unimported object referenced by the transported program.,Application,train,5,train,5,train,5,train
IM0003316,B_event_log,"Payments Processing Service Connection Pool Exhaustion. Support engineer observed active DB connections from CBA000014 stuck at the pool maximum, causing requests to timeout.",Application,test,4,train,4,train,4,train
IM0003336,B_event_log,"Empty Reports in Branch Teller App. Today, reports in the branch teller application are blank. It seems like the data wasn't loaded.",Application,train,5,train,5,train,5,train
IM0003343,B_event_log,HR Self-Service Portal Address Errors. The client addresses listed on the HR self-service portal are outdated for several customers; current information should be used instead.,Application,train,4,test,4,test,4,train
IM0003347,B_event_log,Self-service Terminal Error. Customers are unable to use the cash device and it stops working.,Hardware,test,2,train,2,train,2,train
IM0003386,B_event_log,Payments Processing Service Error. Technical observation indicates a NullPointerException in the new validation module after the weekend release.,Application,train,5,train,5,train,5,train
IM0003390,B_event_log,"Network Dropouts in Data Center LAN. Our branch's network keeps dropping for a few seconds, making applications disconnect.",Network,train,3,test,3,test,3,train
IM0003391,B_event_log,"CRM Submit Button Not Working. The 'submit' button on the CRM client-records system stopped working after the new version was installed, preventing us from completing our tasks.",Application,train,4,train,4,train,4,train
IM0003401,B_event_log,Document Management System High Usage. Heap usage at 95% and high response times (over 8 seconds) detected on WBA000011.,Application,train,5,train,5,train,5,test
IM0003439,B_event_log,CRM Client-Records System Print Error. We can't print the overview anymore since the update. It used to work last week.,Application,train,4,train,4,train,4,train
IM0003469,B_event_log,"Payments Processing Overview Rounding Issue. In the payments processing overview, amounts are shown rounded differently than in the detail screen.",Application,test,4,test,4,test,4,test
IM0003527,B_event_log,Mortgage Advisory Application Error Rate. Alert: 15% of mortgage advisory application requests time out during peak hours.,Application,train,4,train,4,train,4,train
IM0003541,B_event_log,Payments Processing Service Account Lockout. Alert: Payments processing service service account locked out six times in one hour after password change.,Application,test,5,train,5,train,5,train
IM0003546,B_event_log,Branch Teller Application Slow Queries. Top SQL on WBA000144 is a full scan search query due to 3-week-old optimizer statistics.,Application,train,4,train,4,train,4,train
IM0003564,B_event_log,Site-to-site VPN Connectivity Issue. Remote colleagues can't access the office network. Our team is impacted.,Network,test,3,test,3,test,3,test
IM0003568,B_event_log,"Branch Network Drops. Our branch's internet connection often stops working for a couple of seconds, and some apps stop working.",Network,test,3,train,3,train,3,train
IM0003582,B_event_log,Site-to-Site VPN IKE Phase 2 Renegotiation Failure. The IKE phase 2 negotiation failed on CNT000045 due to a proposal mismatch caused by the peer changing encryption settings.,Network,train,3,test,3,test,3,test
IM0003588,B_event_log,CRM Client-Records System Data Quality Issue. Data-quality check found 312 records failing referential integrity in the CRM client-records system.,Application,train,3,train,3,train,3,train
IM0003589,B_event_log,Account Locking Issue. Every morning my HR self-service account locks because of the wrong password.,Application,train,5,train,5,train,5,train
IM0003600,B_event_log,Branch Printer Non-Functioning. The printer at the branch does not print anything; all documents remain in the queue.,Hardware,train,4,train,4,train,4,train
IM0003627,B_event_log,Customer Onboarding Portal Unavailable. The customer onboarding portal is not working since Monday morning and our team cannot access it.,Infrastructure,train,3,train,3,train,3,test
IM0003631,B_event_log,Mortgage Advisory Application Save Error. We can't add new mortgages to the system because it tells us there's a problem with the database.,Database,train,4,train,4,train,4,train
IM0003680,B_event_log,Mortgage Advisory Application Unavailable. The mortgage advisory application is not working since last night's server reboot.,Application,train,3,train,3,train,3,test
IM0003733,B_event_log,"Document Management System Issue. Since this morning, the document management system keeps showing 'Your connection is not private'.",Application,train,,not used,,not used,3,test
IM0003776,B_event_log,Payment Address Mismatch. Client addresses in payments service are incorrect for some customers; letters are being sent to old addresses.,Application,train,4,train,4,train,4,train
IM0003792,B_event_log,Risk Reporting Dashboard Submit Button Not Working. I can't submit reports anymore since the new dashboard update. Now the 'submit' button doesn't do anything.,Application,train,5,test,5,test,5,train
IM0003795,B_event_log,Risk Reporting Dashboard SSL Issue. Support engineer observed 'PKIX path validation failed: certificate expired' logs when accessing the risk reporting dashboard backend.,Application,train,4,train,4,train,4,train
IM0003798,B_event_log,Risk Reporting Dashboard Service Account Locked Out. AD alert: service account for the risk reporting dashboard locked out 6 times in 1 hour after the password change.,Application,test,4,train,4,train,4,train
IM0003840,B_event_log,CRM Client-Records System Timeout. The CRM client-records system times out during peak morning hours.,Application,test,4,test,4,test,4,test
IM0003844,B_event_log,"Branch Teller Application Certificate Issue. Support engineer observed 'PKIX path validation failed: certificate expired' when logging into SUB000456, affecting branch teller application.",Application,train,4,train,4,train,4,train
IM0003846,B_event_log,Slow Application Data Volume. The application that relies on data stored on LSR000160 is performing very slowly.,Infrastructure,train,5,train,5,test,5,test
IM0003867,B_event_log,"Customer Onboarding Portal Empty Data. The reports on the customer onboarding portal are not showing any data today, as the upstream system change caused the export files to be missed.",Application,train,5,train,5,train,5,train
IM0003873,B_event_log,Self-service terminal card acceptance issue. The self-service terminal at our branch isn't accepting any cards.,Hardware,train,4,train,4,train,4,train
IM0003874,B_event_log,Payments Processing Service Synthetic Transaction Issue. Synthetic transaction fails at step 3 for payments processing service on configuration item SBA000698.,Application,train,4,train,4,train,4,train
IM0003879,B_event_log,Payments Service Date Change Issue. I can't update the payment date once I submit it. This might be a mistake in how the service works.,Application,train,4,train,4,train,4,train
IM0003894,B_event_log,Mortgage Advisory Application Timeout. Log monitoring alerts timeout exceptions for mortgage advisory application.,Application,train,4,train,4,train,4,train
IM0003898,B_event_log,"LAP000024 SSD SMART Failure. Support engineer diagnosed SMART failure on LAP000024 SSD, preventing OS load.",Hardware,train,5,test,5,test,5,train
IM0003906,B_event_log,Branch Teller Application SSL Issue. The branch teller app keeps showing 'Your connection is not private'. My colleagues are having the same issue.,Application,test,4,train,4,train,5,test
IM0003914,B_event_log,Scheduled Task Stale Credentials. A scheduled task on SBA000462 still uses an old password after it was changed.,Application,train,4,test,4,test,4,train
IM0003928,B_event_log,TLS Handshake Failures Post-Certificate Expiry. Interface monitor reported TLS handshake failures on SBA000607 since midnight.,Application,train,5,train,5,train,5,train
IM0003991,B_event_log,CRM Client-Records System Connection Issue. The CRM client-records system displays 'your connection is not private' since this morning.,Application,train,5,test,5,test,5,test
IM0004007,B_event_log,"Document Search Timeout. When searching for customers in the document management system, it takes more than a minute and sometimes fails.",Application,test,4,test,4,test,4,test
IM0004027,B_event_log,"Loan Origination System Connection Pool Exhausted. Technical observation shows application logs indicate 'Cannot get a connection, pool exhausted' due to all connections being in use.",Application,train,4,train,4,train,4,test
IM0004049,B_event_log,"CRM Client-Records System Timeouts. The CRM client-records system takes too long to load during busy times, causing delays for some colleagues.",Application,train,4,train,4,train,4,train
IM0004064,B_event_log,Customer Onboarding Portal Login Issue. I can't log into the customer onboarding portal; it keeps asking me for my login again.,Application,train,4,train,4,train,4,train
IM0004068,B_event_log,Risk Reporting Dashboard Outdated. The risk reporting dashboard shows yesterday's data instead of today's. Other users also have this issue.,Application,test,4,test,4,test,4,train
IM0004151,B_event_log,CRM Authentication Failures. Authentication issues spiked to 100% for CRM client-records system.,Application,train,4,train,4,train,4,test
IM0004156,B_event_log,Loan Origination System Error Rate. Loan origination system error rate increased to 15% during peak hours due to timeout errors.,Application,train,4,train,4,train,4,train
IM0004170,B_event_log,"Account Lockout After Password Change. My account locks every morning after the password change, even with the right password.",Application,train,4,train,4,train,4,train
IM0004173,B_event_log,"Document Management System Empty Reports. Today, reports in the document management system show no data, which seems to be due to the upstream system changing how it exports.",Application,test,4,train,4,train,4,train
IM0004189,B_event_log,Customer Onboarding Portal Slow Search. Top SQL on WBA000011 causing the customer onboarding portal search query to do a full scan due to 3-week-old optimizer statistics.,Application,train,5,train,5,train,5,train
IM0004200,B_event_log,NullPointerException in Validation Module. A NullPointerException was observed in the new validation module of the payments processing service after the weekend release.,Application,test,4,train,4,train,4,train
IM0004234,B_event_log,Loan Origination System Service Account Locked. Alert: Service account for loan origination system locked 6 times in 1 hour after password change.,Application,train,4,test,4,test,4,train
IM0004265,B_event_log,CBD000606 Card Reader Fault. Branch cash services device CBD000606 reported card reader failure and went offline.,Hardware,train,4,train,4,train,4,test
IM0004285,B_event_log,Workstation Application Not Starting. My computer won't open the application anymore. It says the security software found something wrong.,Application,train,,not used,,not used,3,train
IM0004307,B_event_log,High Processor Queue Length Alert. Performance alert: processor queue length high on SBA000607.,Application,train,4,test,4,test,4,test
IM0004324,B_event_log,"HR Self-Service Portal Application Service Not Starting. After a monthly patch reboot, the HR self-service portal application service on SBA000834 failed to start due to its database service being unavailable.",Application,train,4,train,4,train,4,test
IM0004398,B_event_log,"Payments 'Submit' Button Not Working. The 'submit' button on the payments processing doesn't work anymore, so we can't finish our tasks.",Application,train,4,train,4,train,4,train
IM0004406,B_event_log,SAP Procurement Posting Error. Posting transactions in SAP procurement stop working with a system dump since morning.,Application,train,5,train,5,train,5,test
IM0004447,B_event_log,"CBD000450 Cash Reader Fault. Branch cash service device CBD000450 reported card reader fault and went offline, blocking customer transactions.",Hardware,train,2,train,2,train,2,train
IM0004452,B_event_log,High Processor Queue Length. Performance alert: processor queue length high on SBA000607.,Application,test,4,train,4,train,4,train
IM0004466,B_event_log,Slow Profile Load Time for SUB000002. The profile load time for the user on SUB000002 takes more than 5 minutes due to a corrupt roaming profile that is 4 GB.,Application,train,4,train,4,train,4,train
IM0004472,B_event_log,Batch Job Aborted - Interface File Missing. Support engineer observed a batch job on WBA000018 aborted due to an input file not arriving before the cut-off.,Application,test,4,train,4,train,4,train
IM0004500,B_event_log,Risk Reporting Dashboard Service Account Lockout. Automated alert: service account for the risk reporting dashboard locked out 6 times in 1 hour.,Application,train,4,train,4,train,4,train
IM0004502,B_event_log,Payments Processing Service Synthetic Transaction Failure. Automated alert: Payments processing synthetic transaction failed at step 3 after new version deployment.,Application,train,5,train,5,train,5,train
IM0004514,B_event_log,User Profile Load Time Issue. A support engineer noticed that a user's profile load time on APP000005 exceeds 5 minutes due to a corrupt 4 GB roaming profile.,Application,test,4,train,4,train,4,train
IM0004542,B_event_log,HR Self-Service Portal Unavailable. The HR self-service portal is not working since Monday morning.,Application,test,3,test,3,test,3,train
IM0004568,B_event_log,Batch Job Failed Due to Missing Interface File. A batch job on configuration item WBA000058 aborted at 02:00 due to an input file not being found from the upstream system.,Application,train,4,test,4,test,4,train
IM0004583,B_event_log,Staging Area Storage Exceeded. Storage threshold exceeded on DCE000126 due to low free space.,Infrastructure,test,5,train,5,train,5,train
IM0004599,B_event_log,Payments Service Submit Button Failure. The submit button on the payments processing service doesn't work anymore since the update.,Application,train,4,train,4,train,4,test
IM0004610,B_event_log,"Site-to-Site VPN IKE Phase 2 Renegotiation Failure. A support engineer observed IKE phase 2 negotiation failures on CNT000035 due to a peer's encryption setting change, affecting our entire team.",Network,train,3,train,3,train,3,train
IM0004635,B_event_log,Document Management System Functionality Issue. No log errors reported on CBA000014; observed incorrect usage led to the issue.,Application,train,5,train,5,train,5,train
IM0004653,B_event_log,Risk Reporting Dashboard Query Slow. The risk reporting dashboard search query performs a full scan due to outdated optimizer statistics.,Application,train,5,train,5,train,5,train
IM0004660,B_event_log,TLS Certificate Expired Issue. Support engineer observed 'PKIX path validation failed: certificate expired' in logs related to SUB000479 during calls to payments processing service.,Application,train,4,train,4,train,4,train
IM0004676,B_event_log,Customer Onboarding Portal Scheduler Job Failed. Automated alert: nightly job chain for customer onboarding portal ended with return code 8.,Application,train,4,train,4,train,4,train
IM0004690,B_event_log,HR Self-Service Portal TLS Failures. The HR self-service portal has been experiencing TLS handshake failures since midnight.,Application,train,4,train,4,train,4,train
IM0004701,B_event_log,"Slow Database Query Times. Average query times on SUB000456 exceeded 30 seconds, causing session delays.",Application,train,4,train,4,train,4,train
IM0004753,B_event_log,"Loan Origination System Slow. Since morning, loan origination system on server SBA000607 has been very slow. Some colleagues also experience this issue.",Application,train,4,test,4,test,4,train
IM0004756,B_event_log,Mortgage Advisory Application Access Issue. I can't open the mortgage advisory application anymore; others are having the same issue.,Application,train,4,train,4,train,4,train
IM0004760,B_event_log,Branch Printer Offline Error. Printing doesn't work and the printer icon says it's offline.,Hardware,test,,not used,,not used,3,train
IM0004788,B_event_log,"Internet Banking Data Saving Failure. Saving data in the Internet Banking portal fails intermittently during peak business hours, then works again after a few minutes.",Application,train,4,train,4,train,4,train
IM0004798,B_event_log,"High CPU Usage on HR Portal. A process on SBA000172 was using 98% CPU in a tight loop, causing other services to be starved.",Application,train,3,test,3,test,3,train
IM0004805,B_event_log,Loan Origination System Hang. Thread dumps show blocked threads in garbage collection; memory usage increases until the loan origination system hangs.,Application,train,5,test,5,test,5,train
IM0004868,B_event_log,Account Locking After Password Change. My account locks automatically each morning after changing my password.,Application,train,3,train,3,train,3,train
IM0004910,B_event_log,Document Management System Failure. An automated alert indicates that synthetic transactions fail for document management system on configuration item WBA000003.,Application,train,4,train,4,train,4,train
IM0004920,B_event_log,"Loan Origination System Access Denied. I can't open the loan origination system today, even though I logged in yesterday.",Application,test,5,test,5,train,5,test
IM0004921,B_event_log,Mortgage Application Save Failure. We can't add new mortgage records; the app shows a database error.,Database,train,,not used,,not used,4,train
IM0004926,B_event_log,VPN Connection Drops. My remote connection keeps disconnecting after 10 minutes while working from home.,Security,train,4,train,4,train,4,train
IM0004932,B_event_log,Duplicate contracts on customer onboarding portal. The customer onboarding portal displays multiple contracts for one customer.,Application,train,4,train,4,train,4,train
IM0004933,B_event_log,Scheduled Task Lockout Source. Support engineer noticed a scheduled task still using an old password after a change.,Application,train,4,test,4,test,4,test
IM0004938,B_event_log,SWT000287 Port Issues. Port on SWT000287 shows late collisions and CRC errors; the device negotiated half duplex.,Network,train,,not used,,not used,3,train
IM0004976,B_event_log,Document Management System Account Locked. Alert: Document management system service account locked out six times in one hour.,Application,train,5,train,5,train,5,train
IM0004987,B_event_log,Payments Processing Service Issue. Yesterday's payment figures are showing today. The overnight update didn't happen.,Application,train,3,test,3,test,3,test
IM0004991,B_event_log,TLS Handshake Failures - Mortgage Advisory Application. Automated alert: TLS handshake failures between DCE000002 and backend since midnight.,Infrastructure,train,3,test,3,test,3,test
IM0005012,B_event_log,Stale Credentials Locking Account. A scheduled task is locking out the CRM client-records system due to an old password.,Application,train,3,test,3,test,3,train
IM0005023,B_event_log,"Mortgage Advisory Application Saving Data Errors. Saving mortgage data fails sometimes in the application, then works after a while.",Application,train,4,test,4,test,4,test
IM0005045,B_event_log,"Branch Network Drops. Our branch network is intermittently disconnecting for a few seconds, disrupting application access.",Network,train,3,train,3,train,3,test
IM0005064,B_event_log,Risk Reporting Dashboard Performance Issue. The risk reporting dashboard is slow during the day and freezes when trying to open client records. Restarting helps temporarily.,Application,train,4,train,4,train,4,train
IM0005228,B_event_log,AWR Report Execution Plan Issue. Support engineer noticed a full table scan on transactions table in SBA000427 AWR report due to an inefficient query plan.,Application,train,4,train,4,train,4,train
IM0005245,B_event_log,"High CPU Usage on SBA000277. A process on SBA000277 was using 98% CPU in a tight loop, causing other services to be starved.",Application,test,4,test,4,test,4,test
IM0005247,B_event_log,Bulk Import Address Data Overwrite. A bulk import overwrote address fields with values from the wrong column for some customers.,Application,train,5,test,5,test,5,train
IM0005288,B_event_log,"Risk Reporting Dashboard Empty. Today, all reports on the risk reporting dashboard are missing data, as if no new data has been loaded.",Application,train,4,train,4,train,4,train
IM0005300,B_event_log,Workstation Application Not Starting. My workstation application won't open anymore. A security message says it got blocked by my antivirus.,Application,train,4,train,4,train,4,train
IM0005318,B_event_log,"Access Denied to Document Management System. I can't open the document management system today. Yesterday, I could log in. Some colleagues have the same issue.",Application,train,4,test,4,test,4,test
IM0005350,B_event_log,High CPU usage on CRM system. Alert: CRM client-records system showing high heap usage and long response times.,Application,train,4,train,4,train,4,train
IM0005377,B_event_log,CRM Client-Records System Error Rate. Automated alert: 15% of requests to CRM system fail with timeout errors during peak hours.,Application,train,,not used,,not used,3,train
IM0005384,B_event_log,"CRMServer: Slow Query Response. Alert: Average query time on CRM database exceeds 30 seconds, causing one user delay.",Application,train,5,train,5,train,5,train
IM0005387,B_event_log,"Account Locking Issue. I can't access my account in the CRM client-records system every morning, even when I enter the right password.",Application,test,4,train,4,train,4,train
IM0005391,B_event_log,Calendar Service Unavailable. I can't send emails anymore. They just stay in my outbox.,Application,train,3,train,3,train,3,train
IM0005415,B_event_log,Document Management System Timeout. The document management system times out when trying to access reports during the morning rush.,Application,train,4,train,4,train,4,train
IM0005437,B_event_log,Loan Origination System Full Scan. Top SQL on SBA000659 is performing a full table scan due to outdated optimizer statistics.,Application,train,4,test,4,test,4,test
IM0005451,B_event_log,HR Self-Service Portal Unavailable. HR self-service portal stopped working after maintenance reboot.,Application,train,5,train,5,train,5,train
IM0005457,B_event_log,Account Lockout Issue After Password Change. My account keeps locking after logging in with the correct password.,Application,train,4,train,4,train,4,train
IM0005472,B_event_log,High CPU Utilization on HR Portal. Monitoring alert: CPU utilisation on SBA000698 at 100% for 45 minutes after agent update.,Application,train,4,train,4,train,4,train
IM0005486,B_event_log,Cannot Send Emails. I can't send emails anymore. They just stay in my outbox.,Application,train,5,test,5,test,5,train
IM0005502,B_event_log,Internet Banking Portal Error Rate. 15% of Internet Banking portal requests failed with timeout errors during peak hours.,Application,train,5,train,5,train,5,test
IM0005506,B_event_log,HR Self-Service Portal Cannot Save Records. We can't add new employees on the HR self-service portal. The system shows an error message saying there's a problem with the database.,Database,train,3,train,3,train,3,train
IM0005522,B_event_log,Loan Origination System Slow Queries. Technical observation: Top SQL on SUB000456 is a full table scan due to outdated optimizer statistics.,Application,train,4,train,4,train,4,train
IM0005536,B_event_log,"Endpoint Agent False Quarantine. The endpoint agent quarantined an application's DLL file after a policy update, causing a false positive.",Security,train,4,train,3,train,5,test
IM0005550,B_event_log,"Risk Reporting Dashboard Issue. The risk reporting dashboard displays 'Your connection is not private,' affecting some colleagues.",Application,train,4,train,4,train,4,train
IM0005609,B_event_log,"BIOS Update Causes SSD SMART Failure. A technician observed that the SSD SMART status on DSK000389 indicated a failure following a BIOS update, making the OS unbootable.",Hardware,train,5,train,5,train,5,train
IM0005625,B_event_log,Loan origination system slow. The loan origination system on server SBA000462 is taking too long to process requests.,Application,train,4,train,4,train,4,train
IM0005645,B_event_log,Loan Origination System Data Discrepancy. The amounts shown in the overview screen of the loan origination system are rounded differently from those on the detail screen.,Application,train,5,train,5,train,5,test
IM0005654,B_event_log,"False Positive Endpoint Agent Quarantine. Endpoint agent quarantined an application's DLL after a policy update, preventing it from functioning.",Application,train,4,test,4,train,4,train
IM0005655,B_event_log,IKE Phase 2 Renegotiation Failure. IKE phase 2 renegotiation failed due to proposal mismatch after the peer changed its encryption settings.,Security,train,3,train,3,train,3,train
IM0005673,B_event_log,Scheduled Task Lockout Source Issue. Support engineer observed that a scheduled task is locking out accounts due to stale credentials.,Application,train,4,train,4,test,4,test
IM0005691,B_event_log,CRMAPI Profile Load Time Exceeds. The profile load time for the user on APP000005 exceeds 5 minutes due to a 4 GB corrupt roaming profile.,Application,train,4,train,4,train,4,train
IM0005701,B_event_log,TLS Handshake Failures - CRM System. Interface monitor reported TLS handshake failures on CRM client-records system since midnight.,Application,test,4,train,4,train,4,train
IM0005706,B_event_log,"High CPU usage affecting entire team. A process on SBA000326 was using 98% CPU in a tight loop, starving other services.",Application,train,3,train,3,train,3,train
IM0005733,B_event_log,CRM Date Field Update Issue. I can't update the date in the CRM client-records system after submitting it. It looks like a bug.,Application,train,4,train,4,train,4,train
IM0005762,B_event_log,"High Query Times on Document Management System. Database alert: average query time over 30 seconds, sessions waiting on I/O.",Application,train,3,train,3,train,3,train
IM0005766,B_event_log,"False Positive Quarantine - DLL. The endpoint agent on DTA000616 quarantined an application's DLL after a policy update, affecting some colleagues.",Application,train,4,train,4,train,4,train
IM0005777,B_event_log,Slow Branch Teller Application. The branch teller application on server WSR000353 is very slow compared to usual.,Infrastructure,test,4,test,4,train,4,train
IM0005789,B_event_log,Mortgage Advisory Application Error. The mortgage advisory app shows an error when I try to input the loan amount.,Application,train,,not used,,not used,3,train
IM0005826,B_event_log,Customer Onboarding Portal Unavailable. The customer onboarding portal is not working since Monday morning.,Application,train,4,train,4,test,4,test
IM0005830,B_event_log,Internet Banking Address Errors. The client addresses shown in the Internet Banking portal are incorrect for many customers; they are still listed under their old addresses.,Application,train,4,test,4,train,4,train
IM0005841,B_event_log,CRM Application Hangs. My CRM application won't log on and some of my colleagues are having the same issue.,Application,train,4,train,4,test,4,train
IM0005842,B_event_log,Branch Cash Services Terminal Non-acceptance. The ATM in our branch isn't accepting any cards.,Hardware,train,2,train,2,train,2,train
IM0005844,B_event_log,Error when printing mortgage overview after update. We can't print the mortgage overview anymore; it used to work last week.,Application,train,3,train,3,test,3,train
IM0005849,B_event_log,Branch Printer Not Working. My documents won't print from the branch printer; they just stay in the queue.,Hardware,train,5,train,5,train,5,test
IM0005864,B_event_log,Mortgage Advisory Account Lockout. My mortgage account locks every morning and I have to reset my password each time.,Application,train,3,test,3,test,3,train
IM0005870,B_event_log,Internet Banking Service Stopped. The internet banking portal service has stopped running after the monthly maintenance window.,Application,train,,not used,,not used,3,train
IM0005882,B_event_log,"Internet Banking Slowdown. Opening records in Internet Banking takes a long time and sometimes freezes. Restarting helps temporarily, but the slowdown happens again.",Application,train,3,test,3,train,3,train
IM0005906,B_event_log,HR Self-Service Portal Freezes. Long garbage-collection pauses observed on SUB000426 causing the HR self-service portal to freeze.,Application,test,4,train,4,train,4,train
IM0005954,B_event_log,Empty payment reports in production. Today's payment reports are blank. It seems that the data wasn't loaded correctly.,Application,train,4,train,4,train,4,train
IM0005970,B_event_log,Scheduled Task Locks Onboarding Portal. Support engineer observed that a scheduled task on DTA000616 was still using the old password after a recent change.,Application,train,3,train,3,test,3,train
IM0005988,B_event_log,"Mortgage Advisory Application Error. The mortgage advisory application shows an error page stating the request timed out, especially in the mornings.",Application,train,3,test,3,train,3,train
IM0005994,B_event_log,"Network Drops in Production. Our network connection keeps breaking for a couple of seconds, making our apps disconnect.",Network,train,3,train,3,train,3,train
IM0006009,B_event_log,Workstation Application Not Starting. My work application won't open; I get a message from the security software.,Application,train,4,train,4,train,4,train
IM0006038,B_event_log,Branch Teller Application SAML Signature Issues. SAML responses are being rejected as 'invalid signature' due to mismatched IdP token-signing certificates.,Application,test,4,train,4,train,4,train
IM0006089,B_event_log,Shared Drive Space Issue. I can't save files to the shared drive anymore. It says I don't have enough space.,Infrastructure,test,,not used,,not used,3,train
IM0006112,B_event_log,"Customer Onboarding Portal Functionality Issue. A user incorrectly modified the screen layout on the customer onboarding portal, hiding fields. This caused issues.",Application,train,,not used,,not used,3,test
IM0006124,B_event_log,"Internet Banking Portal Data Missing. Today, my reports on the Internet Banking portal are empty, it seems like the data isn't being loaded properly.",Application,test,4,train,4,train,4,train
IM0006136,B_event_log,"High CPU Usage on HR Self-Service Portal. A process on SBA000834 was using 98% CPU in a tight loop, starving other services; this issue began after the scheduled scan.",Application,train,4,train,4,train,4,train
IM0006140,B_event_log,Missing Approval Button. I can't find the place to approve requests in the customer onboarding portal; the approve button is gone.,Application,train,3,train,3,train,3,train
IM0006143,B_event_log,Internet Banking Portal Service Account Lockout. AD alert: Internet Banking portal service account locked out six times in one hour after password change.,Application,train,5,train,5,train,5,train
IM0006170,B_event_log,"Internet Banking Account Lockout. Every morning, my internet banking account locks out even after entering the right password.",Application,train,4,train,4,train,4,train
IM0006171,B_event_log,"Branch Teller Application Data Saving Issues. Saving data in the branch teller application fails occasionally with a generic error, but it works after a while.",Application,train,4,train,4,train,4,train
IM0006184,B_event_log,TLS Handshake Failures on Mortgage Advisory Application. Interface monitor reported TLS handshake failures between SUB000537 and backend since midnight.,Application,train,4,train,4,train,4,train
IM0006188,B_event_log,"Loan Origination System Submit Button Issue. The 'submit' button on the loan origination system doesn't work anymore, making it hard to finish our tasks.",Application,train,4,test,4,train,4,train
IM0006193,B_event_log,HR Self-Service Portal Printing Issue. We can't print the overview anymore since the update; it used to work last week.,Application,train,4,train,4,test,4,test
IM0006198,B_event_log,"CRM Client-Records System Data Load Issue. Today's reports in the CRM system are blank, it seems the data failed to load properly.",Application,train,4,test,4,train,4,train
IM0006202,B_event_log,Account Lockout Issue. My account keeps locking even with the right password. My colleagues also have this problem.,Application,train,4,train,4,test,4,test
IM0006208,B_event_log,"Payments Service Amount Display Mismatch. In the payments service overview, amounts are shown differently than on the detail screen.",Application,train,4,train,4,train,4,train
IM0006221,B_event_log,"Customer Onboarding Portal Error. The customer onboarding portal displays 'your connection is not private', preventing some colleagues from accessing it.",Application,train,4,train,4,train,4,train
IM0006251,B_event_log,"Customer Onboarding Portal Search Time Issue. It takes too long to search for customers on the portal, sometimes timing out.",Application,train,3,train,3,train,3,train
IM0006279,B_event_log,HR Self-Service Portal Unavailable. The HR self-service portal has been down since Monday morning after a server reboot.,Application,train,4,train,4,train,4,train
IM0006297,B_event_log,Customer Onboarding Portal Slows Down. The customer onboarding portal becomes slow throughout the day and freezes when trying to view client records.,Application,train,5,test,5,test,5,train
IM0006304,B_event_log,Branch Printer Offline Error. The branch printer won't print and shows as offline. Multiple devices have this issue.,Hardware,train,3,train,3,train,3,train
IM0006309,B_event_log,HR Self-Service Portal Data Save Issue. We can't add new staff information to the HR portal. The system says there's a problem with saving data.,Database,train,3,train,3,train,3,train
IM0006370,B_event_log,"Mortgage Advisory Application Slows Down. When trying to open a mortgage record, the app becomes very slow and sometimes freezes. Restarting helps temporarily.",Application,train,4,train,4,train,4,train
IM0006389,B_event_log,Loan Origination System Date Field Change Issue. I can't update the date on the loan application after I submit it. It looks like a glitch.,Application,train,4,train,4,train,4,train
IM0006485,B_event_log,Internet Banking Portal Stuttering. Long garbage collection pauses on WBA000058 caused by an old-gen heap growth; Internet Banking portal intermittently freezes.,Application,train,4,train,4,train,4,train
IM0006507,B_event_log,Account Lockout Issue. My account keeps locking up each morning despite entering the right password.,Application,test,4,train,4,train,4,train
IM0006531,B_event_log,Mortgage Advisory App Stopped. Monthly patch reboot caused the mortgage advisory application to stop running.,Application,test,5,train,5,train,5,train
IM0006559,B_event_log,Laptop Won't Start. My laptop won't turn on and just shows a black screen with a blinking cursor.,Hardware,train,5,train,5,train,5,train
IM0006570,B_event_log,"High CPU Usage Issue. A process on SBA000462 is using 98% CPU in a loop, affecting other services.",Application,train,4,test,4,train,4,train
IM0006583,B_event_log,Document Management System Interface Failure. Interface monitor shows TLS handshake failures between WBA000054 and the backend since midnight.,Application,train,4,train,4,test,4,test
IM0006699,B_event_log,Backup Staging Area Upload Failures. Uploading files to the backup area stopped working this morning.,Infrastructure,train,3,train,3,train,3,train
IM0006723,B_event_log,"SAN Path Failure Alert. Alert: Multipath alert on DCE000077: 2 of 4 paths down, I/O latency increased to 180 ms.",Infrastructure,train,3,train,3,train,3,train
IM0006745,B_event_log,Internet Banking Connection Pool Exhaustion. Some colleagues reported that the Internet Banking portal returns timeouts due to active DB connections stuck at the pool maximum.,Application,train,4,train,4,train,4,train
IM0006749,B_event_log,Payments Service Synthetic Transaction Failed. An automated alert indicates a synthetic transaction for the payments processing service on configuration item SBA000045 failed at step 3 following the latest deployment.,Application,train,2,train,2,train,2,train
IM0006773,B_event_log,Mortgage Advisory Application Performance Issues. The application becomes slow and crashes when trying to view client records. Restarting helps temporarily.,Application,train,3,train,3,train,3,train
IM0006776,B_event_log,Incorrect Customer Addresses. The client addresses listed on our onboarding portal are incorrect for many customers. This is causing confusion and delays.,Application,train,3,train,3,train,3,train
IM0006799,B_event_log,Customer Onboarding Portal Timeouts. The customer onboarding portal times out for some colleagues during busy morning hours.,Application,train,4,test,4,train,4,train
IM0006816,B_event_log,CRM Application Freeszes. My CRM application stops working after a while and I need to restart it. Other colleagues are having the same issue.,Application,train,4,test,4,test,4,test
IM0006860,B_event_log,CBD000502 Card Reader Fault. Automated alert: CBD000502 reported card reader fault and is out of service.,Hardware,train,5,train,5,train,5,train
IM0006861,B_event_log,Mortgage Advisory Application Performance Issues. The mortgage advisory application slows down throughout the day and freezes when opening client records. Restarting it fixes this for a short time.,Application,train,3,train,3,train,3,train
IM0006862,B_event_log,Slow Payments Processing Service. The payments processing service on server SBA000607 is very slow after a scheduled scan started this morning.,Application,train,5,train,5,test,5,train
IM0006871,B_event_log,Self-service Terminal Error. Customers are seeing an error on the cash device and it stops working.,Hardware,train,,not used,,not used,3,train
IM0006937,B_event_log,Branch Printer Not Printing. The printer at our branch isn't working properly - documents keep getting stuck in the queue.,Hardware,train,3,train,3,train,3,test
IM0006952,B_event_log,File Shares Upload Failures. We can't upload files to the file shares since this morning and our team can't work normally.,Infrastructure,test,3,train,3,train,3,train
IM0006953,B_event_log,Internet Banking Portal Unavailable. The Internet Banking portal is not working since Monday morning.,Application,train,4,train,4,test,4,train
IM0006997,B_event_log,Workstation Applications Endpoint Quarantine. Endpoint agent quarantined an application's DLL on workstation DTA000035 following a policy update.,Application,test,3,train,3,train,3,train
IM0007017,B_event_log,"DLL Quarantine Issue - DTA000616. An endpoint agent quarantined an application's DLL after a policy update, affecting several departments.",Application,train,2,test,2,test,2,test
IM0007025,B_event_log,Mortgage Advisory Application Sluggishness. The mortgage advisory application is extremely slow and freezes frequently. Only I am experiencing this issue.,Application,train,5,test,5,test,5,train
IM0007048,B_event_log,SAP Finance Short Dump. Technical observation: Short dumps SYNTAX_ERROR in SAP Finance on SAP000003 due to an unimported object referenced by a transported program.,Application,test,4,train,4,train,4,train
IM0007076,B_event_log,Document Management System Shows Incorrect Data. The document management system displays yesterday's document counts instead of today's. This affects some colleagues.,Application,test,4,train,4,train,4,train
IM0007092,B_event_log,Teller Application Stopped After Maintenance. Branch teller application service has stopped since the monthly patch weekend.,Application,train,4,train,4,train,4,train
IM0007102,B_event_log,Incorrect Function Usage in Mortgage Advisory. The mortgage advisory application showed no errors in logs but had an incorrect function usage causing an empty export.,Application,train,4,train,4,train,4,train
IM0007114,B_event_log,Document Management System Error Rate. 15% of document requests time out during peak hours.,Application,train,5,train,5,train,5,train
IM0007126,B_event_log,HR Self-Service Portal Scheduler Error. Scheduler alert: job chain for HR self-service portal on SUB000523 returned error code 8 at 02:14 during nightly run.,Application,train,3,train,3,train,3,train
IM0007134,B_event_log,"Empty Document Management System Reports. Today, reports in the document management system are blank. It appears that the data hasn't been loaded.",Application,test,4,test,4,train,4,train
IM0007159,B_event_log,"Mortgage Advisory Application Heap Growth. Long garbage-collection pauses observed on WBA000058; old-gen heap continues to grow between restarts, causing the mortgage advisory application to freeze.",Application,test,4,train,4,test,4,test
IM0007174,B_event_log,Loan Origination System Field Locking. Technical observation indicates the field in the loan origination system locks after submission.,Application,train,4,train,4,train,4,train
IM0007234,B_event_log,"Scheduled Task Lockout Due to Stale Credentials. A scheduled task still uses an old password after it was changed, leading to account lockouts.",Application,train,4,train,4,train,4,train
IM0007235,B_event_log,"CRM Client-Records System Timeout. The CRM client-records system is slow during peak times, especially after a big data load.",Application,train,,not used,,not used,3,test
IM0007258,B_event_log,Document Management System Response-Time Degradation. Alert: Transactions slow down and eventually stop working after each restart.,Application,train,4,train,4,train,4,train
IM0007261,B_event_log,"Branch Teller Application Import Job Failure. The nightly import job for the branch teller application failed on configuration item WBA000011 at record 1,204 due to an invalid date format.",Application,test,5,train,5,train,5,test
IM0007297,B_event_log,Bulk Import Address Corruption. A bulk import on SUB000426 incorrectly wrote address fields from the wrong column for some customers.,Application,train,5,train,5,train,5,train
IM0007304,B_event_log,"Print Server Spooler Hang. The print spooler on the branch's print server hangs on a corrupted job for SCN000001, blocking the queue.",Hardware,train,,not used,,not used,3,train
IM0007306,B_event_log,"Bulk Import Address Corruption. A bulk import operation incorrectly updated customer addresses, affecting part of our client base.",Application,train,4,train,4,train,4,test
IM0007370,B_event_log,Branch Network Interface Errors. Interface errors increasing on CNT000002; 5% packet loss to the branch.,Network,train,,not used,,not used,3,train
IM0007376,B_event_log,"CRM Client-Records System Response Time Deterioration. Transactions degrade steadily after each restart until the application stops responding, impacting a small group of users.",Application,train,4,train,4,train,4,test
IM0007385,B_event_log,"Empty Payments Processing Service Reports. Today, there are no reports in the payments processing service, which seems to be due to missing or malformed data.",Application,test,5,train,5,train,5,train
IM0007416,B_event_log,Document Management System Data Integrity Issue. Data-quality check on SUB000443 identified 312 failing referential integrity records for the document management system.,Application,test,5,train,5,train,5,test
IM0007421,B_event_log,High Heap Usage & Slow Portal. Alert detected: heap usage at 96% and response times over 8s for customer onboarding portal.,Application,train,4,train,4,train,4,train
IM0007422,B_event_log,Customer Onboarding Portal Data Save Errors. Saving data in the customer onboarding portal doesn't work sometimes and then starts working again after a while.,Application,test,4,train,4,train,4,train
IM0007461,B_event_log,Branch Teller Application Timeout. Log alerts report timeout errors for the branch teller application.,Application,test,4,test,4,train,4,train
IM0007487,B_event_log,Scheduler Alert: Internet Banking Portal Job Chain Ended. Automated monitoring alert: job chain for the Internet Banking portal on SUB000521 ended with return code 8.,Application,train,4,train,4,test,4,test
IM0007504,B_event_log,HR Self-Service Portal Synthetic Transaction Failure. Automated monitoring alert: HR self-service portal synthetic transaction fails at step 3 post-deployment.,Application,train,3,train,3,test,3,test
IM0007522,B_event_log,Mortgage Advisory Application Save Error. We can't add new mortgage records because the app shows a database error.,Database,test,,not used,,not used,3,train
IM0007530,B_event_log,Document Management System Timeout. Log monitoring shows 'Timeout waiting for idle object' exceptions for document management system.,Application,test,4,test,4,train,4,train
IM0007534,B_event_log,"Risk Reporting Dashboard Hotfix Deployment. Support engineer observed NullPointerException in new validation module of SUB000424, affecting risk reporting dashboard.",Application,test,5,train,5,train,5,train
IM0007537,B_event_log,"Mortgage Advisory API Payload Parsing Issue. The mortgage advisory application's API call altered its payload in the recent release, causing SUB000424 to fail parsing.",Application,test,4,test,4,test,4,test
IM0007571,B_event_log,"Risk Reporting Dashboard Login Issues. Users cannot access the risk reporting dashboard; after entering their credentials, they are redirected to the login page.",Application,train,3,test,3,train,3,test
IM0007575,B_event_log,IKE Phase 2 Renegotiation Failure. The site-to-site VPN on NET000149 experienced an IKE phase 2 renegotiation failure due to a proposal mismatch after the peer changed encryption settings.,Network,train,3,train,3,train,3,train
IM0007608,B_event_log,Account Locking After Password Change. My account locks each morning with the right password set.,Infrastructure,train,4,train,5,train,4,test
IM0007609,B_event_log,Self-service Terminal Outage. CBD000393 self-service terminal reported 'card reader fault' and went offline.,Hardware,test,2,train,2,train,2,train
IM0007634,B_event_log,Internet Banking Portal Certificate Expired. Support engineer observed 'PKIX path validation failed: certificate expired' in logs for WBA000144 when trying to access the backend of the Internet Banking portal.,Application,test,4,train,4,test,4,train
IM0007667,B_event_log,ABAP Runtime Error ST22 - SAP000002. A technical observation revealed an ABAP runtime error (CALL_FUNCTION_NOT_FOUND) in transaction ST22 on SAP000002 after the last night's transport.,Application,test,4,test,4,train,4,train
IM0007683,B_event_log,Batch job failure on loan origination system. Technical observation: Batch job on WBA000011 aborted due to missing or malformed upstream interface file.,Application,train,5,train,5,test,5,train
IM0007687,B_event_log,Loan Origination System Unavailable. The loan origination system is not working since Monday morning. Only I can't access it.,Application,train,5,test,5,train,5,train
IM0007694,B_event_log,Self-service terminal acceptance issue. The self-service terminal in our branch won't read any cards.,Hardware,train,2,train,2,train,2,train
IM0007709,B_event_log,Bulk Import Address Overwrite Issue. A bulk import operation incorrectly updated the address fields in SUB000455 with values from an unintended column for some customers.,Application,test,4,train,4,train,4,test
IM0007738,B_event_log,"SSD SMART Failure - LAP000522. The SSD on LAP000522 reported SMART failure, preventing the operating system from loading.",Hardware,test,5,train,5,train,5,test
IM0007759,B_event_log,Branch Printer Offline After Driver Update. Printing stopped working and the printer is showing offline after updating the driver.,Hardware,train,3,train,3,train,3,train
IM0007765,B_event_log,Internet Banking Slow Since Morning. I can't access the Internet Banking portal quickly; it takes too long to load.,Application,test,5,train,5,test,5,train
IM0007788,B_event_log,Loan Origination System Account Locked. Automated alert: service account locked out six times within one hour after password change.,Application,train,5,test,5,test,5,test
IM0007802,B_event_log,Teller Application Sluggishness. The teller app is very slow and freezes often.,Application,train,3,train,3,train,3,train
IM0007830,B_event_log,"Branch Teller Application Login Issue. Users cannot log into the branch teller application. After entering their credentials, they are redirected back to the login page.",Application,train,4,train,4,test,4,train
IM0007850,B_event_log,Internet Banking Portal Hang. Thread dumps indicate blocked threads in garbage collection causing memory usage to climb and the portal to hang.,Application,train,4,train,4,train,4,train
IM0007856,B_event_log,TLS Handshake Failures in Branch Teller Application. Automated alert: TLS handshake failures between WBA000018 and backend since midnight due to certificate expiration.,Application,train,4,train,4,train,4,train
IM0007857,B_event_log,Self-service terminals out of service. Several cash devices are not working and customers can't make transactions.,Hardware,train,2,test,2,test,2,test
IM0007879,B_event_log,CRMPRO: Profile Load Time Exceeds 5 Minutes. User reported that profile load times exceed 5 minutes due to a corrupt roaming profile of size 4GB.,Application,train,4,train,4,train,4,test
IM0007884,B_event_log,Self-service terminal card acceptance issue. The terminal at our branch is not accepting any cards. This affects several devices.,Hardware,test,2,train,2,train,2,train
IM0007914,B_event_log,"Payments Service TLS Error. The payments processing service is showing 'your connection is not private,' preventing me from making transactions.",Application,train,5,test,5,train,5,train
IM0007981,B_event_log,Internet Banking Portal Certificate Expired. Support engineer observed 'PKIX path validation failed: certificate expired' in logs for SBA000698 while attempting to access the backend of the Internet Banking portal.,Application,test,,not used,,not used,3,train
IM0008022,B_event_log,Payments Processing Hang. Thread dumps indicate blocked threads in garbage collection causing memory usage to climb and eventually lead to service hang.,Application,train,4,train,4,train,4,train
IM0008041,B_event_log,Invalid SAML Signature in Internet Banking. Technical observation: SAML responses for the Internet Banking portal are rejected with 'invalid signature' due to mismatch between configured and actual IdP token-signing certificate.,Application,train,4,train,4,train,4,train
IM0008044,B_event_log,"Empty Export File. When trying to export data from the branch teller app, the exported file is blank. This affects our entire team.",Application,train,3,train,3,train,3,test
IM0008047,B_event_log,Shared mailbox not functioning. I can't send emails anymore and they just go to my outbox. My colleagues are having the same issue.,Application,train,4,train,4,train,4,train
IM0008078,B_event_log,"Quarantined DLL after policy update. An Endpoint agent quarantined an application's DLL file on DTA000056, causing some colleagues' workstations to malfunction.",Application,test,4,train,4,train,4,train
IM0008086,B_event_log,AWR report query inefficiency. AWR report on SBA000607 shows a full table scan for search queries. The execution plan changed after data load.,Application,test,4,test,4,train,4,train
IM0008140,B_event_log,Branch Printer Not Printing. The printer at my branch won't print anything; all my documents just stay in the queue.,Hardware,train,4,test,4,train,4,test
IM0008152,B_event_log,TLS Handshake Failures - Mortgage Advisory Application. Interface monitor reported TLS handshake failures on the mortgage advisory application since midnight due to expired certificate.,Application,train,3,train,3,train,3,train
IM0008155,B_event_log,Slow Branch Teller Application Search. The branch teller application search query is performing a full table scan due to outdated optimizer statistics.,Application,train,5,train,5,train,5,train
IM0008169,B_event_log,Site-to-Site VPN Tunnel Flapping. Tunnel monitor shows site-to-site VPN on SSW000068 is flapping with 14 down events in the last hour.,Security,train,4,train,4,test,4,test
IM0008172,B_event_log,Loan Origination System Export Issue. I can't export files from the loan origination system. My colleagues are also having this problem.,Application,train,4,train,4,test,4,train
IM0008174,B_event_log,"Mortgage Advisory Application Showing 'Not Private'. The mortgage advisory application keeps showing 'your connection is not private', starting this morning. Some colleagues also see this issue.",Application,train,4,train,4,train,4,train
IM0008180,B_event_log,Loan Origination System Data Lag. The loan origination system showed yesterday's figures instead of today's. The nightly update didn't occur.,Application,train,4,train,4,train,4,train
IM0008185,B_event_log,High Authentication Failures on Customer Onboarding Portal. Customer authentication failures spiked to 100% at 07:30 today for the onboarding portal.,Application,train,3,train,3,train,3,train
IM0008196,B_event_log,"Endpoint Agent False Quarantine. Endpoint agent on DTA000031 quarantined an application's DLL after a policy update, causing a false positive.",Application,train,5,train,5,test,5,train
IM0008215,B_event_log,Self-service Terminal Offline. The self-service terminal CBD000678 has stopped working due to a card reader fault.,Hardware,train,2,train,2,train,2,train
IM0008218,B_event_log,"Bulk Import Address Overwrite. During a bulk import on DTA000616, the address fields were overwritten with values from the wrong column for some customers.",Application,train,4,train,4,train,4,train
IM0008228,B_event_log,SSO Issue with Mortgage Advisory Application. I can't log into the mortgage advisory application anymore; it keeps redirecting me back to the login page.,Application,train,5,train,5,train,5,train
IM0008231,B_event_log,"Empty Internet Banking Reports. Today, the Internet Banking portal shows no reports. It seems like the data wasn't loaded.",Application,train,,not used,,not used,3,train
IM0008237,B_event_log,Mortgage Advisory Application Data Lag. The mortgage advisory application shows old data from yesterday instead of the updated figures.,Application,train,3,train,3,test,3,train
IM0008265,B_event_log,High Processor Queue Length. Performance alert: processor queue length high on SBA000464. Impact: a small group of users.,Application,train,4,test,4,train,4,train
IM0008285,B_event_log,Over-quota and OST file issue. Mailbox SPF000017 is over its send quota and the OST file exceeds 48GB; some colleagues are also experiencing similar issues.,Application,train,4,train,4,train,4,test
IM0008289,B_event_log,Payments Printing Error After Deployment. We can't print the payment overview anymore; it worked before the recent updates.,Application,train,4,test,4,test,4,train
IM0008291,B_event_log,Slow HR Self-Service Portal. The HR self-service portal is taking too long to respond since the morning after updating the monitoring agent.,Application,train,4,train,4,train,4,train
IM0008317,B_event_log,"Internet Banking Account Lockout. Every morning, my account gets locked with the correct password, affecting some colleagues too.",Application,train,4,train,4,test,4,train
IM0008318,B_event_log,HR Self-Service Portal Synthetic Transaction Failed. An automated alert reported that the HR self-service portal's synthetic transaction failed at step 3 following the recent deployment.,Application,train,4,train,4,train,4,train
IM0008332,B_event_log,Payments Processing Timeout Exception. An automated alert reported 'Timeout waiting for idle object' exceptions for the payments processing service during peak hours.,Application,train,4,train,4,train,4,train
IM0008334,B_event_log,Missing approval button in Loan Origination System. I can't see where to approve a loan request on the system; there's no button.,Application,test,4,train,4,train,4,train
IM0008349,B_event_log,Payments Date Field Locking Issue. I can't change the payment date once I submit it; I think there might be a bug.,Application,train,4,train,4,train,4,train
IM0008356,B_event_log,HR Self-Service Export Empty. I can't download any data from the HR self-service portal. The file I get is blank.,Application,train,5,train,5,test,5,train
IM0008386,B_event_log,LAN Port Late Collisions & Errors. Port on CNT000008 shows late collisions and CRC errors; device negotiates half duplex.,Network,test,3,test,3,train,3,train
IM0008409,B_event_log,Scheduled Task Locking Account. A scheduled task on an old laptop is locking the customer onboarding portal account due to a stale password.,Application,train,4,test,4,train,4,train
IM0008447,B_event_log,Workstation Application Won't Start. I can't open the application anymore; my security software shows a quarantine message.,Application,train,4,train,4,train,4,test
IM0008455,B_event_log,Internet Banking Portal Unavailable. The Internet Banking portal is not working since last night's server reboot.,Infrastructure,train,4,train,4,test,4,train
IM0008464,B_event_log,"Internet Banking Submission Locking. Support engineer observed that the field locks after submission on the Internet Banking portal, contrary to users' expectations.",Application,train,3,train,3,train,3,train
IM0008482,B_event_log,"Document Management System Empty Reports. Today, reports in the document management system are empty. It seems the data was not loaded.",Application,train,5,test,5,train,5,train
IM0008489,B_event_log,Bulk Import Address Mapping Issue. A bulk import overwrote address fields with values from the wrong column for some customers.,Application,train,3,train,3,test,3,train
IM0008568,B_event_log,SAP Finance Transaction Error. I can't start the transaction in SAP Finance because it shows a runtime error and stops.,Application,train,,not used,,not used,3,train
IM0008591,B_event_log,"Slow Loan Origination System. The loan origination system is very slow, especially after the scheduled scan started this morning.",Application,train,3,test,3,train,3,train
IM0008597,B_event_log,SAP Procurement Short Dump. Short dumps SYNTAX_ERROR in SAP procurement on SAP000003 due to an unimported object reference.,Application,train,3,train,3,train,3,train
IM0008605,B_event_log,"Network Drops in Branch. Our branch network disconnects from time to time, especially when using certain applications.",Network,train,3,train,3,train,3,train
IM0008649,B_event_log,Loan Origination System Scheduler Alert. Automated alert: Loan origination system job chain ended with return code 8.,Application,test,4,test,4,train,4,train
IM0008663,B_event_log,HR Self-Service Portal Data Issue. Data quality check found 312 records failing referential integrity in HR self-service portal.,Application,train,4,train,4,train,4,test
IM0008760,B_event_log,High Authentication Failures on Customer Onboarding Portal. Customer onboarding portal authentication errors increased to 100% at 07:30.,Application,train,5,train,5,train,5,train
IM0008784,B_event_log,CBD000668 Card Reader Outage. Branch cash services device CBD000668 reported 'card reader fault' and stopped working.,Hardware,train,2,train,2,train,2,train
IM0008785,B_event_log,Published Desktop Hangs After Profile Growth. My desktop takes forever to log in; some coworkers have the same issue.,Application,train,4,train,4,test,4,train
IM0008799,B_event_log,Branch Teller Application Validation Error. Support engineer observed a Stack Trace showing NullPointerException in the new validation module after deploying the latest version.,Application,test,4,train,4,train,4,train
IM0008803,B_event_log,Customer Onboarding Portal Date Change Issue. I can't change the date on the customer onboarding portal after I submit it; I think this is a bug.,Application,train,3,train,3,test,3,train
IM0008804,B_event_log,Internet Banking Portal API Payload Regression. Support engineer observed a change in API payload that the frontend on SUB000508 cannot parse.,Application,train,4,train,4,train,4,train
IM0008836,B_event_log,Document Management System Error. The document management system displays an 'Request Timed Out' error frequently in the morning.,Application,test,,not used,,not used,3,train
IM0008847,B_event_log,"Duplicate Contracts on Risk Reporting Dashboard. The risk reporting dashboard shows multiple contracts for the same customer, appearing after a bulk import.",Application,test,3,test,3,train,3,train
IM0008869,B_event_log,Slow Document Management System. The document management system has been very slow since the monitoring agent update this morning.,Application,train,4,train,4,train,4,train
IM0008887,B_event_log,"Backup Staging Area Upload Failures. Since morning, I can't upload files to the backup staging area.",Storage,test,5,train,5,test,5,train
IM0008913,B_event_log,"Scheduled Task Lockout Due to Stale Credentials. A scheduled task on configuration item SBA000464 uses an old password after a change, causing account lockouts.",Application,train,4,train,4,train,4,train
IM0008934,B_event_log,Duplicate Contracts in CRM System. The CRM system shows extra copies of contracts for some customers.,Application,test,3,train,3,train,3,train
IM0008975,B_event_log,"Mortgage Advisory Application Search Timeout. When searching for customers in the application, it takes longer than usual and sometimes doesn't work.",Application,train,5,test,5,train,5,test
IM0008976,B_event_log,CRM Client-Records System TLS Certificate Issue. The support engineer observed a 'PKIX path validation failed: certificate expired' error when attempting to connect to the backend of the CRM client-records system.,Application,train,4,train,4,train,4,train
IM0008979,B_event_log,Loan Origination System Certificate Expired. Technical observation: Logs indicate 'PKIX path validation failed: certificate expired' when calling the backend.,Application,train,4,train,4,train,4,train
IM0008992,B_event_log,"Customer Onboarding Portal Empty Data. The reports on the customer onboarding portal are blank today, as if no data was loaded.",Application,train,4,train,4,train,4,train
IM0009047,B_event_log,"Branch Teller Application Sluggishness. When trying to open a record, the application becomes very slow and sometimes stops working. This affects our entire team.",Application,train,3,train,3,test,3,train
IM0009061,B_event_log,Self-service terminals error. Customers can't use the cash devices because there's an error message and it stops working.,Hardware,train,2,test,2,test,2,test
IM0009075,B_event_log,"Internet Banking Error - Connection Timeout. The Internet Banking portal displays an error message about a timeout, especially in the mornings.",Application,train,4,train,4,train,4,test
IM0009078,B_event_log,TLS Handshake Failures on Loan Origination System. Interface monitor alerts: TLS handshake failures between SBA000010 and backend since 00:00.,Application,test,4,test,4,train,4,train
IM0009081,B_event_log,HR Self-Service Portal Shows Duplicates. I can't find my contract on the HR self-service portal. There are two entries for me instead of one.,Application,train,4,train,4,train,4,test
IM0009082,B_event_log,TLS Handshake Failures - Internet Banking. Internet Banking portal experiencing TLS handshake failures since midnight.,Application,train,4,test,4,test,4,train
IM0009089,B_event_log,Document Management System Down. The document management system stopped working since Monday morning after the server reboot.,Application,test,4,train,4,train,4,test
IM0009091,B_event_log,High processor queue length - SBA000679. Performance alert: Processor queue length high on SBA000679 after monitoring agent update.,Application,test,4,train,4,test,4,train
IM0009099,B_event_log,"Mortgage Advisory Search Time Increase. When searching for customers, it takes longer than expected and sometimes fails.",Application,train,4,train,4,train,4,train
IM0009103,B_event_log,Branch Teller Application Access Issue. Can't open the branch teller app anymore; got 'access denied'. Worked fine yesterday.,Application,train,4,test,4,train,4,train
IM0009119,B_event_log,"Garbage Collection Pauses & Portal Freezing. Long garbage-collection pauses observed on DTA000057, leading to the customer onboarding portal freezing.",Application,train,5,train,5,train,5,train
IM0009133,B_event_log,Branch Teller Application Outdated Figures. The branch teller application shows yesterday's data instead of today's. The nightly update did not occur.,Application,test,5,train,5,train,5,test
IM0009134,B_event_log,Incorrect Data Import Address Fields. A bulk import overwrote address fields with values from the wrong column for some customers.,Application,test,5,train,5,train,5,train
IM0009187,B_event_log,HR Self-Service Portal Data Quality. Data quality check on WBA000008 found 312 records failing referential integrity for the HR self-service portal.,Application,train,5,train,5,train,5,test
IM0009216,B_event_log,"Customer Onboarding Portal Slow. Since this morning, the customer onboarding portal on SBA000172 has been very slow.",Application,train,3,test,3,train,3,train
IM0009223,B_event_log,Risk Reporting Dashboard Errors. Error rate alerts: 15% of risk reporting dashboard requests fail with timeout errors during peak hours.,Application,train,4,train,4,train,4,train
IM0009235,B_event_log,Teller Application Date Field Change Bug. Branch teller application won't let me change the date after submitting; some of my colleagues have the same issue.,Application,train,4,train,4,test,4,train
IM0009274,B_event_log,Payments Processing Service Failure. Saving data in the payments processing service fails occasionally with a generic error; it starts working again after a few minutes.,Application,train,5,train,5,test,5,train
IM0009280,B_event_log,Slow Risk Reporting Dashboard Search Query. A full table scan was observed in the risk reporting dashboard search query on SBA000729 due to outdated optimizer statistics.,Application,train,4,train,4,train,4,train
IM0009291,B_event_log,"Data Center LAN Disruption. Our branch network drops for a few seconds, making applications disconnect.",Network,train,,not used,,not used,3,train
IM0009377,B_event_log,Branch Teller Application Fail. Automated alert: Synthetic transaction fails at step 3 due to new version deployment.,Application,train,2,train,2,train,2,train
IM0009383,B_event_log,HR Self-Service Portal Slow Queries. Database alert: average query times over 30 seconds due to I/O waits.,Application,train,5,test,5,train,5,train
IM0009390,B_event_log,"Risk Reporting Dashboard Stability Issue. Transactions degrade after each restart, causing application to stop responding.",Application,train,4,train,4,train,4,train
IM0009433,B_event_log,Document Management System Login Issue. No one can log into the document management system anymore; they are redirected back to the login page.,Application,train,4,train,4,train,4,train
IM0009434,B_event_log,Internet Banking Portal Hang. Thread dumps indicate blocked threads in garbage collection causing memory usage to climb until the portal hangs.,Application,train,4,train,4,train,4,train
IM0009442,B_event_log,CRM Client-Records Sluggishness. Opening a record in the CRM takes a long time and sometimes freezes. Restarting fixes it temporarily.,Application,test,5,train,5,train,5,test
IM0009477,B_event_log,Bulk Import Address Overwrite. A bulk import operation overwrote address fields with values from the wrong column for some customers.,Application,test,4,train,4,train,4,train
IM0009479,B_event_log,Risk Reporting Dashboard Hang. Thread dumps show blocked threads in garbage collection; memory usage continues to climb until dashboard hangs.,Application,train,4,train,4,train,4,train
IM0009520,B_event_log,"Kerberos Handshake Failure. The document management system's Kerberos/SSO handshake failed on configuration item WBA000011, preventing validation of tokens from ADFS.",Application,train,5,train,5,train,5,train
IM0009538,B_event_log,Internet Banking Record Saving Issue. We can't add new banking information online. The app shows a database error message.,Database,train,4,train,4,train,4,train
IM0009543,B_event_log,Document Management System Error. Cannot add new documents; system says there’s an error with the database.,Database,train,4,train,4,train,4,train
IM0009554,B_event_log,Mortgage Application Amount Rounding Issue. The amounts shown in the overview of the mortgage advisory application are rounded differently from those in the detail screen.,Application,train,4,train,4,train,4,train
IM0009560,B_event_log,Mortgage Advisory Application Outdated. The mortgage advisory application displays data from yesterday instead of today's figures. The issue started during the nightly run.,Application,test,4,train,4,train,4,train
IM0009570,B_event_log,HR Self-Service Portal Slowdown. The HR self-service portal is very slow and freezes frequently.,Application,train,4,train,4,train,4,train
IM0009611,B_event_log,"CRM Client-Records System Login Issue. No one can log into the CRM client-records system. After entering credentials, we're redirected back to the login page.",Application,train,4,train,4,train,4,train
IM0009621,B_event_log,Mailbox Out of Quota. I can't send emails anymore; all of them just stay in my outbox.,Application,train,2,train,2,train,2,train
IM0009645,B_event_log,Self-service Terminal Card Acceptance Issue. The self-service terminal at the branch is not accepting any cards after a firmware update.,Hardware,test,2,train,2,train,2,train
IM0009647,B_event_log,Shared Mailbox Outbound Issues. I can't send emails; they all end up in my outbox.,Application,test,4,train,4,train,4,train
IM0009648,B_event_log,E-mail Outbox Filling Issue. Cannot send emails; all emails stay in the outbox.,Application,train,3,train,3,test,3,train
IM0009649,B_event_log,Outlook Cache Issue. Mailbox quota exceeded on EXC000001 causing OST file size to be 48 GB.,Application,train,3,test,3,train,3,train
IM0009650,B_event_log,High Mailbox Quota & OST File Size. Mailbox on EXC000001 exceeds send quota and OST file size is 48 GB; affects entire team.,Application,test,3,train,3,train,3,train
IM0009651,B_event_log,Outlook Disconnected - Team Affected. Outlook keeps showing 'disconnected' and we can't get new emails. Our whole team is impacted.,Application,train,3,train,3,train,3,train
IM0009659,B_event_log,Batch Job Aborted Due to Missing Interface File. A batch job on configuration item SUB000456 was aborted due to an input file not arriving before the cut-off time.,Application,train,4,train,4,train,4,train
IM0009662,B_event_log,Long Payment Search Time. I'm having trouble searching for customers in the payments processing service. It takes more than a minute and sometimes fails.,Application,test,5,train,5,test,5,train
IM0009666,B_event_log,"Document Import Job Failure. An import job for the document management system failed on record 1,204 of the interface file due to an invalid date format.",Application,train,4,train,4,train,4,train
IM0009672,B_event_log,SAN000178 Data Volume Slow. My department can't access the data stored on SAN000178. It's very slow and my colleagues are experiencing the same issue.,Storage,train,4,train,4,train,4,train
IM0009685,B_event_log,"High Query Times on Payments Database. Database alert: average query time over 30 seconds, sessions waiting on I/O.",Application,test,5,test,5,train,5,train
IM0009695,B_event_log,High CPU Utilization on Document Management System. Document management system CPU utilization reached 100% for 45 minutes.,Application,train,5,train,5,test,5,train
IM0009725,B_event_log,"NullPointerException in Mortgage Advisory Application. A NullPointerException was found in the stack trace of WBA000133 after the weekend release, affecting only me.",Application,train,5,test,5,test,5,train
IM0009747,B_event_log,SAN Path Degradation After Maintenance. Observation of fibre-channel port errors on SAN000178 switch port; multipathing reports degraded paths and high latency.,Storage,train,5,test,5,train,5,train
IM0009765,B_event_log,"Internet Banking Slowdown. Internet Banking portal is very slow, especially after the scheduled scan started.",Application,train,4,train,4,train,4,test
IM0009812,B_event_log,High Processor Queue Length - Mortgage Advisory. Performance alert: processor queue length high on SBA000659. Impact: a small group of users.,Application,train,4,train,4,train,4,train
IM0009845,B_event_log,Teller Account Locks Every Morning. My account keeps getting locked when I enter the right password every day.,Application,train,4,train,4,train,4,train
IM0009858,B_event_log,Self-service Terminal Error. Customers are seeing an error on the cash device and it won't work anymore.,Hardware,train,2,test,2,test,2,test
IM0009879,B_event_log,CRM Client-Records System Slowdown. I can't open records quickly in the CRM system. It freezes sometimes and takes minutes. Restarting helps but the problem comes back.,Application,test,5,train,5,train,5,test
IM0009880,B_event_log,"CRM Connection Pool Exhaustion. Application logs indicate that the CRM client-records system has reached its maximum number of pooled connections, causing a timeout for new requests.",Application,train,4,train,4,train,4,train
IM0009883,B_event_log,AWR Report Full Table Scan. The AWR report on WBA000058 shows a full table scan on the transactions table with an altered execution plan post-data load.,Application,test,4,train,4,train,4,train
IM0009888,B_event_log,Incorrect Client Addresses in Branch Teller App. The client addresses shown on the branch teller application are incorrect for many customers; they display the old address.,Application,train,4,train,4,train,4,train
IM0009924,B_event_log,"CRM Client-Records System SSL Issue. Since midnight, the CRM client-records system displays 'your connection is not private,' affecting only me.",Application,train,5,train,5,train,5,train
IM0009926,B_event_log,TLS Certificate Expired - Mortgage Advisory. Logs indicate 'PKIX path validation failed: certificate expired' during backend calls for mortgage advisory application.,Application,test,5,train,5,train,5,train
IM0009936,B_event_log,Internet Banking Portal Service Failure. The Internet Banking portal service on SBA000074 failed to start post-patch reboot due to the database service not being available.,Application,train,5,train,5,train,5,train
IM0009943,B_event_log,Payments Service Data Saving Errors. Saving data in the payments processing service fails intermittently with a generic error; it works again after a few minutes.,Application,test,5,train,5,train,5,test
IM0009946,B_event_log,Self-service Terminal Card Reader Issue. The terminal at the branch isn't accepting any cards.,Hardware,train,2,train,2,train,2,train
IM0009951,B_event_log,Bulk Import Address Overwrite. A bulk import operation overwrote address fields with values from the wrong column for some customers.,Application,train,4,train,4,train,4,train
IM0009958,B_event_log,Branch Teller Login Issue. We can't log into the branch teller app anymore; it keeps asking us to try again.,Application,train,4,train,4,train,4,train
IM0009961,B_event_log,Payments Processing Service Failure. Synthetic transaction fails at step 3 after new version deployment.,Application,train,5,train,5,train,5,train
IM0009988,B_event_log,Payments Processing Timeout. Log shows timeout exceptions in payments processing service.,Application,train,5,train,5,train,5,test
IM0010035,B_event_log,Timeouts in CRM Client-Records System. Log monitoring alerts 'Timeout waiting for idle object' exceptions for the CRM client-records system.,Application,train,5,train,5,train,5,train
IM0010089,B_event_log,CRM System Timeout During Peak Hours. The CRM client-records system is slow when searching for records in the morning.,Application,train,4,train,4,train,4,train
IM0010116,B_event_log,Mortgage Advisory Application Transaction Failure. An automated alert indicates a synthetic transaction fails on SBA000462 at step 3 after last night's deployment.,Application,test,4,train,4,train,4,train
IM0010121,B_event_log,CRM Client-Records System Error. The CRM client-records system displays 'your connection is not private' since morning.,Application,train,5,train,5,train,5,train
IM0010130,B_event_log,Customer Onboarding Portal Slowdown. Opening new records in the customer onboarding portal is very slow and sometimes the screen freezes.,Application,train,4,train,4,train,5,train
IM0010147,B_event_log,Batch Job Failed Due to Missing Interface File. The nightly batch job on SBA000629 was aborted due to an input file not being found. The interface file from the upstream system did not arrive before the cut-off.,Application,train,5,train,5,test,5,test
IM0010179,B_event_log,HR Self-Service Portal Data Outdated. The HR self-service portal displays old figures from yesterday; I think the night update failed.,Application,train,4,train,4,train,4,train
IM0010199,B_event_log,Document Management System Function Error. Support engineer observed no log errors on SBA000626 but noted incorrect usage of the function by users.,Application,train,4,train,4,train,4,train
IM0010200,B_event_log,Slow Branch Teller Application. The branch teller app on SBA000462 is very slow after the scheduled scan started.,Application,train,4,train,4,train,4,test
IM0010206,B_event_log,Account Lockout After Password Change. My account locks every morning despite entering the right password.,Application,train,,not used,,not used,3,test
IM0010220,B_event_log,Loan Origination System Response Time Degradation. Transactions are slow after each restart until the system crashes.,Application,train,4,train,4,train,4,train
IM0010223,B_event_log,Customer Onboarding Portal Error Rate. Automated alert: 15% of customer onboarding portal requests fail with timeout errors during peak hours.,Application,train,3,train,3,train,3,train
IM0010234,B_event_log,Mortgage Advisory Application Unavailable. The mortgage advisory application stopped working on Monday after the monthly patch update.,Application,train,3,train,3,test,3,test
IM0010276,B_event_log,Customer Onboarding Portal Printing Error. We can't print the overview anymore after the portal update; it worked before.,Application,train,4,train,4,train,4,train
IM0010281,B_event_log,Mortgage Advisory Application Warning. The mortgage advisory application keeps showing 'your connection is not private' since morning.,Application,train,4,train,4,train,4,train
IM0010288,B_event_log,Published Desktop Hangs. My work computer won't log on fully and stays on the welcome screen. Other people at my desk have the same issue.,Application,test,4,train,4,train,4,train
IM0010301,B_event_log,Workstation application not starting. My application won't open anymore. A security message says it's blocked by my antivirus.,Application,train,4,train,4,train,4,train
IM0010315,B_event_log,Internet Banking Slowdown and Freezing. Internet Banking portal is slow during business hours and freezes when trying to view client records. Restarting it helps temporarily.,Application,test,,not used,,not used,3,train
IM0010320,B_event_log,Branch Teller Application Timeout Errors. 15% of branch teller application requests fail with timeout errors during peak hours.,Application,test,4,train,4,train,4,train
IM0010326,B_event_log,Mailbox unable to send emails. I can't send any more emails; they just stay in my outbox.,Application,train,5,test,5,train,5,train
IM0010344,B_event_log,Mortgage Advisory Application Heap Usage Issue. Heap usage above 95% and high average response times affecting one team.,Application,train,3,test,3,train,3,train
IM0010351,B_event_log,CRM Client-Records Search Time Issue. It's taking too long to search for customers in the CRM system. Sometimes it even times out.,Application,train,4,train,4,train,4,train
IM0010357,B_event_log,Document Management System Certificate Issue. The document management system keeps showing 'your connection is not private'. This happened after our server's TLS certificate expired at midnight.,Application,train,3,train,3,train,3,train
IM0010371,B_event_log,VPN Connection Issues. My team can't access the office network remotely from home.,Network,train,4,train,4,train,4,train
IM0010382,B_event_log,AWR Report Execution Plan Issue. AWR report on WBA000011 shows a full table scan on the transactions table for the search query; the execution plan changed after the data load.,Application,train,5,train,5,test,5,train
IM0010395,B_event_log,Slow Application Data Volume. Our application data is very slow right now.,Storage,train,4,train,4,train,4,train
IM0010400,B_event_log,Branch Teller Application Scheduler Alert. Scheduler alert: Job chain for branch teller application on SBA000079 ended with return code 8 at 02:14 after upstream system change.,Application,test,4,train,4,train,4,train
IM0010407,B_event_log,CRM Client-Records System Error Rate. 15% of CRM client-records system requests time out during peak hours.,Application,train,2,test,2,test,2,test
IM0010415,B_event_log,Risk Reporting Dashboard Unavailable. The risk reporting dashboard is not working since Monday morning. Some colleagues also can't see it.,Application,train,4,train,4,train,4,train
IM0010427,B_event_log,"Network Drops in Branch. Our network connection keeps dropping for a few seconds, making some apps disconnect.",Network,train,3,train,3,train,3,test
IM0010429,B_event_log,"Data Center LAN Connectivity Issues. Our LAN connection keeps disconnecting for a few seconds, affecting all team members.",Network,train,3,train,3,train,3,test
IM0010433,B_event_log,Endpoint Agent False Positive. Endpoint agent quarantined an application's DLL on DTA000016 after a policy update (false positive).,Application,train,4,train,4,train,4,train
IM0010437,B_event_log,PKIX Path Validation Failed - CRM System. The support engineer observed that attempting to access the CRM client-records system through SUB000424 resulted in a 'PKIX path validation failed: certificate expired' error.,Application,test,4,train,4,train,4,train
IM0010443,B_event_log,Scheduled task lockout due to stale credentials. A scheduled task is still using the old password after the password change.,Application,train,5,test,5,train,5,train
IM0010447,B_event_log,Internet Banking Portal Freeze. Thread dumps indicate threads blocked in GC causing memory usage to climb until the portal hangs.,Application,train,5,train,5,train,5,train
IM0010454,B_event_log,"Internet Banking Portal Slowdown. The Internet Banking portal is extremely slow, with pages taking a long time to load and sometimes freezing.",Application,train,4,train,4,train,4,train
IM0010458,B_event_log,Branch Network Drops. Our network keeps disconnecting for a few seconds; this started after the cabling work.,Network,train,3,train,3,train,3,train
IM0010477,B_event_log,"Customer Onboarding Portal Slow. The customer onboarding portal is extremely slow since morning, affecting our entire team.",Application,train,3,train,3,train,3,train
IM0010478,B_event_log,"Risk Reporting Dashboard Error. The risk reporting dashboard displays an error page saying the request timed out, especially in the mornings.",Application,train,5,train,5,train,5,train
IM0010497,B_event_log,Site-to-Site VPN Tunnel Flapping. Site-to-site VPN on CNT000005 tunnel monitor showing 14 down events in the last hour.,Network,train,3,train,3,train,3,test
IM0010523,B_event_log,"GC Thread Dumps & CRM System Hang. Thread dumps indicate blocked threads in garbage collection causing memory usage to climb indefinitely, eventually leading to CRM client-records system hang.",Application,train,4,train,4,train,4,train
IM0010531,B_event_log,Customer Onboarding Portal Submit Button Issue. We can't submit our customer information anymore because the 'submit' button doesn't work.,Application,train,4,train,4,train,4,train
IM0010543,B_event_log,Branch Teller Application Address Issue. The client addresses displayed in the branch teller app are incorrect for many customers; the letters are going to the wrong place.,Application,train,4,train,4,train,4,train
IM0010599,B_event_log,"Account Locking Issue. My account locks up every morning, but I enter the right password. Only I am affected.",Application,test,5,train,5,test,5,train
IM0010608,B_event_log,SAN000182 File System Full. File system on SAN000182 is 100% full due to rapid growth of application log directory.,Storage,train,4,train,4,train,4,train
IM0010628,B_event_log,Document Management System Locking After Submission. Support engineer observed that the document management system locks fields after submission as per design.,Application,train,3,train,3,train,3,train
IM0010637,B_event_log,Database Connection Pool Exceeded. Active DB connections from SUB000456 reached maximum; risk reporting dashboard experienced timeouts.,Application,train,4,test,4,train,4,train
IM0010641,B_event_log,"Scheduled Task Lockout Due to Old Credentials. A scheduled task on configuration item SBA000054 is still using an old password after a recent change, causing account lockouts.",Application,test,3,train,3,train,3,train
IM0010659,B_event_log,Document Management System Failure. Automated alert: Synthetic transaction fails on DTA000016 at step 3.,Application,test,4,test,4,train,4,train
IM0010666,B_event_log,"CRM Client-Records Saving Error. Saving data in the CRM client-records system fails sometimes, then works again after a while.",Application,train,4,train,4,test,4,train
IM0010687,B_event_log,"HR Self-Service Portal Timeout Errors. 15% of HR self-service portal requests time out during peak hours, causing failures.",Application,train,4,test,4,train,4,test
IM0010691,B_event_log,Branch Cash Terminal Not Accepting Cards. Self-service terminal at the branch won't read any cards.,Hardware,test,5,test,5,train,5,train
IM0010708,B_event_log,"Customer Onboarding Portal Data Save Errors. Saving customer data in the portal sometimes stops working, then starts working after a while.",Application,train,4,train,4,train,4,train
IM0010715,B_event_log,HR Self-Service Portal Error. I can't enter the amount on the HR self-service portal. The whole team is affected.,Application,train,3,train,3,train,3,train
IM0010718,B_event_log,Risk Reporting Dashboard Timeouts. The risk reporting dashboard takes too long to load during peak morning hours.,Application,train,4,test,4,test,4,test
IM0010723,B_event_log,"SAN Path Failure and Replacement. Fibre-channel port errors and multipathing degradation were observed due to a failed SAN path (HBA, SFP or cable).",Infrastructure,test,3,train,3,train,3,test
IM0010738,B_event_log,"Internet Banking Application Service Not Starting. After a patch reboot, the Internet Banking portal application service on SBA000607 failed to start due to its database service not being available.",Application,test,4,train,4,train,4,train
IM0010757,B_event_log,Teller App TLS Handshake Failures. TLS handshake failures reported since 00:00 with the branch teller application.,Application,train,4,train,4,test,4,train
IM0010759,B_event_log,Mortgage Advisory Application Kerberos Handshake Failure. Kerberos/SSO handshake fails on WBA000058 for mortgage advisory application; application cannot validate ADFS tokens.,Application,train,4,train,4,train,4,train
IM0010764,B_event_log,Loan Origination System Account Locked Out. Automated alert: service account locked out six times in one hour.,Application,train,4,train,4,train,4,train
IM0010774,B_event_log,Loan Origination System Scheduler Alert. Scheduler alerted: job chain for loan origination system WBA000058 returned code 8 at 02:14 during nightly run.,Application,train,4,test,4,train,4,train
IM0010789,B_event_log,"CRM Client-Records Error Page. The CRM client-records system sometimes shows an error page saying the request timed out, especially in the mornings.",Application,test,5,train,5,train,5,train
IM0010801,B_event_log,CRM System Hangs Due to Memory Leak. Thread dumps indicate threads are blocked in garbage collection; memory usage increases until the CRM client-records system becomes unresponsive.,Application,train,4,train,4,train,4,train
IM0010806,B_event_log,Slow Customer Onboarding Portal. The customer onboarding website is very slow compared to usual.,Application,train,4,test,4,test,4,test
IM0010840,B_event_log,"Loan submission button not working. The submit button on the loan origination system doesn't do anything now, and it's causing us delays.",Application,train,4,train,4,train,4,train
IM0010855,B_event_log,"HR Self-Service Submit Button Issue. Since the new HR portal version was installed, the submit button doesn't work and we can't complete our tasks.",Application,train,4,test,4,test,4,test
IM0010859,B_event_log,"Risk Reporting Dashboard Error. The risk reporting dashboard keeps saying 'your connection is not private', since this morning.",Application,train,4,train,4,train,4,train
IM0010862,B_event_log,"Document Management System Error. The document management system displays 'your connection is not private', affecting some colleagues.",Application,test,4,train,4,train,4,test
IM0010870,B_event_log,Outlook Disconnected & Mail Not Arriving. Outlook keeps showing 'disconnected' and I can't see any new emails.,Application,train,4,train,4,train,4,train
IM0010886,B_event_log,Customer Onboarding Portal Connection Issue. The customer onboarding portal displays 'your connection is not private'. This happened after the TLS certificate expired at midnight.,Application,train,4,train,4,train,4,train
IM0010890,B_event_log,CRM Client-Records System Failure. Automated alert: Synthetic transaction fails at step 3 on SBA000462 after weekend release.,Application,train,4,train,4,train,4,train
IM0010891,B_event_log,Payments Processing Service Unavailable. The payments processing service has been down since Monday morning.,Application,train,4,train,4,train,4,train
IM0010920,B_event_log,Loan Origination System Service Stopped. The loan origination system stopped working due to maintenance.,Application,train,4,test,4,train,4,train
IM0010930,B_event_log,"Loan Origination Search Time Increase. When searching for customers in the loan origination system, it takes over a minute and sometimes fails.",Application,test,4,test,4,train,4,train
IM0010936,B_event_log,Risk Reporting Dashboard Printing Error. We can't print the risk report anymore. It worked fine before the update.,Application,train,4,train,4,test,4,train
IM0010954,B_event_log,Slow Database Query Times. Database alert indicating long query times on SUB000456 affecting a few users.,Application,train,4,test,4,test,4,test
IM0010957,B_event_log,"CRM Client-Records System Slowdown. The CRM client-records system is extremely slow, taking ages to load even simple screens and frequently hanging.",Application,train,4,train,4,train,4,train
IM0010958,B_event_log,Loan Origination System Printing Error. I can't print the loan overview anymore after the system update; it worked fine before.,Application,train,5,train,5,train,5,test
IM0010960,B_event_log,Customer Onboarding Portal SSL Issue. The customer onboarding portal displays 'your connection is not private'. This issue affects some colleagues.,Application,train,4,train,4,test,4,test
IM0010991,B_event_log,Mortgage Advisory Application Data Save Failures. Saving data in the mortgage advisory application fails occasionally with a generic error. It works again after a while.,Application,train,4,train,4,train,4,train
IM0011000,B_event_log,Risk Reporting Dashboard Error. I entered an amount into the risk reporting dashboard but it showed an error.,Application,train,,not used,,not used,3,train
IM0011010,B_event_log,Mailbox Disconnected After Quota Reached. Outlook shows as disconnected and new emails don't appear. This happens after my mailbox storage reaches its limit.,Application,train,5,train,5,train,5,train
IM0011012,B_event_log,Internet Banking Account Lockout. My Internet Banking account locks me out every morning after logging in.,Application,test,3,train,3,train,3,train
IM0011014,B_event_log,"Failed SSD on LAP000727. Support engineer observed SMART failure on SSD during diagnostics on LAP000727, preventing the operating system from loading.",Hardware,test,5,train,5,train,5,train
IM0011017,B_event_log,Scheduled Task Lockout Due to Password Change. Support engineer noticed a scheduled task still using an old password after a recent change.,Application,train,4,train,4,train,4,train
IM0011036,B_event_log,"Mortgage Advisory Application Submit Button Issue. The submit button doesn't work anymore since the new version was installed, making it hard to complete tasks.",Application,train,4,train,4,train,4,test
IM0011040,B_event_log,Mortgage Advisory Application Data Saving Failure. Saving data in the mortgage advisory application doesn't work sometimes and then starts working after a while.,Application,train,4,train,4,train,4,train
IM0011054,B_event_log,Mortgage Advisory Function Incorrect Use. Support engineer observed no errors in WBA000058 logs but noted an incorrect function usage causing issues.,Application,train,4,train,4,train,4,test
IM0011056,B_event_log,Risk Reporting Dashboard Access Issue. I can't open the risk reporting dashboard because I get an 'access denied' message. Other people in my team have the same issue.,Application,test,4,train,4,train,4,train
IM0011066,B_event_log,"Scheduled Task Locking Document Management System Account. A scheduled task on configuration item SUB000424 still uses an outdated password, causing several colleagues' accounts to lock.",Application,train,4,train,4,train,4,train
IM0011074,B_event_log,VPN Connection Drops. My remote connection keeps breaking every 10 minutes while working from home.,Security,train,3,train,3,train,3,train
IM0011097,B_event_log,Payments Processing Timeout. Log monitoring shows timeout errors for payments processing service.,Application,train,3,train,3,train,3,train
IM0011111,B_event_log,Internet Banking Saving Issue. Cannot add new transactions; the app shows a database error after log backup failure.,Database,train,4,train,4,train,4,train
IM0011117,B_event_log,Scheduled Task Locking Internet Banking Account. Support engineer observed that a scheduled task on WBA000011 was still using an old password after a recent change.,Application,train,5,train,5,train,5,train
IM0011143,B_event_log,"CRM Client Addresses Mismatch. The client addresses in the CRM system are incorrect for some customers, sending them to the wrong old address.",Application,train,4,train,4,train,4,train
IM0011151,B_event_log,"Risk Reporting Dashboard Export Issue. When trying to export data from the risk reporting dashboard, I get an empty file. My colleagues have the same issue.",Application,train,4,train,4,train,4,train
IM0011154,B_event_log,ABAP RUNTIME ERROR - ST22. Support engineer observed ABAP runtime error 'CALL_FUNCTION_NOT_FOUND' in SAP000003 post-last night's transport.,Application,test,4,test,4,train,4,train
IM0011166,B_event_log,Document Management System Print Error. I can't print the overview anymore after the system update; it used to work fine last week.,Application,train,4,test,4,train,4,train
IM0011192,B_event_log,Customer Onboarding Portal Access Issue. I tried to access the customer onboarding portal today but got 'access denied'. Other people seem to be having the same issue.,Application,test,4,train,4,test,4,test
IM0011232,B_event_log,Scheduled Task Lockout Due to Stale Credentials. Support engineer noticed a scheduled task on WBA000011 still uses an old password after a change.,Application,train,5,train,5,test,5,train
IM0011257,B_event_log,"Submit button not working. The submit button on the Internet Banking portal doesn't respond anymore, and we can't complete our tasks.",Application,train,4,train,4,test,4,test
IM0011261,B_event_log,Customer Onboarding Portal Submit Button Issue. We can't submit new customer information because the button doesn't work.,Application,train,4,train,4,train,4,train
IM0011277,B_event_log,Slow Internet Banking Portal. Internet Banking portal is very slow after the monitoring agent update.,Application,train,,not used,,not used,3,train
IM0011299,B_event_log,"HR Self-Service Error Timeout. The HR self-service portal shows an error page saying the request timed out, especially in the morning.",Application,train,4,train,4,train,4,train
IM0011303,B_event_log,"HR Self-Service Portal Slow Search. When searching for customers, it takes longer than expected and sometimes fails to load.",Application,train,4,train,4,train,4,train
IM0011304,B_event_log,VPN Connection Issue. Some remote colleagues can't connect to the office network since morning.,Security,train,4,test,4,train,4,train
IM0011307,B_event_log,Slow Risk Reporting Dashboard Search Query. The risk reporting dashboard search query on SUB000479 is taking too long due to a full table scan.,Application,train,4,train,4,train,4,train
IM0011309,B_event_log,Customer Onboarding Portal Timeout. The customer onboarding portal is not working properly during the morning rush.,Application,test,4,train,4,test,4,train
IM0011323,B_event_log,CRM Client-Records System Error. The CRM client-records system displays 'your connection is not private'. Some colleagues also experience this issue.,Application,train,4,train,4,train,4,train
IM0011397,B_event_log,"Dashboard Connection Pool Exhaustion. Application logs indicate that 'Cannot get a connection, pool exhausted' errors are occurring on WBA000058 due to all connections being in use.",Application,train,4,train,4,train,4,train
IM0011403,B_event_log,Document Management System Error. I can't print the overview now after the update. It worked before.,Application,train,5,test,5,train,5,train
IM0011404,B_event_log,Loan Origination System TLS Handshake Failures. Interface monitor reported TLS handshake failures on SBA000122 since midnight.,Application,train,4,test,4,train,4,train
IM0011424,B_event_log,"HR Self-Service Portal Import Job Failure. The nightly import job for the HR self-service portal failed on WBA000058 at record 1,204 due to an invalid date format.",Application,train,4,train,4,train,4,train
IM0011429,B_event_log,SAP Procurement Transaction Error. I can't start the SAP procurement transaction because it shows a runtime error.,Application,train,4,test,4,test,4,test
IM0011443,B_event_log,"Customer Onboarding Portal Error. The customer onboarding portal shows an error page after a timeout, especially in the mornings.",Application,test,4,train,4,train,4,train
IM0011444,B_event_log,High CPU Queue Length on SBA000834. Performance alert: processor queue length high on SBA000834 after scheduled scan.,Application,train,4,test,4,test,4,test
IM0011445,B_event_log,"HR Self-Service Login Issue. Everyone can't access the HR self-service portal; when trying to log in, it just goes back to the login page.",Application,test,3,train,3,train,3,train
IM0011453,B_event_log,"Account Lockout After Password Change. Every morning, my account locks out even when I enter the right password.",Application,train,5,train,5,test,5,test
IM0011495,B_event_log,"Loan Origination System Account Lockout. My account locks every morning, even when I enter the right password.",Application,test,5,test,5,train,5,train
IM0011499,B_event_log,"Payments Processing Service Login Issue. Employees cannot log into the payments processing service. After entering their credentials, they are redirected back to the login page.",Application,train,4,test,4,train,4,train
IM0011504,B_event_log,High Authentication Failures - Internet Banking. Authentication failures spiked to 100% on Internet Banking portal at 07:30.,Application,train,5,train,5,train,5,train
IM0011525,B_event_log,Risk Reporting Dashboard Authentication Failures. Authentication issues spiked to 100% on the risk reporting dashboard at 07:30 after a certificate rollover.,Application,train,4,train,4,test,4,test
IM0011526,B_event_log,"HR Self-Service Submit Button Not Working. Since the new version of the HR self-service portal was installed, the 'submit' button doesn't work and we can't finish our tasks.",Application,train,4,train,4,test,4,test
IM0011554,B_event_log,Risk Reporting Dashboard Incorrect Customer Addresses. The client addresses shown on the risk reporting dashboard are incorrect for some customers; the letters are being sent to the wrong old address.,Application,train,5,train,5,test,5,train
IM0011563,B_event_log,"Mortgage Advisory Application TLS Issue. Today, the mortgage advisory app keeps saying my internet isn't secure.",Application,test,5,test,5,train,5,train
IM0011580,B_event_log,Account Locks After Logging In. My account keeps getting locked each morning despite me entering the right password. My colleagues are also experiencing this issue.,Application,train,4,train,4,train,4,train
IM0011594,B_event_log,"Payments Service Error - Morning. The payments service shows an error page saying the request timed out, especially in the morning.",Application,test,5,train,5,train,5,train
IM0011600,B_event_log,Loan Origination System Error Rate. 15% of loan requests timed out during peak hours.,Application,train,5,train,5,test,5,test
IM0011618,B_event_log,"VPN Tunnel Flapping After Firewall Change. Site-to-site VPN on ENC000007 tunnel monitor showing flapping, 14 down events in one hour.",Security,train,5,test,5,train,5,test
IM0011633,B_event_log,Duplicate Contracts in Internet Banking Portal. Internet Banking portal displays multiple copies of the same contract for some customers.,Application,train,4,train,4,train,4,train
IM0011639,B_event_log,Loan Origination System Query Slowdown. Database alert: average query time over 30 seconds on WBA000011.,Application,train,5,train,5,test,5,train
IM0011664,B_event_log,Customer Onboarding Portal API Payload Regression. Regression in the customer onboarding portal: API call payload change causes frontend parsing issues.,Application,test,4,train,4,train,4,train
IM0011665,B_event_log,Scheduled Task Locking Account. A scheduled task on configuration item WBA000133 is locking the Internet Banking portal account with an outdated password.,Application,test,4,test,4,train,4,train
IM0011668,B_event_log,"Document Management System Error. The document management system gives an error page saying the request timed out, especially in the mornings.",Application,test,4,test,4,train,4,train
IM0011678,B_event_log,Heap exhaustion and application freeze. Long garbage-collection pauses observed on WBA000058 causing the customer onboarding portal to freeze; some colleagues experience similar issues.,Application,train,4,test,4,test,4,test
IM0011701,B_event_log,SAN000182 Storage Alert. Storage threshold exceeded on SAN000182; free space below 1%. Impact: a small group of users.,Storage,train,4,train,4,test,4,test
IM0011711,B_event_log,High CPU Utilization on Internet Banking Portal. Monitoring alerted: CPU at 100% on SBA000659 for 45 minutes after agent update.,Application,train,3,train,3,train,3,train
IM0011742,B_event_log,Risk Reporting Dashboard Certificate Expired. Logs indicate 'PKIX path validation failed: certificate expired' when accessing the risk reporting dashboard.,Application,train,5,test,5,train,5,test
IM0011768,B_event_log,Data Volume Slowdown. Our shared database is very slow right now.,Infrastructure,train,4,train,4,test,4,test
IM0011801,B_event_log,"Loan Origination System Connection Pool Exhausted. Technical observation: Application logs indicate 'Cannot get a connection, pool exhausted' due to full connections.",Application,train,4,test,4,train,4,train
IM0011819,B_event_log,CRM Client-Records System Slowdown. The CRM client-records system is very slow and hangs frequently. Only I notice this issue.,Application,test,5,train,5,train,5,train
IM0011821,B_event_log,Document Management System Scheduler Alert. Scheduler alert: Document management system job chain on SBA000462 returned error 8 at 02:14.,Application,train,4,train,4,train,4,train
IM0011831,B_event_log,"SSO handshake failure on CRM client-records system. A Kerberos/SSO handshake failure occurs on SUB000456, preventing the CRM client-records system from validating ADFS tokens.",Application,test,4,train,4,test,4,test
IM0011869,B_event_log,Branch Network Interface Errors. Interface errors increasing; 5% packet loss to the branch.,Network,train,3,train,3,train,3,train
IM0011879,B_event_log,Workstation Application Not Starting. I can't open my application anymore. My security software says it's blocked.,Security,train,5,train,5,train,5,test
IM0011917,B_event_log,"Bulk Import Address Data Corruption. A bulk import on SBA000607 overwrote some address fields with values from the wrong column, affecting some colleagues.",Application,train,4,train,4,train,4,train
IM0011934,B_event_log,Payments print issue after update. I can't print the payments overview anymore after the weekend update. It worked before.,Application,train,5,train,5,train,5,test
IM0011949,B_event_log,TLS Handshake Failures. Branch teller application experiencing TLS handshake issues since midnight due to certificate expiration.,Application,train,4,test,4,train,4,train
IM0011951,B_event_log,Incorrect Function Usage in Payments Service. No errors found in logs related to SBA000462. The issue observed aligns with incorrect use of the function in the payments processing service.,Application,test,4,train,4,train,4,train
IM0012000,B_event_log,"Branch Network Drops. Our branch's network connectivity sometimes drops for a few seconds, causing application disconnections.",Network,train,,not used,,not used,3,train
IM0012005,B_event_log,"CRM System Unavailable. The CRM client-records system stopped working since Monday morning, affecting some colleagues.",Application,train,4,train,4,test,4,test
IM0012012,B_event_log,Branch Teller Application Error. The branch teller application shows an error when I try to enter the amount.,Application,train,3,train,3,train,3,train
IM0012044,B_event_log,Payments Processing Service Access Denied. I can't open the payments processing service today because I'm getting an 'access denied' message.,Application,train,4,train,4,train,4,train
IM0012049,B_event_log,CRM App Load Issue. CRP application rejects new sessions due to high load.,Application,test,4,train,4,train,4,train
IM0012066,B_event_log,High Authentication Failures on Document Management System. Authentication failures increased to 100% on document management system WBA000008 at 07:30.,Application,train,5,train,5,train,5,train
IM0012099,B_event_log,SAP Procurement Posting Issue. I can't post in SAP procurement anymore. It stops working with a message that says 'dump'. Only me is affected.,Application,test,5,train,5,train,5,train
IM0012105,B_event_log,Loan Origination System Performance Issues. Opening loan records takes too long and sometimes freezes. This affects our entire team.,Application,test,3,train,3,train,3,train
IM0012115,B_event_log,Loan Origination System Error Rate. 15% of loan requests time out during peak hours.,Application,train,5,train,5,test,5,test
IM0012120,B_event_log,HR Self-Service Portal TLS Handshake Failures. Interface monitor detected TLS handshake failures on HR self-service portal since midnight due to expired certificate.,Application,train,5,test,5,train,5,train
IM0012124,B_event_log,Teller Application Account Locked. Service account for branch teller application locked out six times within one hour.,Application,train,4,train,4,train,4,train
IM0012141,B_event_log,Loan Origination System Data Integrity Issue. Data check on loan origination system found 312 records violating referential integrity.,Application,test,4,train,4,train,4,train
IM0012143,B_event_log,"Slow Branch Teller Application. The branch teller app on SUB000113 is very slow, especially since this morning.",Application,train,4,train,4,train,4,train
IM0012153,B_event_log,Payments Processing Service Failure. Synthetic transaction failed at step 3 due to the latest deployment.,Application,train,4,test,4,train,4,train
IM0012157,B_event_log,Slow Data Access on SAN000182. My colleagues and I can't access the data stored on SAN000182 quickly. It's very slow right now.,Storage,train,4,train,4,train,4,train
IM0012263,B_event_log,SAN000182 Slow Performance. Our data access is very slow right now.,Storage,train,4,train,4,test,4,train
IM0012286,B_event_log,Database Alert: ORA-01653. Database alert on ADB000010: unable to extend tablespace USERS.,Database,train,3,train,3,train,3,train
IM0012299,B_event_log,HR Self-Service Portal Slowdown. The HR self-service portal becomes slower throughout the day and freezes when trying to view client records.,Application,train,5,train,5,test,5,train
IM0012311,B_event_log,Workstation application unresponsive. My work application won't open any more; my security software says it’s blocked.,Application,test,3,train,3,train,3,train
IM0012368,B_event_log,Loan Origination System Error. Loan origination system shows 'your connection is not private'. Our team is unable to access the system.,Application,train,3,train,3,train,3,test
IM0012369,B_event_log,Database Transaction Log Full - ADB000010. The transaction log of the database ADB000010 is at 100% capacity.,Database,test,3,train,3,test,3,train
IM0012393,B_event_log,Workstation application won't start. My computer won't open the work application; my antivirus flagged some files.,Application,train,4,train,4,train,4,train
IM0012439,B_event_log,Site-to-site VPN unreachable. Our remote colleagues can't access the office network since this morning. It's causing interruptions in our work.,Network,test,,not used,,not used,3,train
IM0012453,B_event_log,"Payments Processing Service Issue. Technical observation shows 'Cannot get a connection, pool exhausted' in application logs.",Application,train,4,train,4,train,4,train
IM0012460,B_event_log,Teller Application Account Lockout. Alert: Service account for branch teller app locked out six times in one hour.,Application,train,4,test,4,train,4,train
IM0012466,B_event_log,Loan Origination System Slow Queries. Database alert: Loan origination system showing average query times over 30 seconds during peak usage.,Application,train,4,train,4,train,4,train
IM0012488,B_event_log,Internet Banking Timeout. Log alerts show timeout errors for Internet Banking portal due to database connection pool exhaustion.,Application,test,3,test,3,train,3,test
IM0012491,B_event_log,HR Self-Service Portal Save Issue. We can't add new information to our HR self-service portal; it says there's a problem with saving data.,Database,train,3,train,3,test,3,train
IM0012498,B_event_log,"Internet Banking Connection Issue. Since morning, Internet Banking portal displays 'your connection is not private'.",Application,train,4,train,4,test,4,train
IM0012502,B_event_log,"Loan Origination System Import Job Failure. The nightly import job for loan origination system failed on record 1,204 due to an invalid date format.",Application,test,4,train,4,train,4,train
IM0012512,B_event_log,"Branch Network Drops. Network connectivity in our branch is intermittently dropping for a few seconds, disconnecting applications.",Network,train,3,test,3,train,3,test
IM0012556,B_event_log,False Positive Quarantine by Endpoint Agent. Endpoint agent quarantined an application's DLL on workstation DTA000616 after a policy update.,Application,test,4,train,4,train,4,train
IM0012623,B_event_log,Loan Origination System Data Save Errors. Saving loan data intermittently fails with generic errors; this resolves itself after a few minutes.,Application,train,3,train,3,train,3,test
IM0012636,B_event_log,"High Query Times on Internet Banking. Database alert: average query time on SUB000433 above 30 seconds, causing user sessions to wait on I/O.",Application,train,4,train,4,train,4,train
IM0012666,B_event_log,"Database Transaction Log Full. The transaction log on ADB000094 is at 100%, causing impact to a small group of users.",Database,train,4,train,4,train,4,train
IM0012670,B_event_log,Mortgage Advisory Application Data Save Errors. Saving data in the mortgage advisory application fails intermittently with a generic error; this happens during peak business hours.,Application,train,3,train,3,train,3,train
IM0012706,B_event_log,Bulk Import Address Overwrite. A bulk import overwrote address fields with incorrect data for some customers.,Application,train,4,train,4,train,4,train
IM0012707,B_event_log,Data Quality Check Failed. Data-quality check on SUB000539 reported 312 records failing referential integrity for the mortgage advisory application.,Application,test,4,train,4,train,4,train
IM0012745,B_event_log,"Workstation Application Not Starting. I tried to open the application, but my computer said the security software had a problem with it.",Application,train,3,train,3,test,3,train
IM0012762,B_event_log,Laptop Startup Failure. My laptop starts up but now asks for a BitLocker recovery key.,Hardware,train,5,test,5,test,5,train
IM0012768,B_event_log,SAN000182 Data Slowness. My colleagues and I are experiencing very slow data access across SAN000182.,Storage,train,4,train,4,train,4,test
IM0012774,B_event_log,Customer Onboarding Portal Timeout Errors. Error rate for SUB000424: 15% of customer onboarding portal requests fail with timeout errors during peak hours.,Application,test,4,train,4,train,4,train
IM0012790,B_event_log,BIOS Update Caused SSD Failure. A support engineer diagnosed SMART failure on LAP000002's SSD after a recent BIOS update.,Hardware,train,4,train,4,train,4,train
IM0012822,B_event_log,Locked Account After Password Change. My account is locked each morning despite entering the right password.,Application,test,4,train,4,train,4,train
IM0012826,B_event_log,Internet Banking Date Change Issue. I can't update the date on the Internet Banking portal after I submit a transaction. My colleagues have the same problem.,Application,train,4,train,4,train,4,train
IM0012848,B_event_log,Risk Reporting Dashboard Rounding Difference. The amounts shown on the overview page of the risk reporting dashboard are rounded differently from those in the detail screen.,Application,train,4,test,4,train,4,train
IM0012851,B_event_log,Laptop Won't Boot After BIOS Update. My laptop doesn't turn on anymore. It just shows a black screen with a blinking cursor.,Hardware,train,5,test,5,train,5,train
IM0012858,B_event_log,Internet Banking Portal Hang. Thread dumps show blocked threads in garbage collection; memory usage increases continuously causing the portal to hang.,Application,train,4,train,4,train,4,train
IM0012864,B_event_log,Scheduled Task Locking Account. A scheduled task on SBA000189 uses an outdated password causing account lockouts.,Application,test,5,train,5,train,5,train
IM0012865,B_event_log,"Endpoint Agent Quarantines DLL. The endpoint agent on DTA000057 quarantined an application's DLL file after a policy update, affecting only my workstation.",Application,train,5,train,5,test,5,train
IM0012903,B_event_log,Mortgage Advisory Application TLS Errors. Interface monitor reports TLS handshake failures on ESC000078 since midnight.,Infrastructure,train,5,test,5,train,5,train
IM0012925,B_event_log,Loan Origination System Service Account Locked Out. Automated alert: Service account for loan origination system locked out 6 times in 1 hour.,Application,train,5,train,5,train,5,train
IM0012952,B_event_log,Internet Banking Portal Field Locking. A support engineer noticed that the field locks automatically after submission on the Internet Banking portal.,Application,train,4,train,4,test,4,train
IM0012988,B_event_log,"Workstation Application Not Starting. The banking app won't open anymore, and I get a message from the security software.",Application,train,,not used,,not used,3,train
IM0012991,B_event_log,"Loan Origination System Slowdown. The loan origination system is very slow and often hangs, making basic screens take a long time to load.",Application,train,4,test,4,train,4,train
IM0012993,B_event_log,Outlook Disconnected & Mail Not Arriving. My Outlook keeps showing 'disconnected' and I can't get new emails to arrive.,Application,train,5,train,5,test,5,test
IM0012996,B_event_log,"PKIX Path Validation Failed. Support engineer observed 'PKIX path validation failed: certificate expired' in logs for SUB000523 during backend call, affecting some colleagues.",Application,train,4,train,4,train,4,train
IM0013008,B_event_log,"Branch Teller Login Failure. No one can log into the branch teller app; after typing their password, it brings them back to the login screen.",Application,train,4,train,4,test,4,test
IM0013022,B_event_log,SAN000182 Free Space Alert. Storage threshold exceeded on SAN000182; free space below 1%. After a large data load.,Storage,train,4,test,4,train,4,train
IM0013024,B_event_log,HR Self-Service Portal Unavailable. The HR self-service portal has been inaccessible since Monday morning after the server reboot.,Application,train,4,train,4,train,4,train
IM0013025,B_event_log,Missing Approval Button. I can't see where to approve requests on the document management system; it looks like there's no button.,Application,test,4,train,4,test,4,test
IM0013026,B_event_log,Dashboard Interface TLS Handshake Failures. Automated alert: TLS handshake failures on risk reporting dashboard since midnight.,Application,test,4,train,4,train,4,train
IM0013069,B_event_log,SAP Procurement Posting Issue. Posting transactions in SAP procurement stopped working this morning.,Application,train,5,test,5,train,5,train
IM0013105,B_event_log,Mortgage Advisory Application Unavailable. The mortgage advisory application is not working since Monday morning after the server reboot.,Application,train,3,test,4,train,3,train
IM0013106,B_event_log,"Bulk Import Address Data Corruption. During a bulk import on SBA000427, address fields were overwritten by values from the wrong column for some customers.",Application,test,3,test,3,test,3,train
IM0013154,B_event_log,"SSO Handshake Failure on Risk Reporting Dashboard. Kerberos/SSO handshake fails for the risk reporting dashboard on SBA000317, preventing token validation from ADFS.",Application,test,5,train,5,train,5,train
IM0013174,B_event_log,Incorrect Address Field Overwrite. A bulk import overwrote address fields incorrectly for some customers.,Application,train,4,test,4,train,4,train
IM0013177,B_event_log,Loan Origination System TLS Handshake Failures. TLS handshake failures detected between loan origination system and backend since midnight due to expired certificate.,Application,train,4,train,4,test,4,train
IM0013180,B_event_log,"Payments Processing Service Export Issue. When exporting files from the payments processing service, the generated files are empty.",Application,train,4,train,4,train,4,train
IM0013194,B_event_log,"Customer Onboarding Portal Slowness. When I try to open a record in the customer onboarding portal, it takes too long and sometimes the page freezes. Restarting fixes it temporarily.",Application,train,5,train,5,train,5,train
IM0013253,B_event_log,HR Self-Service Portal Slowdown. The HR self-service portal is extremely slow and freezes often. Only I am experiencing this.,Application,test,5,train,5,train,5,train
IM0013315,B_event_log,"Payments Service Connectivity Issues. Saving payments data fails briefly with generic errors, then works.",Application,test,5,train,5,test,5,train
IM0013341,B_event_log,"Payments Export Empty. When exporting from the payments processing service, the file comes out empty.",Application,train,4,test,4,train,4,train
IM0013391,B_event_log,"CRM Login Issue. I can't log into the CRM client-records system anymore. After typing my username and password, I'm sent back to the login page.",Application,train,5,test,5,test,5,train
IM0013454,B_event_log,IKE Phase 2 Renegotiation Failure. The IKE phase 2 renegotiation failed on SSW000336 due to a proposal mismatch after the firewall changed encryption settings.,Security,test,4,train,4,test,4,train
IM0013464,B_event_log,Teller Application Data Lag. The branch teller application displays yesterday's financial data instead of today's. Only I am experiencing this issue.,Application,train,5,test,5,train,5,test
IM0013479,B_event_log,Email disconnection issue. Outlook shows 'disconnected' and new emails aren't arriving. Some colleagues are also experiencing this.,Application,test,4,test,4,train,4,test
IM0013503,B_event_log,Incorrect Client Addresses in CRM. The client addresses in our CRM system are showing as outdated for several customers; letters are being sent to previous addresses.,Application,train,4,train,4,test,4,train
IM0013512,B_event_log,Bulk Import Address Overwrite. A bulk import overwrote address fields with values from the wrong column for some customers.,Application,train,4,test,4,train,4,test
IM0013549,B_event_log,API Payload Parsing Issue. Regression in mortgage advisory application due to changed API payload format.,Application,test,5,train,5,train,5,test
IM0013567,B_event_log,Nightly Batch Job Aborted - WBA000058. A batch job on configuration item WBA000058 was aborted due to an 'input file not found' error; the upstream interface file did not arrive on time.,Application,test,4,test,4,test,4,train
IM0013593,B_event_log,"Document Management System Access Denied. I can't open the document management system today, but it worked yesterday.",Application,train,4,train,4,test,4,test
IM0013598,B_event_log,High Processor Queue Length. Performance alert: processor queue length high on SBA000464.,Application,train,4,train,4,train,4,test
IM0013642,B_event_log,CRM Client-Records System Timeout. The CRM client-records system is slow to respond during the morning rush.,Application,train,5,train,5,train,5,train
IM0013656,B_event_log,Internet Banking Lockout Due to Stale Credentials. Support engineer observed that a scheduled task was locking out the Internet Banking account using an old password after a recent change.,Application,train,5,train,5,train,5,test
IM0013659,B_event_log,Mortgage Advisory Function Incorrect Usage. No errors found in SBA000617 logs; users were incorrectly using the mortgage advisory application function.,Application,train,3,train,3,train,3,train
IM0013682,B_event_log,Risk Reporting Dashboard Address Errors. Addresses shown on the risk reporting dashboard are incorrect for some clients; letters should go to their current addresses.,Application,train,4,test,4,train,4,train
IM0013718,B_event_log,Internet Banking Certificate Issue. Internet Banking portal shows 'Your connection is not private' since midnight.,Application,train,4,train,4,test,4,train
IM0013730,B_event_log,"Empty mortgage reports. Today, all reports in the mortgage advisory application are blank, it seems like the data hasn't been loaded.",Application,train,5,train,5,test,5,train
IM0013749,B_event_log,Customer Onboarding Portal Scheduler Alert. Scheduler alerted job chain for customer onboarding portal on SUB000545 ended with return code 8 during nightly run.,Application,train,5,train,5,train,5,train
IM0013794,B_event_log,Missing approve button in customer onboarding portal. I can't see the button to approve a request in the customer onboarding portal; it looks like it's been removed.,Application,train,4,test,4,train,4,train
IM0013806,B_event_log,"High CPU usage affecting risk reporting. A process on SBA000782 is using 98% CPU in a tight loop, causing other services to be starved.",Application,test,5,train,5,test,5,train
IM0013821,B_event_log,Workstation Application Not Starting. My application won't open anymore; my security software shows an error.,Application,train,4,test,4,test,4,train
IM0013857,B_event_log,"Mortgage Advisory Application Field Locking Issue. The mortgage advisory application locks the field after submission, contrary to colleague observations.",Application,train,4,test,4,test,4,test
IM0013874,B_event_log,"SSO Handshake Failure on Risk Reporting Dashboard. Kerberos/SSO handshake for the risk reporting dashboard on SBA000407 fails due to an expired ADFS token-signing certificate, preventing token validation.",Application,train,5,test,5,train,5,train
IM0013904,B_event_log,Workstation Applications Not Starting. My application won't open anymore. My security software says it's blocked.,Application,test,4,train,4,test,4,test
IM0013925,B_event_log,"Mortgage Advisory Application Connection Pool Issue. Active DB connections from WBA000124 reached maximum capacity during peak business hours, causing timeouts.",Application,train,4,train,4,train,4,test
IM0013941,B_event_log,"Customer Onboarding Portal Field Locking. A support engineer noticed that the 'submit' button locks the field after submission, contrary to what some colleagues are experiencing.",Application,train,4,train,4,train,4,train
IM0013962,B_event_log,Payments Service Error. My payment transactions won't complete because of a security warning.,Application,train,5,train,5,train,5,test
IM0013964,B_event_log,Mortgage Advisory Application Failure. An automated alert reported that a synthetic transaction failed at step 3 for WBA000103.,Application,train,4,test,4,train,4,train
IM0013991,B_event_log,"Slow Customer Search in Payments Service. When searching for customers, it takes over a minute and sometimes fails. My colleagues are also having this issue.",Application,train,4,train,4,test,4,train
IM0013996,B_event_log,Document Management System Errors. Saving documents fails occasionally with no specific message; it works fine after some time.,Application,train,4,train,4,train,4,test
IM0013997,B_event_log,"Laptop Won't Boot. My laptop won't turn on, it just shows a black screen with a blinking cursor.",Hardware,train,5,train,5,train,5,train
IM0014006,B_event_log,"Document search timeout issue. When searching for customers in the document management system, it takes longer than expected and sometimes fails.",Application,test,4,train,4,train,4,train
IM0014027,B_event_log,Document Management System Unavailable. The document management system stopped working after the server rebooted last night.,Application,test,,not used,,not used,3,train
IM0014046,B_event_log,Branch Printer Not Working. The printer at the branch isn't printing anything. Documents keep getting stuck in the queue.,Hardware,test,4,train,4,train,4,train
IM0014060,B_event_log,CRM Client-Records System Warning. The CRM client-records system displays 'your connection is not private.' Some colleagues are experiencing the same issue.,Application,train,4,train,4,train,4,train
IM0014062,B_event_log,Loan Origination System Data Saving Failure. Saving loan data in the system sometimes stops working immediately but restarts after a while.,Application,train,4,train,4,train,4,train
IM0014075,B_event_log,"Customer Search Timeout Issue. When searching for customers, the portal takes too long and sometimes fails during busy times.",Application,train,4,train,4,train,4,train
IM0014082,B_event_log,Internet Banking Filter Error. Support engineer observed no errors in DTA000616 logs but noted the issue was due to incorrect function usage.,Application,train,2,train,2,train,2,train
IM0014088,B_event_log,Branch Teller API Payload Parsing Issue. Regression observed in the branch teller application where an API call's payload changes and the frontend on WBA000058 cannot parse it.,Application,train,4,train,4,train,4,train
IM0014090,B_event_log,"Account Locking After Password Change. My account locks every morning, even with the right password. This happened after my password was updated.",Application,train,,not used,,not used,3,test
IM0014091,B_event_log,Account Lockout Issue. My account locks each morning despite entering the right password. Others also have this problem.,Application,test,4,train,4,train,4,train
IM0014096,B_event_log,Branch Printer Error. Printing does not work properly and the printer icon shows it's offline.,Hardware,train,4,test,4,train,4,train
IM0014119,B_event_log,Payments Print Error After Update. I can't print the payments overview anymore since the service update last weekend.,Application,train,5,train,5,train,5,test
IM0014130,B_event_log,"High CPU usage by scheduled task. One process on SUB000113 is using 98% CPU in a tight loop, causing other services to be starved.",Application,train,3,train,3,train,3,test
IM0014137,B_event_log,Document Management System Synthetic Transaction Failure. Automated alert: Document management system synthetic transaction fails at step 3 after weekend release.,Application,test,3,test,3,test,3,train
IM0014138,B_event_log,Account Lockout Every Morning. My team's account keeps getting locked every day despite us typing the right password.,Application,train,3,train,3,train,3,train
IM0014141,B_event_log,Payments Processing Service Slow Query. The top SQL on SUB000508 is a payments processing service search query performing a full scan. Optimizer statistics are 3 weeks old.,Application,train,3,train,3,train,3,train
IM0014145,B_event_log,Bulk Import Address Data Corruption. A bulk import on configuration item SBA000607 inadvertently replaced customer addresses with data from an incorrect column.,Application,test,4,train,4,test,4,train
IM0014152,B_event_log,Batch Job Aborted Due to Missing Interface File. The nightly batch job on SBA000074 was aborted due to an 'input file not found' error caused by the absence of the upstream interface file.,Application,train,5,train,5,train,5,test
IM0014160,B_event_log,Workstation Application Not Starting. I can't open the application anymore because my security software says it has been blocked.,Application,train,3,train,3,train,3,train
IM0014163,B_event_log,Customer Onboarding Portal Scheduler Failure. Automated alert: nightly job for customer onboarding portal SBA000624 failed with return code 8 at 02:14.,Application,train,4,train,4,train,4,test
IM0014174,B_event_log,CRM Client-Records System Issue. The CRM client-records system displays 'Your connection is not private' since this morning.,Application,train,4,test,4,train,4,train
IM0014175,B_event_log,TLS Handshake Failures on Customer Onboarding Portal. Interface monitor reported TLS handshake failures between WBA000058 and the backend since 00:00.,Application,train,4,train,4,test,4,train
IM0014176,B_event_log,"Mortgage Application Data Saving Errors. Saving data in the mortgage advisory application doesn't work sometimes, but it starts working again after a while.",Application,train,4,test,4,train,4,test
IM0014179,B_event_log,"Customer Onboarding Portal Access Denied. I can't open the customer onboarding portal now. It says 'access denied', but I could log in yesterday.",Application,train,5,train,5,train,5,train
IM0014216,B_event_log,Loan Origination System Transaction Failure. Automated alert: Loan origination system synthetic transaction fails at step 3.,Application,train,3,test,3,test,3,train
IM0014222,B_event_log,Branch Teller Application Transaction Failure. An automated alert indicates a synthetic transaction failure on branch teller application WBA000094.,Application,test,5,train,5,train,5,train
IM0014227,B_event_log,CRM Client-Records System Update Failed. The CRM client-records system showed yesterday’s data instead of updated figures this morning during nightly runs.,Application,test,5,train,5,train,5,train
IM0014255,B_event_log,"CRM Client-Records System Patch Installation Failure. During the monthly patch weekend, a patch installation on SBA000074 failed halfway, causing the server to hang at 'configuring updates'. Only the support engineer observed this issue.",Application,train,5,train,5,train,5,train
IM0014265,B_event_log,Backup Staging Area Full. File system on DCE000077 is 100% full due to an unexpected increase in application log directory size of 300 GB over two days following a large data load.,Infrastructure,test,3,train,3,train,3,train
IM0014267,B_event_log,High Authentication Failures for Payments Service. Authentication failures spiked to 100% for the payments processing service on configuration item SBA000074 since morning.,Application,train,5,train,5,train,5,test
IM0014277,B_event_log,Loan Origination System Connection Error. The loan origination system says 'your connection is not private' since this morning.,Application,test,4,train,4,test,4,train
IM0014294,B_event_log,"CRM Client-Records System Empty Reports. Today all reports in the CRM client-records system are empty, it seems the data wasn't loaded.",Application,train,3,train,3,train,3,test
IM0014303,B_event_log,Customer Onboarding Portal SAML Signature Issue. Support engineer observed SAML responses being rejected as 'invalid signature' on the customer onboarding portal due to mismatched token-signing certificates.,Application,train,5,train,5,train,5,train
IM0014319,B_event_log,Document Management System SAML Signature Issues. The SAML responses for the document management system are being rejected with 'invalid signature' due to a mismatch between the configured and the actual IdP token-signing certificate.,Application,test,4,train,4,train,4,test
IM0014332,B_event_log,Risk Reporting Dashboard Timeout. The risk reporting dashboard takes too long to load during morning hours.,Application,test,4,train,4,train,4,train
IM0014354,B_event_log,"High CPU Usage on HR Portal. A process on SBA000607 was using 98% CPU in a tight loop, affecting other services.",Application,train,4,train,4,train,4,train
IM0014379,B_event_log,Mortgage Advisory Application Print Issue. We can't print the overview anymore after the recent update; it worked before.,Application,train,4,train,4,train,4,train
IM0014419,B_event_log,Loan Origination System Data Lag. The loan origination system is showing yesterday's data instead of today's. The overnight update didn't happen.,Application,test,5,train,5,train,5,train
IM0014429,B_event_log,"Risk Reporting Dashboard Timeout. The risk reporting dashboard stops working properly during the morning rush, causing delays.",Application,train,4,train,4,train,4,train
IM0014453,B_event_log,NullPointerException in Payments Processing Service. Support engineer observed a Stack trace showing a NullPointerException in the new validation module after the latest release.,Application,test,4,train,4,train,4,train
IM0014461,B_event_log,E-mail not sending. I can't send emails anymore. They just stay in my outbox.,Application,train,4,train,4,train,4,train
IM0014462,B_event_log,Batch Job Aborted - Customer Onboarding Portal. A batch job on configuration item SUB000479 was aborted due to an 'input file not found' error; the upstream interface file did not arrive on time.,Application,train,5,train,5,train,5,train
IM0014479,B_event_log,Loan Origination System SAML Signature Issue. Support engineer noticed SAML responses for the loan origination system are being rejected with 'invalid signature' due to mismatched IdP token-signing certificates.,Application,train,4,train,4,train,4,train
IM0014490,B_event_log,Mortgage App Showing Connection Warning. The mortgage advisory app keeps showing that our internet connection isn't secure since this morning.,Application,test,4,train,4,train,4,train
IM0014564,B_event_log,CRM Client-Records System Unavailable. The CRM client-records system is not working since Monday morning. It stopped working after the server reboot last night.,Application,train,5,train,5,train,5,train
IM0014565,B_event_log,Loan Origination System Data Mismatch. The loan origination system is showing data from yesterday instead of today's data.,Application,train,4,train,4,train,4,test
IM0014580,B_event_log,Onboarding Portal Down. Customer onboarding portal stopped working due to application service failure during maintenance.,Application,train,5,train,5,train,5,train
IM0014592,B_event_log,Loan Origination System TLS Handshake Failures. Interface monitor reported TLS handshake failures between SBA000462 and backend since midnight due to expired certificate.,Application,train,4,test,4,train,4,train
IM0014595,B_event_log,"Internet Banking Account Lockout. I can't log into my account in Internet Banking because it locks every morning, even when I enter the right password.",Application,test,4,train,4,test,4,train
IM0014613,B_event_log,"Stuck DB Connections in CRM System. The application's database connection pool is maxed out, causing active connections to remain stuck and resulting in timeouts for CRM client-records system users.",Application,train,5,train,5,test,5,train
IM0014633,B_event_log,"Empty Risk Reporting Dashboard. Today's risk reports on the dashboard are missing, as if no data was loaded.",Application,train,4,train,4,train,4,test
IM0014644,B_event_log,Slow Payments Processing Service. The payments processing service on SBA000184 has been very slow since morning.,Application,train,5,test,5,train,5,train
IM0014647,B_event_log,Scheduled Task Locking Risk Reporting Dashboard. Support engineer observed that a scheduled task on SBA000607 is locking out due to an old password.,Application,train,5,train,5,train,5,train
IM0014661,B_event_log,"High CPU Usage on CRM Agent. A process on SBA000184 was using 98% CPU in a tight loop, starving other services.",Application,train,5,train,5,train,5,train
IM0014705,B_event_log,Document Management System Down. The document management system application service stopped after the monthly patch weekend.,Application,train,3,train,3,train,3,train
IM0014734,B_event_log,Failed Referential Integrity Checks. Data quality check on WBA000144 found 312 records failing referential integrity in the CRM client-records system.,Application,test,4,train,4,train,4,train
IM0014744,B_event_log,HR Self-Service Portal Data Save Errors. Saving data on the HR self-service portal sometimes fails with a generic error; it starts working again after a while.,Application,train,4,test,4,train,4,train
IM0014749,B_event_log,HR Self-Service Portal TLS Failure. TLS handshake failures on HR self-service portal since midnight due to expired certificate.,Application,train,5,train,5,train,5,test
IM0014750,B_event_log,Loan Origination System Error. We can't print the overview anymore after the update; it worked before.,Application,test,4,train,4,test,4,train
IM0014771,B_event_log,IKE Phase 2 Renegotiation Failure. The IKE phase 2 renegotiation fails on SSW000068 due to proposal mismatch after the peer changed its encryption settings.,Security,train,5,train,5,train,5,train
IM0014777,B_event_log,Risk Reporting Dashboard Data Lag. The risk reporting dashboard shows yesterday’s figures instead of today’s. Only I can see the issue.,Application,test,5,train,5,train,5,train
IM0014794,B_event_log,CRM Client-Records System Slowdown. Opening records in the CRM system takes a long time and sometimes causes the screen to freeze. Restarting helps but the problem returns.,Application,train,4,train,4,train,4,test
IM0014795,B_event_log,Loan Origination System Client Address Errors. The client addresses shown in the loan origination system are incorrect for some customers; emails are being sent to outdated addresses.,Application,test,4,train,4,train,4,train
IM0014798,B_event_log,Port issues affecting team. Port on CNT000005 shows late collisions and CRC errors; the device negotiated half duplex.,Network,train,3,train,3,train,3,train
IM0014812,B_event_log,Slow Mortgage Advisory Application. The mortgage advisory application on server SBA000834 is very slow after the monitoring agent update.,Application,train,4,train,4,train,4,train
IM0014818,B_event_log,Payments Processing Service Access Denied. I can't access the payments processing service anymore; I could log in before.,Application,train,4,test,4,train,5,train
IM0014822,B_event_log,Risk Reporting Dashboard Addresses Incorrect. The client addresses shown on the risk reporting dashboard are outdated; we're seeing old addresses instead of current ones.,Application,train,4,train,4,test,4,train
IM0014827,B_event_log,Payments Processing Service Outdated. Today's payment data is showing yesterday's information; the update failed during the night.,Application,train,5,train,5,train,5,train
IM0014830,B_event_log,"High CPU Usage on Mortgage Advisory Application. A process on SBA000607 was using 98% CPU in a tight loop, affecting other services.",Application,train,4,test,4,train,4,train
IM0014836,B_event_log,Document Management System Unavailable. The document management system is not working since Monday morning.,Application,train,4,test,4,test,4,train
IM0014838,B_event_log,Kerberos/SSO Handshake Failure. Kerberos/SSO handshake for document management system on SUB000508 failed due to expired token-signing certificate.,Application,test,3,train,3,train,3,train
IM0014842,B_event_log,"CRM Client-Records System Error. Since morning, the CRM client-records system displays 'your connection is not private'.",Application,train,4,train,4,test,4,train
IM0014860,B_event_log,Incorrect Client Addresses in CRM. Client addresses in the CRM system are showing old information. Only I have seen this issue.,Application,train,5,train,5,train,5,train
IM0014877,B_event_log,Workstation Applications Not Starting. The application won't open anymore; I get a message from the security software.,Application,train,3,train,3,train,3,train
IM0014895,B_event_log,CRMAPI Load Issue. Worker APP000005 rejected new sessions due to high load.,Application,train,4,test,4,train,4,train
IM0014901,B_event_log,Internet Banking Timeout Errors. 15% of Internet Banking requests fail with timeout errors during peak hours.,Application,train,,not used,,not used,3,train
IM0014905,B_event_log,"Branch Teller Application Error. When entering amounts, the branch teller application shows an error.",Application,train,4,train,4,test,4,test
IM0014914,B_event_log,File Share Not Responding. I can't save anything on the shared drive. It shows no space available.,Storage,train,5,train,5,train,5,train
IM0014951,B_event_log,"VPN Connectivity Issue. The remote connection to our office network stopped working in the morning, impacting all team members.",Network,test,3,train,3,train,3,train
IM0014958,B_event_log,Payments Processing Query Performance Issue. The payments processing service search query is performing a full table scan due to outdated optimizer statistics.,Application,train,4,train,4,train,4,train
IM0014975,B_event_log,Internet Banking Portal Amount Rounding. The amounts shown in the Internet Banking portal summary page don't match those in the detailed view.,Application,train,4,test,4,train,5,test
IM0014989,B_event_log,BIOS Update Caused Disk Failure. The technician observed SMART failure on DSK000045 SSD following a recent BIOS update.,Hardware,train,5,train,5,test,5,train
IM0014993,B_event_log,"Account Lockout Issue. My account locks every morning, even with the right password. Other colleagues have similar issues.",Application,train,4,train,4,test,4,test
IM0014995,B_event_log,Bulk Import Corruption - Address Fields. A bulk import on WBA000058 has overwritten address fields with values from the wrong column for some customers.,Application,test,4,train,4,train,4,train
IM0015002,B_event_log,Customer Onboarding Portal Account Lockout. Service account for customer onboarding portal locked out six times within an hour.,Application,test,4,train,4,train,4,train
IM0015031,B_event_log,"CRM Client-Records System SSL Issue. Since morning, CRM client-records system displays 'your connection is not private'.",Application,train,4,train,4,train,5,train
IM0015061,B_event_log,Payments Processing Service Account Lockout. Alert: Payments processing service service account locked out six times in one hour.,Application,train,4,train,4,train,4,test
IM0015065,B_event_log,Internet Banking Login Failure. No one can log into the Internet Banking portal anymore; they are redirected back to the login page.,Application,train,4,test,4,train,4,train
IM0015070,B_event_log,"Endpoint Agent Quarantines Application DLL. The endpoint agent on DTA000057 quarantined an application's DLL after a policy update, marking it as a false positive.",Application,train,5,test,5,train,5,test
IM0015082,B_event_log,Branch Teller Application Save Error. We can't add new customer records; the app says there's a database problem.,Database,train,3,train,3,train,3,train
IM0015086,B_event_log,Slow Document Management System. Our document management system is very slow after the monitoring agent update.,Application,train,3,train,3,train,3,test
IM0015093,B_event_log,"Invalid SAML Signature on Internet Banking Portal. The SAML responses for the Internet Banking portal on configuration item WBA000009 are being rejected due to an invalid signature, indicating a mismatch between the configured and the actual token-signing certificate.",Application,train,5,train,5,test,5,train
IM0015117,B_event_log,Internet Banking Portal Unavailable. The Internet Banking portal is not accessible since Monday morning after a server reboot.,Application,test,5,test,5,test,5,train
IM0015160,B_event_log,Payments Processing Service Locking After Submission. A support engineer observed that the field locks after submission by design.,Application,test,4,train,4,test,4,train
IM0015164,B_event_log,Document Management System Transaction Log Full. The transaction log of the document management system on ADB000010 is at 100% capacity.,Database,train,3,train,3,train,3,test
IM0015174,B_event_log,CRM Client-Records Timeout. Log alerts show timeout errors on SBA000462 for CRM client-records system.,Application,train,4,train,4,train,4,train
IM0015192,B_event_log,Cannot Save New Mortgage Records. We can't add new mortgage information; the app says there's a problem with the database.,Database,train,3,train,3,train,3,train
IM0015210,B_event_log,HR Self-Service Portal Data Issue. Data-quality check detected 312 failing referential integrity records for the HR self-service portal.,Application,test,4,train,4,train,4,train
IM0015213,B_event_log,"Mortgage Advisory Application Login Issues. People can't log into the mortgage advisory app; when they try, they're brought back to the login page.",Application,test,4,train,4,train,4,train
IM0015215,B_event_log,Bulk Import Address Data Corruption. A manual correction during a bulk import on WBA000103 overwrote the address fields with values from the wrong column for some customers.,Application,train,4,test,4,train,4,test
IM0015237,B_event_log,SSO Handshake Failure on Loan Origination System. Kerberos/SSO handshake for the loan origination system on configuration item SUB000424 fails due to an expired token-signing certificate in the application's SSO trust.,Application,test,5,test,5,train,5,train
IM0015244,B_event_log,Network Drops in Branch. Our branch's network goes offline for a few seconds at a time; apps stop working briefly.,Network,train,,not used,,not used,3,test
IM0015287,B_event_log,Internet Banking Saving Data Errors. Saving data in the Internet Banking portal stops working suddenly but then starts working again after a while.,Application,train,4,train,4,test,4,train
IM0015311,B_event_log,Customer Onboarding Portal Unavailable. The customer onboarding portal is not working since yesterday morning.,Application,test,5,train,5,train,5,train
IM0015339,B_event_log,Branch Teller App SSL Issue. The branch teller app shows 'Your connection is not private.' This happened this morning and some colleagues also have this issue.,Application,train,4,test,4,train,4,train
IM0015360,B_event_log,"Mortgage Advisory Application Error. The mortgage advisory application is showing an error page with a timeout message, especially in the mornings.",Application,train,4,train,4,test,4,train
IM0015405,B_event_log,CRM Client-Records System Function Incorrect Use. I observed no errors in the logs related to WBA000008 but noticed the issue aligns with incorrect function usage in the CRM client-records system.,Application,test,5,train,5,train,5,test
IM0015437,B_event_log,Teller Application Service Stopped. Branch teller application service stopped after maintenance window due to reboot.,Application,train,5,train,5,train,5,train
IM0015461,B_event_log,Workstation Application Not Starting. I can't open the application anymore; my security software says it's blocked.,Application,test,5,train,5,train,5,train
IM0015469,B_event_log,High CPU Utilization on Internet Banking Portal. CPU utilisation at 100% on SBA000665 for 45 minutes.,Application,train,5,train,5,train,5,train
IM0015471,B_event_log,"DB Connection Pool Exceeded. DTA000027's database connection pool is full, causing active DB connections to reach maximum capacity and leading to timeouts in the branch teller application.",Application,test,3,train,3,train,3,test
IM0015479,B_event_log,HR Self-Service Printing Error. We can't print the overview anymore on the HR self-service portal since the update. Last week it worked fine.,Application,train,4,train,4,train,4,train
IM0015502,B_event_log,CRM Client-Records System Job Chain Error. Scheduler alert: job chain for CRM client-records system on WBA000145 ended with return code 8 at 02:14.,Application,train,4,train,4,train,4,test
IM0015527,B_event_log,Loan Origination System Slows Down. The loan origination system becomes slow during the day and stops working when trying to look at client information.,Application,train,4,test,4,train,4,train
IM0015529,B_event_log,Customer Onboarding Portal Service Account Lockout. Service account for the customer onboarding portal locked out six times within one hour.,Application,train,4,train,4,test,4,test
IM0015531,B_event_log,"Empty Internet Banking Portal Data. Today, my reports in the Internet Banking portal are blank, it seems like the data hasn't been loaded.",Application,train,5,train,5,test,5,train
IM0015566,B_event_log,HR Self-Service Portal TLS Issues. TLS handshake failures on HR self-service portal since midnight due to expired certificate.,Application,train,3,train,3,train,3,train
IM0015583,B_event_log,Internet Banking Portal Account Lockout. AD alert: Service account for Internet Banking portal locked out 6 times in 1 hour.,Application,train,4,test,4,train,4,train
IM0015605,B_event_log,Branch Teller Application Address Issue. The client addresses in the branch teller application are incorrect and showing as old addresses.,Application,train,4,train,4,test,4,train
IM0015632,B_event_log,CRM Amount Rounding Issue. Amounts show different rounding in the overview compared to the detail view.,Application,train,5,test,5,train,5,train
IM0015660,B_event_log,"HR Self-Service Portal API Payload Issue. The HR self-service portal’s API call changed its payload in the latest release, causing the frontend on DTA000616 to fail parsing it.",Application,train,3,test,3,test,3,train
IM0015668,B_event_log,Document Management System High Usage. Heap usage at 95% and avg response time over 8s detected on SBA000607.,Application,train,5,train,5,train,5,test
IM0015673,B_event_log,Document Management System Issue. We can't use the submit button on the document management system anymore since the update.,Application,train,4,train,4,train,4,train
IM0015718,B_event_log,Null Pointer Exception in Mortgage Advisory Application. Support engineer observed a Stack trace showing NullPointerException in the new validation module after the weekend release.,Application,test,4,train,4,train,4,train
IM0015726,B_event_log,Payments Processing Service Timeouts. The payments processing service is taking too long to respond during peak morning hours.,Application,test,4,train,4,train,4,train
IM0015751,B_event_log,Loan Origination System Validation Issue. A NullPointerException was found in the new validation module after the latest release. This issue affects some colleagues who are unable to use the submit function.,Application,test,4,train,4,train,4,test
IM0015762,B_event_log,SAN000178 File System Full. The file system on SAN000178 became 100% full due to an unexpected growth of log files.,Storage,train,2,test,2,test,2,test
IM0015766,B_event_log,Internet Banking Client Addresses Incorrect. The client addresses shown on the Internet Banking portal are incorrect for some customers. Letters are being sent to the wrong old address.,Application,test,4,train,4,train,4,train
IM0015772,B_event_log,"Empty reports in document management system. Today, reports in the document management system are all blank, like no data was loaded.",Application,test,4,train,4,train,4,test
IM0015775,B_event_log,Slow Customer Onboarding Portal. The portal takes a long time to load since this morning.,Application,train,4,train,4,train,4,train
IM0015839,B_event_log,Account Locking After Password Change. My account keeps locking each morning despite entering the right password. It affects some of my colleagues too.,Application,train,4,train,4,train,4,train
IM0015844,B_event_log,Customer Onboarding Portal Slow. Searching for customers in the portal takes longer than usual and sometimes fails.,Application,train,4,test,4,train,4,train
IM0015916,B_event_log,"Branch Teller Application Error. The branch teller application shows an error page saying the request timed out, especially in the morning.",Application,train,5,train,5,train,5,train
IM0015918,B_event_log,"Payments Service Error - Timeout. The payments service gives an error saying the request timed out, especially in the mornings.",Application,train,5,train,5,train,5,train
IM0015994,B_event_log,TLS Handshake Failures on Document Management System. Interface monitor reported TLS handshake failures between WBA000145 and the backend since midnight.,Application,test,5,train,5,train,5,train
IM0016090,B_event_log,Internet Banking Portal Failure. The application service on SBA000360 failed to start post-patch reboot due to the database service being unavailable.,Application,train,5,train,5,train,5,test
IM0016108,B_event_log,"Document Management System Error. I keep getting an error page on the document management system saying it timed out, especially in the mornings.",Application,train,5,train,5,train,5,test
IM0016118,B_event_log,Database Storage Slowdown. The database on DCE000126 is very slow for everyone.,Infrastructure,train,3,train,3,train,3,train
IM0016131,B_event_log,Mortgage Advisory Application Unavailable. The mortgage advisory application is not working since Monday morning after the monthly patch.,Application,test,4,train,4,test,4,train
IM0016135,B_event_log,Account Lockout Issue. My account locks each morning despite entering the right password. My colleagues have the same issue.,Application,train,4,train,4,train,4,train
IM0016147,B_event_log,"Print Spooler Hang - Branch Printing. The spooler on the print server hangs due to a corrupted job for SCN000001, blocking the queue.",Hardware,train,3,train,3,train,3,train
IM0016150,B_event_log,"Endpoint Agent Quarantine False Positive. An endpoint agent quarantined an application's DLL file after a policy update, which was identified as a false positive.",Application,train,4,train,4,train,4,train
IM0016158,B_event_log,Loan Origination System Batch Job Aborted. A batch job on WBA000124 was aborted due to an 'input file not found' error; the interface file from the upstream system was missing or malformed.,Application,train,4,train,4,train,4,train
IM0016204,B_event_log,Loan Origination System Slowdown. The loan origination system becomes slower throughout the day and freezes when opening client records. Restarting it fixes it temporarily.,Application,train,5,train,5,train,5,test
IM0016210,B_event_log,Document Management System Certificate Issue. Support engineer observed 'PKIX path validation failed: certificate expired' when accessing the document management system's backend.,Application,test,4,train,4,train,4,test
IM0016233,B_event_log,Internet Banking Data Integrity Issue. Data quality check found 312 failing referential integrity records for the Internet Banking portal after a bulk import.,Application,train,3,train,3,train,3,train
IM0016274,B_event_log,"Internet Banking Search Timeout. When searching for customers on the Internet Banking portal, it sometimes takes over a minute to load and can fail.",Application,test,4,test,4,train,4,train
IM0016291,B_event_log,Workstation Application Not Starting. My application won't open anymore; it says my security software has blocked it.,Application,train,3,train,3,train,3,train
IM0016315,B_event_log,"Loan Origination System Slow. Since morning, the loan origination system on SBA000326 is very slow and affects our work.",Application,test,3,test,3,test,3,train
IM0016317,B_event_log,Loan Origination System Certificate Issue. Loan origination system displays 'connection not private' since midnight. Some colleagues also see this.,Application,train,4,train,4,test,5,train
IM0016321,B_event_log,Risk Reporting Dashboard Authentication Failures. Authentication failures reached 100% on the risk reporting dashboard at 07:30 this morning.,Application,train,,not used,,not used,3,train
IM0016363,B_event_log,High Processor Queue Length - SUB000034. Performance alert: processor queue length high on SUB000034.,Application,train,4,test,4,train,4,train
IM0016364,B_event_log,Loan Origination System Authentication Failures. Authentication errors reached 100% for the loan origination system on device DTA000025 at 07:30.,Application,test,4,train,4,test,4,test
IM0016368,B_event_log,Backup Staging Area Upload Failures. I can't upload files to the backup area today. It stopped working after our log files grew unexpectedly.,Storage,test,3,test,3,test,3,train
IM0016376,B_event_log,SAN000182 File System Full. File system on SAN000182 is 100% full due to rapid growth of application log directory over two days.,Storage,train,4,train,4,train,4,train
IM0016380,B_event_log,"Mortgage Advisory Application Import Job Failure. A nightly import job for the mortgage advisory application failed on record 1,204 due to an invalid date format in the interface file.",Application,test,4,train,4,train,4,train
IM0016394,B_event_log,Document Management System Slowdown. The document management system is slow throughout the day and freezes when trying to open client records.,Application,test,5,train,5,train,5,train
IM0016415,B_event_log,"File Shares Upload Failures. Today, file uploads to the shared drives stopped working.",Storage,train,4,test,4,train,4,test
IM0016503,B_event_log,"Query Plan Change After Data Load. An AWR report showed a full table scan on the transactions table post-large data load, which changed after refresh of optimizer statistics.",Application,train,4,train,4,test,4,train
IM0016519,B_event_log,Internet Banking Export Empty File. I can't download any files from the Internet Banking site. Others have the same issue.,Application,test,4,train,4,train,4,test
IM0016528,B_event_log,Mortgage Advisory Application Timeout. Log monitoring alerts 'Timeout waiting for idle object' exceptions for the mortgage advisory application.,Application,train,4,train,4,train,4,test
IM0016536,B_event_log,Access Denied on Mortgage Advisory App. I can't open the mortgage advisory application today even though I logged in successfully yesterday.,Application,train,5,train,5,train,5,train
IM0016560,B_event_log,"High query times on risk reporting dashboard. Database alert: average query time exceeds 30 seconds on WBA000011, causing delays.",Application,train,5,train,5,train,5,train
IM0016574,B_event_log,Branch Printer Not Printing. The printer at the branch isn't working; all my documents get stuck in the queue.,Hardware,train,5,train,5,train,5,test
IM0016580,B_event_log,"Mortgage Advisory Application Slow Queries. Database alert on SUB000538: average query times over 30 seconds, causing user sessions to wait.",Application,test,4,train,4,train,4,train
IM0016585,B_event_log,CRM Application Freezes. The CRM application on my computer stops working after a few minutes and I need to restart it.,Application,train,4,test,4,train,4,train
IM0016590,B_event_log,Internet Banking SAML Signature Issue. SAML responses for the Internet Banking portal are being rejected due to an invalid signature; the identity provider token-signing certificate does not match the configured one.,Application,train,5,train,5,train,5,test
IM0016594,B_event_log,"CRM Application Freezes. The CRM application stops working after running for a while, requiring me to restart my session.",Application,train,4,train,4,test,4,test
IM0016604,B_event_log,"CRM Client-Records System Connection Issue. Technical observation of 'Cannot get a connection, pool exhausted' in application logs; all pool connections are in use and new requests time out.",Application,train,4,train,4,train,4,train
IM0016611,B_event_log,Internet Banking Portal PKIX Path Validation Failed. The support engineer observed that logging into WBA000058 results in a 'PKIX path validation failed: certificate expired' error when trying to call the backend of the Internet Banking portal.,Application,train,4,train,4,train,4,test
IM0016624,B_event_log,Virtual Workplace Hang. My virtual workplace won't finish logging on and stays on the welcome screen.,Application,train,4,train,4,train,4,train
IM0016628,B_event_log,Branch Teller Application Slowness. Opening records takes a long time and the screen freezes sometimes. Restarting fixes it temporarily.,Application,train,3,train,3,train,3,test
IM0016635,B_event_log,Printer not working after driver update. My documents aren't printing anymore; they're just sitting in the queue.,Hardware,train,5,train,5,test,5,train
IM0016641,B_event_log,SQL Full Scan on Mortgage Advisory Application. The mortgage advisory application search query performs a full table scan due to outdated optimizer statistics.,Application,train,4,train,4,train,4,train
IM0016655,B_event_log,Branch Cash Terminal Card Acceptance Issue. The self-service terminal at the branch is not accepting any debit or credit cards.,Hardware,test,4,train,4,train,4,train
IM0016662,B_event_log,Branch Cash Service Device Failure. The cash service device at CBD000565 reported a 'card reader fault' and stopped working.,Hardware,test,2,test,2,test,2,test
IM0016673,B_event_log,Teller Application Timeout. Branch teller application logs show timeout errors due to idle object waits.,Application,train,4,train,4,train,4,train
IM0016674,B_event_log,"SAP HR Short Dumps After Package Import. Support engineer observed short dumps SYNTAX_ERROR in SAP HR on SAP000003 post-SAP support package import, indicating a program referencing an unimported object.",Application,test,3,train,3,train,3,test
IM0016676,B_event_log,"Teller Application Data Saving Errors. Saving customer information into the branch teller app sometimes stops working suddenly, but it starts working again after a short while.",Application,test,4,train,4,train,4,train
IM0016678,B_event_log,CRM Service Stopped Post-Patch. The CRM client-records system stopped working after the monthly patch maintenance.,Application,test,,not used,,not used,3,train
IM0016687,B_event_log,Mortgage Advisory Application Slowness. Opening records in the mortgage advisory application takes a long time and sometimes the screen freezes. Restarting fixes it temporarily.,Application,train,4,train,4,train,4,train
IM0016735,B_event_log,"Account Locking Issue. I can't access my account because it locks every morning, even when I enter the right password.",Application,train,4,train,4,train,4,train
IM0016799,B_event_log,"HR Self-Service Portal Response-Time Degradation. Automated alert: Transactions slow down after restarts, then application crashes.",Application,train,4,train,4,train,4,train
IM0016833,B_event_log,File Shares Upload Failures. I can't upload files to the shared folders on the network.,Infrastructure,test,,not used,,not used,3,train
IM0016843,B_event_log,SSO issue on HR self-service portal. I can't access the HR self-service portal today. It said 'access denied'. I could yesterday.,Application,train,4,train,4,train,4,train
IM0016860,B_event_log,Workstation Application Not Starting. My work application won't open anymore; I get a security message.,Application,train,4,train,4,train,4,train
IM0016869,B_event_log,"Print Server Spooler Hang. The spooler on print server PRN000140 hangs on a corrupted job for PRN000140, causing the queue to be blocked.",Hardware,train,4,train,4,train,4,train
IM0016877,B_event_log,TLS Handshake Failures in Payments Service. Interface monitor reported TLS handshake failures on SBA000782 with backend since midnight.,Application,train,5,test,5,train,5,train
IM0016908,B_event_log,"Customer Onboarding Portal Error. The customer onboarding portal frequently displays an error message indicating a timeout request, particularly in the mornings.",Application,train,5,train,5,train,5,test
IM0016959,B_event_log,Duplicate Contracts in HR Portal. The HR self-service portal shows duplicate contracts for the same customer.,Application,train,4,train,4,train,4,train
IM0016978,B_event_log,Bulk Import Address Field Corruption. A bulk import operation on WBA000011 has overwritten address fields with incorrect data for some customers.,Application,train,5,train,5,train,5,train
IM0017033,B_event_log,"Internet Banking Portal Slow. Internet Banking portal is extremely slow, taking too long for basic screens to load and frequently hanging.",Application,train,5,train,5,train,5,test
IM0017106,B_event_log,Mortgage Advisory Application Slow Queries. Database alert: average query times over 30 seconds during peak usage.,Application,train,4,train,4,train,4,train
IM0017135,B_event_log,Internet Banking Amount Entry Error. I can't enter an amount on the Internet Banking portal; it shows an error.,Application,train,4,train,4,train,4,train
IM0017182,B_event_log,"Internet Banking Portal Slowdown. The Internet Banking portal is very slow and freezes often, affecting our entire team.",Application,train,3,train,3,train,3,train
IM0017204,B_event_log,Slow CRM Client-Records System. The CRM client-records system is extremely slow and frequently hangs.,Application,train,4,test,4,train,4,train
IM0017210,B_event_log,High DB Connections Stuck in Pool. Active DB connections from SBA000263 reached maximum; loan origination system experiences timeouts.,Application,train,,not used,,not used,3,test
IM0017218,B_event_log,Document Management Timeout. SBA000834 logs show timeout errors for the document management system.,Application,train,4,train,4,test,4,train
IM0017264,B_event_log,Payments Processing Service Slowdown. Our payments service is slow throughout the day and stops working sometimes when I try to look at customer info.,Application,train,4,train,4,train,4,train
IM0017269,B_event_log,Teller Application Error Rate High. Automated alert: 15% of branch teller application requests fail with timeout errors during peak hours.,Application,train,3,train,3,train,3,test
IM0017270,B_event_log,HR Self-Service Portal Job Chain Failure. Scheduler alert: job chain for HR self-service portal on WBA000103 ended with return code 8 at 02:14.,Application,train,5,train,5,train,5,train
IM0017288,B_event_log,Data Center LAN Interface Errors. Interface errors increasing on CNT000015 causing 5% packet loss to the branch.,Network,train,3,train,3,train,3,test
IM0017290,B_event_log,"Loan Origination System Lockout. My account locks every morning, but I enter the right password. Other employees have the same issue.",Application,train,4,train,4,train,4,train
IM0017301,B_event_log,"Payments Processing Slowdown. Alert: Average query time on SUB000456 over 30 seconds, sessions waiting on I/O.",Application,train,4,train,4,train,4,train
IM0017306,B_event_log,High Authentication Failures on Risk Reporting Dashboard. Authentication issues spiked to 100% for the risk reporting dashboard on SUB000443 at 07:30.,Application,train,5,train,5,train,5,test
IM0017316,B_event_log,Internet Banking Portal Unavailable. The Internet Banking portal is not working since last Monday morning.,Application,train,4,train,4,train,4,train
IM0017351,B_event_log,"Customer Onboarding Portal Errors. The customer onboarding portal frequently displays an 'error page - request timed out' message, particularly in the mornings.",Application,test,4,train,4,train,4,test
IM0017353,B_event_log,Customer Onboarding Portal Timeout. The customer onboarding portal is slow during busy times.,Application,train,4,train,4,train,4,train
IM0017366,B_event_log,High Processor Queue Length on SBA000462. Performance alert: processor queue length high on SBA000462.,Application,train,4,train,4,train,4,train
IM0017374,B_event_log,"Risk Reporting Dashboard Error. Since morning, the risk reporting dashboard displays 'your connection is not private'.",Application,train,4,test,4,train,4,train
IM0017383,B_event_log,Scheduler Job Chain Failed - Branch Teller Application. Scheduler alert: job chain for the branch teller application on SBA000462 ended with return code 8 at 02:14.,Application,test,4,train,4,test,4,train
IM0017387,B_event_log,CRM Client-Records System Unavailable. The CRM client-records system stopped working since Monday morning after the server reboot.,Application,train,5,train,5,test,5,train
IM0017400,B_event_log,"Internet Banking Portal Data Save Errors. Saving data in the Internet Banking portal fails sporadically, then works after a few minutes.",Application,train,3,train,3,train,3,train
IM0017401,B_event_log,Loan Origination System Unavailable. The loan origination system stopped working after the server rebooted last night. My colleagues also can't access it.,Application,train,4,train,4,train,4,train
IM0017440,B_event_log,CRM Access Denied - Production. I can't open the CRM client-records system anymore. Others also have this issue.,Application,test,4,train,4,train,4,train
IM0017453,B_event_log,High CPU Utilization on Dashboard. Automated alert: CPU usage at 100% on risk reporting dashboard for 45 minutes.,Application,train,5,test,5,test,5,train
IM0017455,B_event_log,"Internet Banking SSL Certificate Issue. Internet Banking portal displays 'your connection is not private', affecting some colleagues.",Application,train,4,train,4,train,4,train
IM0017465,B_event_log,"Risk Reporting Dashboard Login Issue. No one can log into the risk reporting dashboard. After re-entering credentials, users are redirected to the login page.",Application,train,4,train,4,train,4,train
IM0017489,B_event_log,TLS Handshake Failures in CRM System. Interface monitor reported TLS handshake failures on WBA000058 since 00:00 due to expired certificate.,Application,train,4,train,4,train,4,test
IM0017538,B_event_log,HR Self-Service Portal Access Denied. I can't access the HR self-service portal today even though I logged in yesterday. Others are having the same issue.,Application,test,4,train,4,train,4,train
IM0017557,B_event_log,"Account Lockout Issue. I can't access my account because it locks every morning, but I know the password.",Application,train,5,test,5,test,5,train
IM0017610,B_event_log,"Account Lockout Issue. I can't log into my account because it locks every morning, even when I enter the right password.",Application,train,4,train,4,train,4,train
IM0017615,B_event_log,Loan Origination System Down. Loan origination system stopped working after a maintenance reboot.,Application,train,3,train,3,train,3,train
IM0017639,B_event_log,Loan Origination System Startup Issue. The loan origination application service on SBA000607 failed to start after a patch reboot due to an unavailable database service.,Application,train,5,test,5,train,5,train
IM0017641,B_event_log,Slow Risk Reporting Dashboard. The risk reporting dashboard on SBA000607 is very slow after this morning.,Application,train,4,train,4,train,4,train
IM0017647,B_event_log,"Network Drops at Branch. Our network keeps disconnecting for short periods, making it hard to use applications.",Network,test,3,test,3,test,3,train
IM0017649,B_event_log,"Loan Origination System Timeout. The loan origination system times out when processing loans in the morning, especially after a data load.",Application,train,5,train,5,train,5,train
IM0017666,B_event_log,"Document Management System Login Issue. No one can log into the document management system; after entering credentials, they are redirected back to the login page.",Application,train,4,test,4,train,4,train
IM0017727,B_event_log,Virtual Workplace Freeszes. My virtual workplace session freezes after a few minutes and I need to restart it. Other colleagues are also experiencing this.,Application,train,4,train,4,test,4,train
IM0017761,B_event_log,Internet Banking Printing Issue. We can't print the overview anymore on the Internet Banking portal. It worked before the update.,Application,train,4,train,5,train,4,train
IM0017774,B_event_log,Slow Document Management System Queries. Database alert: Average query times over 30 seconds due to sessions waiting on I/O.,Application,train,4,train,4,train,4,train
IM0017781,B_event_log,Mortgage Advisory Application Export Empty. I can't export files from the mortgage advisory app. My colleagues are having the same issue.,Application,train,4,train,4,train,4,train
IM0017789,B_event_log,NullPointerException in CRM client-records system. Support engineer observed a Stack trace showing a NullPointerException in the new validation module of the CRM client-records system.,Application,train,4,train,4,train,4,train
IM0017790,B_event_log,Internet Banking Service Down. The Internet Banking portal stopped working after the maintenance window.,Application,train,5,train,5,train,5,test
IM0017794,B_event_log,"CRM Client Records System Outdated. This morning, the CRM client-records system displayed yesterday’s data; the update that should have happened overnight didn’t.",Application,train,5,train,5,test,5,test
IM0017826,B_event_log,Branch Cash Terminal Card Acceptance Issue. The self-service terminal in our branch isn't accepting any cards after updating the device firmware.,Hardware,train,4,train,4,train,4,test
IM0017853,B_event_log,Branch Printer Nonfunctioning After Update. The printer won't print anything; the documents just sit in the queue.,Hardware,test,3,test,3,test,3,train
IM0017859,B_event_log,Customer Onboarding Portal Slow. The customer onboarding portal is taking a long time to load since this morning.,Application,train,4,train,4,train,4,train
IM0017879,B_event_log,"Branch Network Disruption. Network drops for a few seconds, apps disconnect. Happened after cabling work.",Network,train,3,train,3,train,3,test
IM0017969,B_event_log,Loan Origination API Payload Regression. Regression observed in loan origination system after API payload change in the recent deployment.,Application,train,,not used,,not used,3,test
IM0017972,B_event_log,"Payments Service Data Missing. Today's payment reports are blank, as if the data hasn't been loaded.",Application,train,4,test,4,train,4,train
IM0017984,B_event_log,Endpoint Agent False Positive. Endpoint agent quarantined an application's DLL on DTA000616 after a policy update.,Application,train,4,train,4,train,4,train
IM0018007,B_event_log,Missing Approval Button. I can't see the place to approve requests in the branch teller app. I think other staff members are having the same issue.,Application,train,4,train,4,test,4,train
IM0018015,B_event_log,Scheduled Task Locking HR Portal. Some colleagues are experiencing issues accessing the HR self-service portal due to a stale credential in a scheduled task.,Application,test,4,train,4,train,4,train
IM0018047,B_event_log,Teller Application Rounding Difference. The amounts shown in the overview of the branch teller application are rounded differently from those in the detail screen.,Application,test,4,train,4,train,4,train
IM0018048,B_event_log,SAN000182 Storage Alert. Storage threshold exceeded on SAN000182; free space below 1%. Impact: a small group of users.,Storage,train,4,train,4,train,4,test
IM0018052,B_event_log,"Customer Onboarding Portal Hang. Thread dumps showed threads blocked in garbage collection, leading to continuous memory usage and portal hang.",Application,test,4,train,4,train,4,test
IM0018107,B_event_log,"HR Self-Service Portal Slow. Database alert: Average query time over 30 seconds, causing user wait times.",Application,test,4,train,4,train,4,train
IM0018142,B_event_log,Cannot Save New Mortgage Records. The mortgage advisory app won't let us add new records; it shows a database error.,Database,train,3,train,3,train,3,test
IM0018164,B_event_log,Over Quota & Corrupted OST. The shared mailbox EXC000002 has exceeded its send quota and the OST file is excessively large at 48 GB.,Application,test,5,train,5,train,5,test
IM0018178,B_event_log,SAP Finance Transaction Error. I can't start the transaction in SAP Finance; it shows an error and stops working.,Application,train,5,test,5,train,5,train
IM0018192,B_event_log,TLS Handshake Failures on Risk Reporting Dashboard. Automated monitoring alerted of TLS handshake failures from WBA000133 to backend since midnight.,Application,test,4,test,4,train,5,test
IM0018239,B_event_log,"Mortgage Advisory Application Slow. The mortgage advisory application is very slow since morning, especially when the scheduled scan starts.",Application,test,4,test,4,train,4,train
IM0018260,B_event_log,Payments Service Data Quality Issue. Data quality check on SBA000607 found 312 failing referential integrity records for payments processing.,Application,train,4,train,4,test,4,train
IM0018266,B_event_log,HR Self-Service Portal Error After Weekend Update. We can't print the overview anymore on the HR self-service portal. It used to work last week.,Application,train,4,train,4,test,4,train
IM0018278,B_event_log,"DB Connection Pool Exhaustion. Active DB connections from WBA000058 are stuck at the pool maximum, causing timeouts in the CRM client-records system.",Application,train,4,train,4,train,4,train
IM0018283,B_event_log,"Mortgage Advisory Application Import Job Failure. The nightly import job for the mortgage advisory application failed on record 1,204 of the interface file due to an invalid date format.",Application,train,5,train,5,train,5,train
IM0018323,B_event_log,"Risk Reporting Dashboard Error. The risk reporting dashboard shows an error page saying the request timed out, especially in the mornings.",Application,train,5,train,5,test,5,train
IM0018385,B_event_log,CRM Client-Records System Authentication Failures. Authentication failures spiked to 100% for the CRM client-records system on DTA000616 at 07:30.,Application,train,4,train,4,train,4,train
IM0018410,B_event_log,Branch Teller Application Amount Rounding Issue. The total amounts shown on the branch teller application overview page do not match those in the detailed screen.,Application,test,3,train,4,train,3,test
IM0018432,B_event_log,CRM Client-Records System Unavailable. The CRM client-records system isn't working since Monday morning. Our whole team can't access it.,Application,train,3,train,3,train,3,test
IM0018461,B_event_log,Teller Application Lockout Due to Old Credentials. The branch teller application lockout is due to a scheduled task on SBA000690 using an outdated password.,Application,train,3,train,3,train,3,test
IM0018464,B_event_log,Payments Processing Service Failure. Saving data in the payments processing service fails occasionally with a generic error; this issue affects some colleagues.,Application,train,4,train,4,train,4,train
IM0018503,B_event_log,CRM System Overnight Update Failure. The CRM client-records system displays yesterday’s data instead of today’s after an overnight update.,Application,test,5,train,5,train,5,train
IM0018516,B_event_log,"Scheduled task locking HR self-service portal. A scheduled task on configuration item SUB000456 was using an outdated password, causing account lockouts.",Application,test,4,train,4,train,4,test
IM0018519,B_event_log,"SAN000182 Capacity Alert. Alert: File share volume on SAN000182 usage reached 99%, exceeding 90% threshold.",Storage,train,4,train,4,train,4,train
IM0018540,B_event_log,Branch Teller Application Service Account Locked Out. Alert: Service account for the branch teller application locked out 6 times in 1 hour.,Application,train,4,train,4,train,4,train
IM0018543,B_event_log,"Endpoint Agent Quarantines Application DLL. Endpoint agent quarantined an application's DLL on DTA000011 after a policy update, causing some colleagues to experience issues.",Application,train,4,train,4,train,4,train
IM0018557,B_event_log,Scheduled Task Locking Account. A scheduled task using an outdated password locks accounts on some colleague's laptops.,Application,test,4,train,4,train,4,train
IM0018588,B_event_log,Payments Processing Service Account Locked Out. Automated alert: service account locked out 6 times in 1 hour.,Application,train,5,test,5,train,5,test
IM0018591,B_event_log,"Submit button issue. We can't use the submit button anymore since the new version of the document management system was installed. Now, when we click it, nothing happens.",Application,test,4,train,4,train,4,train
IM0018619,B_event_log,SAP Finance Posting Error. I can't post transactions in SAP Finance since morning. It stops with a dump.,Application,train,4,test,5,train,4,train
IM0018634,B_event_log,"DLL Quarantine After Policy Update. Endpoint agent quarantined an application's DLL file after a security policy update, causing disruption.",Application,train,,not used,,not used,3,train
IM0018649,B_event_log,VPN Connection Drops. My site-to-site VPN connection keeps disconnecting every 10 minutes while working remotely.,Network,train,4,train,4,train,4,train
IM0018669,B_event_log,Workstation Application Not Starting. My work application won't open; it says the security software has blocked my app.,Application,test,4,train,4,test,4,train
IM0018680,B_event_log,Document Management System Overview Rounding Mismatch. The amounts shown in the document management system overview are rounded differently from the detail screen.,Application,train,5,train,5,train,5,train
IM0018688,B_event_log,SAP Finance Short Dump Error. Technical observation: Short dumps SYNTAX_ERROR in SAP Finance on SAP000003; the transported program references an object that was not imported.,Application,train,4,train,4,train,4,test
IM0018708,B_event_log,Batch Job Aborted - Risk Reporting Dashboard. Support engineer observed that the batch job on SUB000456 was aborted due to an 'input file not found'. The upstream system's export change caused the interface file to be delayed.,Application,train,4,train,4,train,4,train
IM0018719,B_event_log,Outlook Disconnected and No New Mail. Outlook keeps showing 'disconnected' and new emails aren't arriving.,Application,train,5,train,5,test,5,test
IM0018749,B_event_log,"Internet Banking Portal Login Issue. People cannot log into the Internet Banking portal. After typing their credentials, they're redirected to the login page again.",Application,train,4,train,4,train,4,train
IM0018755,B_event_log,Loan Origination Service Account Locked. Service account for loan origination system locked out six times within one hour.,Application,train,4,train,4,train,4,train
IM0018759,B_event_log,"CRM Client-Records System Warning. Since this morning, the CRM client-records system displays 'Your connection is not private'. It seems to happen after the certificate on SBA000393 expired.",Application,train,5,train,5,test,5,test
IM0018773,B_event_log,"Internet Banking Patch Installation Failure. Patch installation on SBA000607 failed during 'configuring updates', causing the server to hang; this issue began after the nightly reboot.",Application,train,4,test,4,train,4,train
IM0018806,B_event_log,LAN Port Issues. Technical observation: Port on NET000084 shows late collisions and CRC errors; device negotiated half duplex.,Network,train,4,train,4,train,4,train
IM0018824,B_event_log,Payments Service Connection Issue. The payments processing service says 'your connection is not private'. This happened this morning and some colleagues can't make payments.,Application,test,4,train,4,test,4,train
IM0018827,B_event_log,Teller App Service Stop. Branch teller application service stopped during the monthly patch weekend.,Application,train,5,train,5,train,5,train
IM0018865,B_event_log,Customer Onboarding Portal Search Query Slow. The customer onboarding portal search query performs a full table scan due to outdated optimizer statistics.,Application,test,4,train,4,train,4,train
IM0018881,B_event_log,"Risk Reporting Dashboard Rounding Issue. In the risk reporting dashboard, amounts show different rounding on the overview compared to the detail screen.",Application,test,4,train,4,train,4,train
IM0018891,B_event_log,Network Drops in Branch. The network in our branch disconnects briefly; this affects all our team members.,Network,train,3,train,3,train,3,train
IM0018924,B_event_log,Site-to-Site VPN Flapping. Site-to-site VPN on SSW000427 tunnel monitor showing 14 down events in the last hour.,Security,train,,not used,,not used,3,train
IM0018925,B_event_log,"Loan Origination System Data Save Errors. Saving data in the loan origination system stops working sometimes, but starts working again after a few minutes.",Application,train,5,test,5,train,5,train
IM0018939,B_event_log,Payments Processing Service Account Locked. An alert from AD showed the payments processing service's service account locked 6 times in 1 hour.,Application,train,4,train,4,train,4,train
IM0018952,B_event_log,"Account Locking Issue. My account locks automatically in the morning, but I enter the right password.",Application,test,4,train,4,train,4,test
IM0018958,B_event_log,Kerberos SSO Handshake Failure. The Kerberos/SSO handshake for the HR self-service portal on WBA000058 application fails due to expired token-signing certificate in the SSO trust.,Application,test,4,train,4,train,4,test
IM0018961,B_event_log,Teller Application Unavailable. The branch teller application is not working since Monday morning.,Application,train,,not used,,not used,3,test
IM0018969,B_event_log,Slow Branch Teller Application. The teller app on server SBA000295 is taking too long to respond since morning.,Application,train,3,test,3,train,3,train
IM0018972,B_event_log,CRM Client-Records System Timeout. The CRM client-records system is slow during peak morning hours when trying to access records.,Application,train,4,train,4,train,4,test
IM0018994,B_event_log,CRM Client-Records System Hang. Thread dumps indicate threads blocked in garbage collection; memory usage continuously increases until system hangs.,Application,train,5,test,5,train,5,test
IM0019001,B_event_log,Slow Risk Reporting Dashboard. My risk reporting dashboard is taking forever to load since morning.,Application,train,5,train,5,train,5,train
IM0019011,B_event_log,Internet Banking Portal Display Issue. Amounts shown on the overview page of the Internet Banking portal are rounded differently from those in the detail page.,Application,train,4,train,4,train,4,train
IM0019036,B_event_log,Laptop Won't Boot After BIOS Update. My laptop stopped working after I updated the BIOS. It just shows a black screen with a blinking cursor.,Hardware,train,5,train,5,test,5,train
IM0019046,B_event_log,"Invalid Date Format in Interface File. The nightly import job for the payments processing service failed on configuration item SAP000003, record 1,204.",Application,train,4,test,4,train,4,train
IM0019065,B_event_log,"Payments Service Data Not Loaded. Today, reports in the payments processing service are empty, as if the data wasn't loaded.",Application,train,4,train,4,train,4,train
IM0019069,B_event_log,"Failed Patch Installation - SBA000462. A patch installation on SBA000462 failed midway, causing the server to hang at 'configuring updates'.",Application,train,4,train,4,test,4,train
IM0019070,B_event_log,Address Field Corruption in Risk Reporting. A bulk import on WBA000128 incorrectly wrote values from the wrong column into the address fields for some customers.,Application,train,5,train,5,train,5,train
IM0019075,B_event_log,Failed Referential Integrity Checks. Data quality check on SBA000607 reported 312 failing records affecting a small group of users.,Application,train,4,train,4,train,4,train
IM0019093,B_event_log,Teller App Service Stopped. The branch teller application service stopped during the monthly patch weekend.,Application,test,,not used,,not used,3,train
IM0019170,B_event_log,"Slow HR Self-Service Portal. Since the monitoring agent update this morning, the HR self-service portal has been very slow.",Application,train,5,train,5,train,5,train
IM0019172,B_event_log,"Customer Onboarding Portal Login Issues. Nobody can log in to the customer onboarding portal; after entering credentials, we're redirected back to the login page.",Application,train,4,train,4,train,4,train
IM0019188,B_event_log,ABAP RUNTIME ERROR IN SAP PROCUREMENT. A technical observation showed an ABAP runtime error (CALL_FUNCTION_NOT_FOUND) on SAP000003 post-last night's transport import.,Application,train,4,train,4,train,4,train
IM0019196,B_event_log,"SSD SMART Failure - DSK000346. Support engineer observed SMART failure on SSD DSK000346, preventing OS load.",Hardware,train,5,test,5,test,5,train
IM0019200,B_event_log,"SAP Procurement Posting Issue. Posting transactions in SAP procurement stopped working since this morning, causing some colleagues to receive error messages.",Application,test,4,train,4,train,4,train
IM0019202,B_event_log,"Empty mortgage reports. Today, mortgage advisory application reports have no data. It seems like the data wasn't imported.",Application,train,5,train,5,train,5,train
IM0019209,B_event_log,"Batch Job Aborted Due to Missing Interface File. A batch job on configuration item WBA000058 was aborted due to an input file not being found, as the interface file from the upstream system was delayed.",Application,train,4,train,4,train,4,test
IM0019233,B_event_log,Missing Approval Button. Employee cannot locate the button to approve requests on the document management system; others are also experiencing this issue.,Application,test,4,train,4,train,4,train
IM0019271,B_event_log,Customer Onboarding Portal Login Failure. Cannot log in to the customer onboarding portal; redirected back to login page after entering credentials.,Application,test,4,train,4,train,4,train
IM0019285,B_event_log,"CRM Client-Records System Error. The CRM client-records system displays an error page saying the request timed out, especially in the morning.",Application,train,4,train,4,train,4,train
IM0019303,B_event_log,"BIOS Update Caused Disk Failure. A BIOS update led to a SMART failure on the SSD of LAP001568, preventing the OS from loading.",Hardware,train,5,train,5,test,5,train
IM0019327,B_event_log,Branch Printer Error After Update. Printing stopped working and the printer icon showed offline after updating the driver.,Hardware,train,4,test,4,train,4,train
IM0019338,B_event_log,Workstation Applications Not Starting. My application won't open anymore. My security software shows a quarantine message.,Application,train,4,train,4,train,4,test
IM0019353,B_event_log,Teller Application Unavailable. The branch teller application is not working since Monday morning.,Application,train,,not used,,not used,3,train
IM0019357,B_event_log,"Network Drops in Production. Our branch network drops every few seconds, making some applications disconnect.",Network,train,,not used,,not used,3,train
IM0019364,B_event_log,"High CPU usage affecting loan origination. A process on SBA000659 is using 98% CPU in a tight loop, impacting other services.",Application,test,4,train,4,test,4,train
IM0019400,B_event_log,Branch Printer Error. Printing on the branch printer doesn't work and the printer icon shows it's offline.,Hardware,train,4,train,4,train,4,train
IM0019415,B_event_log,CRM Authentication Failures. Authentication failures spiked to 100% on CRM client-records system after identity-provider certificate rollover.,Application,test,4,train,4,train,4,train
IM0019430,B_event_log,Teller Application Submit Button Issue. The submit button on the branch teller application doesn't work anymore since the new version was installed.,Application,train,4,train,4,train,4,train
IM0019456,B_event_log,Risk Reporting Dashboard Certificate Issue. Technical observation: Logs indicate 'PKIX path validation failed: certificate expired' when accessing the backend of the risk reporting dashboard.,Application,train,4,train,4,train,4,train
IM0019464,B_event_log,Internet Banking Portal Error. Internet Banking portal shows 'Your connection is not private' since morning.,Application,train,4,train,4,train,4,test
IM0019491,B_event_log,"Internet Banking Login Issue. I'm unable to log into the Internet Banking portal using my credentials. After entering them, I'm redirected back to the login page.",Application,train,5,test,5,train,5,train
IM0019528,B_event_log,Internet Banking Portal SSL Issue. Internet Banking portal displays 'Your connection is not private' since this morning.,Application,train,4,test,4,train,4,train
IM0019537,B_event_log,Branch Teller Application Scheduler Alert. Scheduler alerted job chain for branch teller application on SUB000535 ended with return code 8.,Application,train,5,train,5,test,5,train
IM0019552,B_event_log,Payments Service Display Mismatch. The total amounts shown in the payments processing overview differ from those on the detail screen.,Application,test,4,train,4,train,5,train
IM0019557,B_event_log,"Branch Teller Application Slowness. The branch teller application is very slow and freezes often, affecting some colleagues.",Application,train,4,train,4,test,4,train
IM0019583,B_event_log,Laptop Startup Error. My laptop won't start because it asks for a BitLocker recovery key.,Hardware,train,5,test,5,test,5,train
IM0019592,B_event_log,Internet Banking Portal Timeout. Internet Banking portal is unresponsive during peak morning hours.,Application,train,4,test,4,train,4,train
IM0019596,B_event_log,Print Spooler Queue Hang. Spooler on print server hung due to a corrupted job for PRN000140; the queue is now blocked.,Hardware,train,4,train,4,train,4,train
IM0019643,B_event_log,"Risk Reporting Dashboard Address Errors. Client addresses on the risk reporting dashboard are incorrect for some customers, showing old addresses.",Application,test,4,test,4,test,4,train
IM0019672,B_event_log,Customer Onboarding Portal Errors. One-fifteen percent of customer onboarding portal requests time out during peak business hours.,Application,train,3,train,3,test,3,test
IM0019681,B_event_log,Risk Reporting Dashboard Print Error. We can't print the risk report from the dashboard anymore. It used to work last week.,Application,train,4,train,4,train,4,train
IM0019682,B_event_log,"CRM Client-Records System Connection Pool Issue. Active DB connections from DTA000016 reached maximum; requests queued up, causing timeouts during peak hours.",Application,train,4,train,4,test,4,train
IM0019691,B_event_log,Document Management System Date Field. I can't change the date field once I submit documents on the document management system.,Application,test,5,train,5,train,5,train
IM0019697,B_event_log,Document Management System Slowdown. The document management system is slow during the day and sometimes freezes when opening client records.,Application,train,4,train,4,train,4,test
IM0019720,B_event_log,"CRM Client Records Overview Amount Rounding. In CRM client-records system, amounts shown on the overview page are rounded differently than on the detail screen.",Application,train,4,train,4,train,4,train
IM0019725,B_event_log,"Payments Processing Service Stuck Connections. Support engineer observed active DB connections from configuration item WBA000068 stuck at the pool maximum, causing requests queues and timeouts in the payments processing service.",Application,test,4,test,4,train,4,train
IM0019738,B_event_log,"CRM Client-Records System Query Time Exceeds. Database alert on WBA000122: average query time over 30 seconds, sessions waiting on I/O.",Application,train,5,test,5,train,5,train
IM0019774,B_event_log,Internet Banking Portal Unavailable. The Internet Banking portal is not working since Monday morning after the server reboot.,Application,train,5,test,5,train,5,train
IM0019776,B_event_log,Self-service Terminal Card Acceptance Issue. The terminal at our branch won't read any cards.,Hardware,test,4,train,4,train,4,test
IM0019795,B_event_log,Risk Reporting Dashboard API Payload Issue. Technical observation: API call payload changed in new release and frontend on SBA000812 cannot parse it.,Application,train,4,train,4,test,4,train
IM0019810,B_event_log,HR Self-Service Portal Printing Error. We can't print the overview anymore on the HR self-service portal; it worked before the update.,Application,train,3,train,3,train,3,train
IM0019811,B_event_log,Mortgage Advisory Function Incorrect Use. The mortgage advisory application is not functioning as expected due to incorrect use of the function.,Application,train,3,train,3,train,3,train
IM0019812,B_event_log,Print Spooler Hangs - PRN000013. Spooler on print server hangs on job for PRN000013 due to corrupted queue; queue blocked.,Hardware,train,5,train,5,train,5,train
IM0019846,B_event_log,"Application Connection Pool Exhaustion. Application logs indicate that the pool of database connections is exhausted, causing requests to timeout.",Application,train,4,train,4,train,4,test
IM0019877,B_event_log,Backup Staging Area Storage Full. Storage threshold exceeded on DCE000002; free space below 1%.,Infrastructure,test,3,train,3,train,3,train
IM0019900,B_event_log,Laptop Startup Issue After BIOS Update. My laptop starts asking for a BitLocker recovery key. This happened after a BIOS update.,Hardware,test,5,train,5,train,5,test
IM0019946,B_event_log,TLS Handshake Failures in Branch Teller Application. TLS handshake failures reported between SBA000045 and backend since 00:00 due to expired certificate.,Application,test,3,train,3,train,3,test
IM0019955,B_event_log,"CRM System Error in Morning. The CRM client-records system displays an error page stating the request timed out, especially in the mornings.",Application,test,3,train,3,train,3,train
IM0019971,B_event_log,Workstation Applications Not Starting. My application won't open anymore; I get a security warning.,Application,train,4,test,4,train,4,train
IM0019986,B_event_log,HR Self-Service Portal Account Lockout. AD alert: Service account for HR self-service portal locked out 6 times in 1 hour after password change.,Application,train,,not used,,not used,4,train
IM0019995,B_event_log,TLS Handshake Failures on Onboarding Portal. Interface monitor reported TLS handshake failures between WBA000148 and backend since midnight.,Application,train,4,test,4,train,4,train
IM0020003,B_event_log,Payments Processing Service TLS Handshake Issue. Support engineer observed 'PKIX path validation failed: certificate expired' logs on WBA000144 when calling the backend.,Application,train,5,train,5,train,5,train
IM0020009,B_event_log,HR Self-Service Portal Locking Issue. Support engineer noticed that the HR self-service portal field locks after submission as per design.,Application,test,3,train,3,train,3,train
IM0020028,B_event_log,Risk Reporting Dashboard Slowdown. Opening records in the risk reporting dashboard is very slow and sometimes freezes. This affects several departments.,Application,train,2,train,2,train,2,train
IM0020036,B_event_log,Branch Teller Application Response Time Degraded. Transactions slow down and eventually stop working after each restart of the branch teller application.,Application,train,5,train,5,train,5,train
IM0020039,B_event_log,CRM Client-Records Synthetic Transaction Failed. Automated alert: CRM client-records system synthetic transaction on SUB000456 failed at step 3 after weekend release.,Application,train,4,train,4,test,4,test
IM0020041,B_event_log,Loan Origination System Data Mismatch. Amounts shown in the overview page of the loan origination system do not match those on the detail page.,Application,train,4,train,4,test,4,train
IM0020043,B_event_log,"Document Management System Import Job Failure. Support engineer observed that an import job for the document management system failed at record 1,204 due to an invalid date format in the interface file.",Application,train,3,train,3,train,3,train
IM0020100,B_event_log,Loan Origination System Function Misuse. Support engineer observed no errors in SBA000072 logs but noted colleagues were encountering an issue due to incorrect function usage.,Application,train,4,train,4,train,4,train
IM0020108,B_event_log,"Teller App Access Denied After Certificate Roll. I can't open the branch teller app now, got 'access denied'. Could log in yesterday.",Application,train,5,train,5,train,5,train
IM0020152,B_event_log,CRM System Slowdown and Freezing. The CRM client-records system slows down during the day and freezes when opening client records. Restarting it helps temporarily.,Application,test,4,test,4,train,4,train
IM0020159,B_event_log,Payments Processing Service Account Locked Out. AD alert: Payments processing service service account locked out 6 times in 1 hour.,Application,test,4,train,4,train,4,test
IM0020196,B_event_log,"Scheduled Task Locking User Account. A scheduled task still uses the old password after a change, causing lockouts and disruption.",Application,train,,not used,,not used,3,train
IM0020279,B_event_log,"Customer Onboarding Portal Data Missing. Today, the customer onboarding portal shows no reports. It seems like the data wasn't loaded.",Application,test,4,test,4,test,4,test
IM0020280,B_event_log,Scheduled Task Locking CRM Account. Support engineer observed a scheduled task on SBA000045 still using an old password after a change.,Application,train,3,test,3,train,3,train
IM0020307,B_event_log,Laptop Startup Issue After BIOS Update. My laptop won't start up because it keeps asking for a BitLocker recovery key.,Hardware,train,5,train,5,train,5,train
IM0020391,B_event_log,Document Management System Timeout. The document management system experienced timeouts due to idle object exceptions.,Application,train,4,train,4,train,4,test
IM0020396,B_event_log,Customer Onboarding Portal TLS Error. The customer onboarding portal displays 'Your connection is not private' since this morning.,Application,test,4,test,4,test,4,train
IM0020398,B_event_log,Payments Service Unavailable. The payments processing service isn't working since Monday morning.,Application,test,4,test,4,train,4,train
IM0020401,B_event_log,"Internet Banking Account Lockout. Every morning, my account locks when I enter the right password.",Application,train,4,train,4,test,4,train
IM0020403,B_event_log,Loan Origination System Failure. Automated alert: Loan origination system synthetic transaction fails on SBA000659.,Application,train,4,train,4,test,4,test
IM0020408,B_event_log,"Account Locking Issue. My account locks every morning, but I enter the right password. My coworkers have similar issues.",Application,test,4,train,4,train,4,train
IM0020419,B_event_log,Loan Origination System Failure. Automated alert: Loan origination system synthetic transaction fails at step 3 due to latest deployment.,Application,train,3,train,3,test,3,test
IM0020437,B_event_log,Customer Onboarding Portal Synthetic Transaction Issue. Automated alert: Customer onboarding portal synthetic transaction fails at step 3.,Application,train,4,train,4,train,4,test
IM0020446,B_event_log,CRM Client-Records System Failure. Automated monitoring alerts that synthetic transactions for WBA000133 fail at step 3 after new version deployment.,Application,train,4,test,4,train,4,train
IM0020450,B_event_log,Risk Reporting Dashboard Print Error. I can't print the risk report dashboard anymore; it used to work before the update.,Application,train,4,train,4,train,4,test
IM0020464,B_event_log,Address field overwrite during bulk import. A bulk import overwrote address fields with values from the wrong column for some customers.,Application,train,5,train,5,train,5,test
IM0020466,B_event_log,"Customer Onboarding Export Empty. When trying to export data from the customer onboarding portal, the file comes out empty.",Application,train,4,train,4,test,4,test
IM0020492,B_event_log,Internet Banking Portal Timeout Errors. Error rate for Internet Banking portal: 15% timeouts during peak hours.,Application,test,4,test,4,train,4,train
IM0020495,B_event_log,Risk Reporting Dashboard Unavailable. The risk reporting dashboard is not working since the server reboot yesterday.,Application,test,4,train,4,train,4,train
IM0020497,B_event_log,Slow Mortgage Advisory Application. The mortgage advisory application is very slow compared to usual.,Application,train,,not used,,not used,3,train
IM0020499,B_event_log,Published Desktop Freeszes. My published desktop freezes after a few minutes and I have to restart it. Some of my colleagues are having the same issue.,Application,train,4,train,4,test,4,train
IM0020517,B_event_log,"Daily Account Lockout Issue. Every morning, my account locks automatically, despite entering the right password.",Application,train,4,train,4,train,4,train
IM0020525,B_event_log,Teller Application Save Error. We can't add new customer information to the branch teller app; it says there's a problem with the database.,Database,train,3,test,3,train,3,train
IM0020543,B_event_log,"HR Self-Service Portal Timeout. Active DB connections from SBA000462 are stuck at the pool maximum, causing the HR self-service portal to return timeouts.",Application,test,4,test,4,train,4,test
IM0020565,B_event_log,"Teller Application Error. Branch teller application shows error page indicating request timed out, especially in mornings during busy times.",Application,test,4,test,4,train,4,train
IM0020576,B_event_log,CRM Client-Records System Data Lag. The CRM client-records system shows old data from yesterday; the overnight update failed.,Application,train,4,test,4,test,4,train
IM0020591,B_event_log,Account Lockout Due to Old Credentials. My account locks up every morning despite entering the right password.,Application,train,5,train,5,train,5,train
IM0020597,B_event_log,Loan Origination System Error. We can't add new loans because the system says there's a database problem.,Database,train,3,test,3,test,3,train
IM0020604,B_event_log,"Mortgage Advisory Application Degradation. Response time alarm for SBA000360: transactions slow down after restarts, application stops.",Application,train,5,train,5,test,5,test
IM0020625,B_event_log,Mortgage Advisory Application Error. The mortgage advisory application keeps showing 'your connection is not private' since this morning.,Application,train,4,train,4,test,4,test
IM0020628,B_event_log,Document Management System Slowdown. Opening documents in the system takes a very long time and sometimes the screen freezes. Restarting fixes it temporarily.,Application,train,3,train,3,test,3,test
IM0020636,B_event_log,"Payments Processing Service Slow. The payments processing service is very slow and frequently hangs, affecting some colleagues.",Application,test,4,train,4,test,4,train
IM0020650,B_event_log,Document search timeout issue. Searching for customers in the document management system is very slow and sometimes fails.,Application,train,5,train,5,train,5,train
IM0020655,B_event_log,BIOS Update Caused SSD Failure. The support engineer observed SMART failure on LAP000804 SSD during diagnostics following a recent BIOS update.,Hardware,train,5,train,5,train,5,train
IM0020659,B_event_log,CRMSearch Query Performance Issue. The CRM client-records system search query performs a full table scan due to outdated optimizer statistics.,Application,train,4,train,4,train,4,train
IM0020692,B_event_log,CRM Authentication Failures. Authentication failures reached 100% for the CRM client-records system on SBA000131 at 07:30.,Application,train,3,train,3,train,3,test
IM0020704,B_event_log,"Customer Onboarding Portal Access Issue. Can't access customer onboarding portal today, got 'access denied'. Logged in successfully yesterday.",Application,test,4,train,4,train,4,train
IM0020706,B_event_log,"Longer Loan Origination System Query Times. Alert: Average query time on SBA000394 exceeds 30 seconds, causing session delays.",Application,train,3,train,3,train,3,train
IM0020713,B_event_log,Payments Service Unavailable. The payments processing service is not working since Monday morning.,Application,train,4,train,4,train,4,test
IM0020730,B_event_log,Account Lockout Every Morning. My account keeps locking even when I enter the right password. It’s causing me to lose work.,Application,test,,not used,,not used,3,train
IM0020743,B_event_log,"High CPU Usage on SBA000659. A process on SBA000659 is using 98% CPU in a tight loop, affecting other services; this started after a scheduled scan.",Application,train,4,train,4,train,4,train
IM0020801,B_event_log,Onboarding Portal Response-Time Degradation. Alert: Response time alarm for WBA000011: transactions degrade steadily after restarts.,Application,train,5,test,5,train,5,train
IM0020819,B_event_log,Workstation Application Quarantine. Endpoint agent on DTA000024 quarantined an application's DLL after policy update (false positive).,Application,train,,not used,,not used,4,train
IM0020826,B_event_log,Internet Banking Data Lag. Today's data does not show on the Internet Banking portal. This happened overnight when the nightly update process failed.,Application,train,4,test,4,train,4,test
IM0020837,B_event_log,"Print Spooler Hangs on Branch SCN000001. The print spooler on the branch's print server hangs on a corrupted job for SCN000001, blocking the queue.",Hardware,test,3,train,3,train,3,train
IM0020849,B_event_log,VPN Tunnel Flapping. Site-to-site VPN on ASW000010 experiencing 14 down events in the last hour following a recent client update.,Security,train,3,train,3,train,3,train
IM0020850,B_event_log,High Authentication Failures After Certificate Rollover. Authentication failures spiked to 100% for payments processing service SUB000443 starting at 07:30.,Application,train,5,train,5,train,5,train
IM0020933,B_event_log,"Loan origination system warning. Since morning, the loan origination system displays 'your connection is not private'. Only I am experiencing this issue.",Application,test,5,train,5,train,5,train
IM0020963,B_event_log,"Empty export from CRM client-records system. When trying to export data from the CRM client-records system, the file comes out blank.",Application,train,4,test,4,test,4,train
IM0020976,B_event_log,Payments Processing Job Chain Failed. Scheduled job for payments processing service on configuration item WBA000058 terminated with return code 8 at 02:14 AM.,Application,train,4,train,4,test,4,train
IM0020981,B_event_log,"Network Drops for Few Seconds. Our network is dropping for short periods of time, causing our applications to disconnect.",Network,train,3,train,3,train,3,train
IM0021002,B_event_log,"Access Denied on Loan Origination System. I can't open the loan origination system today, but I could use it yesterday.",Application,train,4,train,4,test,4,train
IM0021015,B_event_log,"HR Self-Service Portal Error. Since midnight, the HR self-service portal displays 'your connection is not private', affecting our entire team.",Application,train,3,train,3,train,3,train
IM0021028,B_event_log,"SSD SMART Failure on LAP000008. The diagnostic report on LAP000008 indicates a SMART failure on the SSD, preventing the OS from loading.",Hardware,train,5,train,5,train,5,train
IM0021035,B_event_log,"Search timeout in branch teller app. When searching for customers, the application takes more than a minute and sometimes fails.",Application,train,4,train,4,train,4,train
IM0021112,B_event_log,"Document Management System Query Slowdown. Database alert: average query time above 30 seconds, sessions waiting on I/O.",Application,train,5,train,5,test,5,train
IM0021124,B_event_log,CRM Client-Records System Lockout. AD alert: Service account locked out six times in one hour.,Application,test,4,train,4,train,4,train
IM0021128,B_event_log,Branch Teller Application Slowdown. The branch teller application takes longer to open client records and sometimes freezes during the day. Restarting it fixes it for a while.,Application,train,4,train,4,train,4,test
IM0021148,B_event_log,CRM Client Addresses Incorrect. The client addresses in our CRM system are showing as old addresses for several customers.,Application,train,5,train,5,test,5,train
IM0021175,B_event_log,HR Self-Service Portal Synthetic Transaction Failure. The HR self-service portal synthetic transaction fails at step 3 after the new version deployment.,Application,train,4,train,4,train,4,test
IM0021182,B_event_log,Laptop won't boot after BIOS update. My laptop stopped working after updating the BIOS. It just shows a black screen with a blinking cursor.,Hardware,train,4,train,4,train,4,train
IM0021186,B_event_log,Branch Printer No Output. The printer at the branch won't print anything; all documents just stay in the queue.,Hardware,train,5,train,5,test,5,train
IM0021189,B_event_log,"CRM Client-Records Sluggishness. When opening records in the CRM system, it takes too long and sometimes the screen freezes. Restarting helps, but it happens again.",Application,train,4,train,4,train,4,train
IM0021197,B_event_log,"Empty mortgage reports. Today, mortgage advisory application doesn't show any reports. It looks like data wasn't loaded due to changes in the upstream system.",Application,train,4,train,4,train,4,train
IM0021214,B_event_log,"SAN000178 Capacity Alert. Alert: SAN000178 capacity reached 99%, exceeding 90% threshold.",Storage,test,5,test,5,test,5,train
IM0021227,B_event_log,"Teller Application Field Locking Issue. Support engineer noticed that the field locks after submission, contrary to what some colleagues are experiencing.",Application,train,4,test,4,train,4,train
IM0021236,B_event_log,Incorrect Customer Addresses. The client addresses in the branch teller app are incorrect for some customers. Letters are being sent to old addresses.,Application,test,3,train,3,train,3,train
IM0021270,B_event_log,Document Management System Date Field Modification Issue. I can't update the date on documents after I submit them; it appears to be broken.,Application,train,4,train,4,train,4,train
IM0021273,B_event_log,Slow Risk Reporting Dashboard. The risk reporting dashboard is very slow since morning.,Application,train,3,train,3,train,3,train
IM0021275,B_event_log,"Internet Banking: Connection Pool Exhaustion. Application logs indicate 'Cannot get a connection, pool exhausted'; all connections are in use and new requests time out.",Application,train,3,test,3,train,3,train
IM0021293,B_event_log,Internet Banking API Payload Parsing Issue. Regression in the Internet Banking portal: API call changes led to parsing errors on DTA000057.,Application,test,5,test,5,train,5,train
IM0021358,B_event_log,Bulk Import Address Field Corruption. A bulk import operation overwrote customer address fields incorrectly for some records.,Application,train,5,test,5,train,5,train
IM0021408,B_event_log,Backup Staging Area Space Exhaustion. We can't save files to the shared drive anymore. It says we don't have enough space.,Storage,test,3,test,3,test,3,test
IM0021419,B_event_log,"Risk Reporting Dashboard Error. The risk reporting dashboard shows 'Your connection is not private', affecting our entire team.",Application,train,3,train,3,test,3,train
IM0021447,B_event_log,CRM Address Field Corruption. A bulk import overwrote some customers' addresses with incorrect values.,Application,test,4,train,4,test,4,train
IM0021450,B_event_log,Branch Teller Application TLS Certificate Expired. Support engineer observed 'PKIX path validation failed: certificate expired' logs on SBA000462 during midnight when the certificate expired.,Application,train,4,train,4,train,4,train
IM0021456,B_event_log,Mortgage Advisory Application Printing Error. We can't print the overview document anymore after the update. It worked fine last week.,Application,train,3,train,3,train,3,train
IM0021466,B_event_log,"Branch Teller Application Kerberos Handshake Failure. The Kerberos/SSO handshake for the branch teller application on DTA000057 failed since morning, preventing validation of ADFS tokens.",Application,train,5,test,5,train,5,train
IM0021471,B_event_log,"Workstation Application Quarantine. Endpoint agent quarantined an application's DLL after a policy update, affecting some colleagues.",Application,test,4,train,4,train,4,train
IM0021476,B_event_log,Mortgage Advisory API Payload Parsing Issue. Regression in the mortgage advisory application due to a change in API payload causing frontend parsing errors.,Application,train,4,test,4,train,4,train
IM0021493,B_event_log,Risk Reporting Dashboard Slow. Alert: Heap usage at 95% and response times over 8s on risk reporting dashboard.,Application,train,4,train,4,train,4,test
IM0021496,B_event_log,Payments Service Unavailable. The payments processing service is not working since Monday morning. Only I am experiencing this issue.,Application,test,5,train,5,train,5,train
IM0021499,B_event_log,Customer Onboarding Portal Unavailable. The automated alert shows the customer onboarding portal stopped due to maintenance.,Application,test,4,train,4,test,4,train
IM0021514,B_event_log,"Slow Payments Processing Service. Since morning, the payments processing service on SBA000045 is taking too long to respond.",Application,train,3,train,3,train,3,test
IM0021570,B_event_log,SAP HR Short Dumps. Technical observation of short dumps SYNTAX_ERROR in SAP HR on SAP000005; the transported program referenced an unimported object.,Application,train,5,train,5,train,5,train
IM0021575,B_event_log,"HR Self-Service Portal Access Denied. I can't access the HR self-service portal today, even though I could yesterday.",Application,train,5,train,5,train,5,train
IM0021610,B_event_log,Internet Banking Account Lockout. I can't access my account today because it keeps locking after I enter the right password.,Application,train,4,test,4,train,4,train
IM0021617,B_event_log,"HR Self-Service Import Job Failure. A nightly import job for the HR self-service portal failed on record 1,204 of the interface file due to an invalid date format.",Application,train,3,test,3,train,3,train
IM0021629,B_event_log,AWR Report Query Plan Issue. The AWR report on SUB000456 shows a full table scan on the transactions table due to a changed execution plan post-data load.,Application,test,4,test,4,train,4,train
IM0021632,B_event_log,Incorrect Function Use - Customer Onboarding Portal. The customer onboarding portal is not functioning correctly due to a user incorrectly using a function.,Application,train,3,test,3,test,3,test
IM0021643,B_event_log,High Processor Queue Length on SBA000462. Performance alert: high processor queue length detected on SBA000462 after monitoring agent update.,Application,train,4,train,4,test,4,train
IM0021654,B_event_log,Laptop won't start post-BIOS update. My laptop stopped working after updating the BIOS. It just shows a black screen with a blinking cursor.,Hardware,train,5,train,5,train,5,train
IM0021657,B_event_log,Branch Cash Terminal Self-Service Issues. The self-service machines in our branch won't read any cards after updating their software.,Hardware,train,2,train,2,train,2,train
IM0021663,B_event_log,SSO Handshake Failure on Risk Reporting Dashboard. Kerberos/SSO handshake failed for the risk reporting dashboard on SBA000063 due to an expired ADFS token-signing certificate.,Application,test,5,train,5,train,5,train
IM0021670,B_event_log,"SAP Finance Transaction Error. When starting the transaction in SAP Finance, I see a runtime error screen that stops the transaction. This happened after the transport from last night.",Application,test,3,test,3,test,3,train
IM0021675,B_event_log,Internet Banking Lockout Source Issue. A scheduled task using an outdated password caused an account lockout.,Application,test,5,train,5,train,5,test
IM0021685,B_event_log,Database Storage Performance Issue. All systems accessing data on LSR001043 are very slow today.,Infrastructure,train,,not used,,not used,3,train
IM0021696,B_event_log,Risk Reporting Dashboard Data Quality Issue. Automated alert: Data quality check found 312 failing referential integrity records on risk reporting dashboard.,Application,train,4,train,4,test,4,test
IM0021715,B_event_log,Mortgage Advisory Application Warning. The mortgage advisory application keeps showing 'your connection is not private' since this morning.,Application,train,,not used,,not used,3,test
IM0021753,B_event_log,SAP HR Posting Errors. Posting in SAP HR stops working after the transport from last night.,Application,train,4,train,4,train,4,train
IM0021787,B_event_log,CRM Client-Records System Service Account Locked Out. Automated alert: service account locked out 6 times in 1 hour.,Application,test,4,train,4,train,4,train
IM0021792,B_event_log,Customer Onboarding Portal Printing Error. We can't print the overview anymore since the last update. It worked fine before.,Application,train,3,train,3,test,3,test
IM0021802,B_event_log,Document Management System Error. The document management system keeps saying 'your connection is not private'. It's been like this all day.,Application,test,3,train,3,train,3,train
IM0021856,B_event_log,"Customer search timeout issue. When I try to look up customers on the onboarding portal, it sometimes takes over a minute and doesn't find any results.",Application,test,5,train,5,train,5,train
IM0021866,B_event_log,Document Management System Slowness. Opening documents in the system takes a long time and the screen freezes occasionally. Restarting fixes the problem temporarily.,Application,train,4,train,4,train,4,test
IM0021874,B_event_log,Document Management System Response-Time Alarm. Transactions degrade after each restart until application stops responding.,Application,test,3,train,3,train,3,train
IM0021879,B_event_log,High Authentication Failures - Loan Origination. Authentication errors spiked to 100% on loan origination system DTA000012 at 07:30.,Application,train,4,train,4,train,4,test
IM0021902,B_event_log,Shared Drive Storage Full. I can't save any files on the shared drive because there isn't enough space left.,Storage,train,4,train,4,train,4,test
IM0021909,B_event_log,Customer Onboarding Portal Unavailable. The customer onboarding portal is not accessible since Monday morning.,Application,test,5,train,5,train,5,train
IM0021935,B_event_log,Cannot Send Emails. I can't send emails anymore and they're stuck in the outbox.,Application,test,5,train,5,train,5,test
IM0021945,B_event_log,Internet Banking Portal Response-Time Issue. Transactions become slower and eventually stop working after every server restart.,Application,test,4,train,4,train,4,train
IM0021959,B_event_log,"Internet Banking Portal Unavailable. The Internet Banking portal is not working since Monday morning, following the server reboot.",Application,test,4,test,4,train,4,train
IM0021975,B_event_log,SSD SMART Failure on LAP000217. The support engineer observed SMART failure on LAP000217's SSD and noted that the operating system could not be loaded.,Hardware,train,5,train,5,train,5,train
IM0021978,B_event_log,Incorrect Customer Addresses. Client addresses in the document management system are wrong for many customers; letters are being sent to old addresses.,Application,test,5,train,5,test,5,train
IM0021999,B_event_log,Internet Banking Service Down. Internet Banking portal service stopped during monthly patch weekend.,Application,train,,not used,,not used,3,test
IM0022024,B_event_log,Customer Onboarding Portal Account Lockout. AD alert: customer onboarding portal service account locked out 6 times in 1 hour after password change.,Application,test,4,train,4,train,4,train
IM0022057,B_event_log,Loan Origination System Date Field Change Issue. I can't update the loan date once submitted on the loan origination system; I think it's a bug.,Application,train,4,test,4,test,4,train
IM0022064,B_event_log,CRM Client-Records System Hangs. Thread dumps indicate threads blocked in garbage collection causing memory usage to climb until the system hangs.,Application,train,5,train,5,train,5,train
IM0022065,B_event_log,Risk Reporting Dashboard Connection Issues. Saving data in the risk reporting dashboard fails intermittently with a generic error; after a few minutes it works again.,Application,train,5,train,5,train,5,train
IM0022101,B_event_log,HR Self-Service Portal Unavailable. The HR self-service portal is not working since Monday morning. Some colleagues are experiencing this issue.,Application,test,4,train,4,train,4,train
IM0022102,B_event_log,Site-to-Site VPN Flap. Tunnel monitor alert for site-to-site VPN on CNT000004 shows 14 down events in the last hour.,Network,test,3,train,3,train,3,train
IM0022145,B_event_log,CRM Address Field Import Issue. A bulk import on SBA000607 overwrote address fields with incorrect data from another column.,Application,train,5,test,5,train,5,test
IM0022149,B_event_log,Loan Origination System Data Mismatch. The loan origination system displays yesterday’s loan information instead of today’s. The issue started during the nightly run.,Application,train,4,train,4,test,4,train
IM0022161,B_event_log,"False Positive Quarantine on Workstation Application. Endpoint agent quarantined an application's DLL on workstation DTA000616 after a policy update, affecting some colleagues.",Application,train,4,test,4,train,4,test
IM0022165,B_event_log,SAN Path Degradation. Fibre-channel port errors on DCE000077's switch port; multipathing reports degraded paths and high latency.,Infrastructure,train,3,test,3,train,3,train
IM0022176,B_event_log,Customer Onboarding Portal Slowdown. The customer onboarding portal becomes slow and freezes when trying to view client records. Restarting it improves it temporarily.,Application,test,4,test,4,train,4,train
IM0022185,B_event_log,Account Lockout Issue. My account locks every morning despite entering the right password.,Application,test,5,train,5,train,5,train
IM0022191,B_event_log,SAP HR Transaction Error. I can't start the SAP HR transaction anymore because it gives me a runtime error.,Application,test,5,train,5,train,5,train
IM0022192,B_event_log,Document Management System Response Time Degradation. Transactions are degrading over time after each restart of the application.,Application,train,4,train,4,test,4,train
IM0022199,B_event_log,Mortgage Advisory Application Error. The mortgage advisory app keeps saying my internet connection isn't private.,Application,train,4,test,4,test,4,test
IM0022228,B_event_log,Account Lockout After Morning Login. My HR self-service account locks after I log in every morning with my correct password.,Application,train,3,test,3,test,3,train
IM0022246,B_event_log,Customer Onboarding Portal Account Locked Out. AD alert: Service account locked out six times in one hour.,Application,test,4,test,4,train,4,train
IM0022257,B_event_log,TLS Handshake Failures. Interface monitor alerts: TLS handshake failures on WBA000058 since midnight.,Application,train,4,train,4,test,4,train
IM0022267,B_event_log,Slow Risk Reporting Dashboard. The risk reporting dashboard is taking too long to load. My colleagues are also experiencing the same issue.,Application,train,4,test,4,test,4,test
IM0022270,B_event_log,Account Lockout Every Morning. My account locks every day when I enter the right password. My colleagues have the same issue.,Application,train,4,test,4,train,4,test
IM0022285,B_event_log,Kerberos/SSO Handshake Failure. The payments processing service fails to validate tokens from ADFS due to an expired token-signing certificate.,Application,train,4,test,4,test,4,train
IM0022295,B_event_log,Payments Processing Service Failure. Automated monitoring alerts that synthetic transactions fail at step 3 due to the latest deployment.,Application,train,4,train,4,test,4,test
IM0022296,B_event_log,Internet Banking Slowness. Internet Banking portal on server SBA000812 is very slow since morning.,Application,train,5,train,5,train,5,train
IM0022299,B_event_log,Branch Teller Application Timeout Issues. Automated log monitoring alerts 'Timeout waiting for idle object' for branch teller application.,Application,train,4,train,4,test,4,test
IM0022308,B_event_log,High CPU Utilization on Risk Reporting Dashboard. Automated alert: CPU usage at 100% for 45 minutes.,Application,test,4,train,4,train,4,train
IM0022338,B_event_log,Customer Onboarding Portal Service Account Locked. An automated alert notified us that the customer onboarding portal's service account was locked out six times in one hour.,Application,train,4,train,4,train,4,test
IM0022345,B_event_log,"Slow Risk Reporting Dashboard Queries. Database alert: Average query times exceed 30 seconds, sessions blocked.",Application,train,3,test,3,test,3,test
IM0022390,B_event_log,Customer Onboarding Portal Printing Error. We can't print the overview anymore after the update. It worked fine last week.,Application,test,4,train,4,train,4,test
IM0022413,B_event_log,SAN000178 Data Volume Slow. All applications using data on SAN000178 are running very slowly.,Storage,train,4,train,4,train,4,test
IM0022417,B_event_log,Missing Approval Button in CRM. I can't find the button to approve requests in the CRM system. It looks like it's gone.,Application,test,3,test,3,test,3,train
IM0022440,B_event_log,"Empty Customer Onboarding Portal Data. Today, no reports are showing up on the customer onboarding portal. It seems like the data hasn't been loaded.",Application,train,4,train,4,train,4,train
IM0022447,B_event_log,CRM Client-Records System Unavailable. The CRM client-records system stopped working after the server reboot last night.,Application,train,5,train,5,train,5,train
IM0022496,B_event_log,Laptop Won't Boot - DSK000005. My computer won't turn on and I just see a black screen with a blinking cursor.,Hardware,test,4,train,4,train,4,train
IM0022512,B_event_log,Branch Cash Device Outage. Customers can't use the cash machine and it stops working after updating its software.,Hardware,train,3,test,3,test,3,test
IM0022533,B_event_log,Laptop Won't Boot. My computer won't turn on; it just shows a black screen with a blinking cursor.,Hardware,test,5,train,5,test,5,train
IM0022534,B_event_log,Internet Banking Portal SSL Certificate Issue. Logs indicate 'PKIX path validation failed: certificate expired' upon accessing the Internet Banking portal.,Application,train,5,train,5,train,5,train
IM0022537,B_event_log,"CRM Client-Records Search Time Issue. When searching for customers in the CRM system, it takes longer than expected and sometimes fails.",Application,train,4,train,4,train,4,train
IM0022547,B_event_log,"Scheduled Task Locking HR Portal. A scheduled task using old credentials is locking out account WBA000018, affecting some colleagues.",Application,train,4,train,4,train,4,train
IM0022553,B_event_log,"Account Lockout Due to Stale Credentials. My account locks every morning, even with the right password. Other colleagues have similar issues.",Application,train,4,test,4,train,4,train
IM0022561,B_event_log,Customer Onboarding Portal Login Issue. I can't log into the customer onboarding portal. I enter my username and password but it sends me right back to the login page.,Application,test,4,test,4,train,4,train
IM0022569,B_event_log,Branch Teller Application Access Denied. I tried to open the branch teller app today but got an 'access denied' message. I could use it yesterday.,Application,train,4,train,4,test,4,train
IM0022590,B_event_log,Payments Service Unavailable. The payments processing service isn't working since Monday morning.,Application,train,4,test,4,test,4,test
IM0022603,B_event_log,"Payments Processing Service Access Denied. I can't access the payments processing service today. It worked yesterday, but now I get 'access denied'.",Application,train,3,test,3,test,3,test
IM0022612,B_event_log,"Account Lockout Every Morning. My account locks automatically every day, but I enter the right password.",Application,train,4,train,4,train,4,train
IM0022668,B_event_log,Internet Banking Portal Services Not Starting. The Internet Banking portal application service failed to start after a patch reboot due to the database service being unavailable.,Application,train,4,train,4,test,4,test
IM0022681,B_event_log,Laptop won't turn on post-BIOS update. My laptop doesn't start anymore. It just shows a black screen with a blinking cursor.,Hardware,train,5,test,5,train,5,train
IM0022710,B_event_log,AWR Report Query Execution Plan Issue. Technical observation: AWR report on SUB000456 shows a full table scan on the transactions table for a search query. The execution plan changed after the data load.,Application,test,3,train,3,test,3,train
IM0022744,B_event_log,Document Management System Data Integrity Issue. Data quality check found 312 records failing referential integrity for SUB000424 after a bulk import.,Application,train,5,test,5,train,5,train
IM0022748,B_event_log,"Document Management System Slow Queries. Database alert on SBA000462: average query times over 30 seconds during peak usage, sessions waiting on I/O.",Application,train,4,train,4,train,4,test
IM0022750,B_event_log,High Processor Queue Length - Onboarding Portal. Performance alert: high queue length on SBA000010. Occurred after scheduled scan.,Application,train,4,train,4,train,4,test
IM0022754,B_event_log,Garbage Collection Pauses and CRM System Freeze. Long garbage collection pauses on WBA000133 caused the CRM client-records system to freeze.,Application,train,4,test,4,train,4,train
IM0022781,B_event_log,Risk Reporting Dashboard Failure. Automated alert: Synthetic transaction for risk reporting dashboard fails at step 3 after last night's deployment.,Application,train,4,train,4,train,4,test
IM0022786,B_event_log,Printing Error After Application Update. We can't print the mortgage advisory application overview anymore. It worked last week.,Application,train,4,test,4,test,4,train
IM0022793,B_event_log,Laptop Won't Start. My laptop won't turn on; all I see is a black screen with a blinking cursor.,Hardware,test,5,train,5,train,5,train
IM0022799,B_event_log,Loan origination DB transaction log full. Transaction log on ADB00010 database is 100% full after log backup job failed.,Database,train,,not used,,not used,3,train
IM0022805,B_event_log,"Mortgage Advisory Application Slowdown. When searching for customers in the application, it takes longer than usual and sometimes fails.",Application,train,4,test,4,train,4,train
IM0022813,B_event_log,Mortgage Advisory Application Data Save Failures. Saving data in the mortgage advisory application fails intermittently and then works again after some time.,Application,test,5,train,5,test,5,train
IM0022837,B_event_log,Laptop Startup BitLocker Prompt. My laptop starts up but now requires a BitLocker recovery key.,Hardware,train,5,train,5,train,5,train
IM0022842,B_event_log,"Payments Processing Service Transaction Log Full. The transaction log on ADB000042 database is 100% full, affecting a single user.",Database,train,5,train,5,train,5,train
IM0022856,B_event_log,Risk Reporting Dashboard Date Change Issue. I can't change the date on the risk reporting dashboard after submitting a report. I think it's a bug.,Application,train,4,test,4,test,4,train
IM0022859,B_event_log,Login issues on payments processing service. People can't log into the payments processing service anymore; they're always redirected to the login page.,Application,train,4,test,4,test,4,train
IM0022862,B_event_log,Empty Document Export. I can't export files because the documents are blank.,Application,train,4,train,4,test,4,test
IM0022877,B_event_log,Loan Origination System Error. Loan origination system shows an error when entering the amount.,Application,test,4,train,4,test,4,train
IM0022895,B_event_log,"Patch Installation Failed on SBA000607. A patch installation on SBA000607 server failed at 'configuring updates', causing the server to hang.",Application,train,4,test,4,train,4,test
IM0022920,B_event_log,Document Management System Certificate Expired. Support engineer observed 'PKIX path validation failed: certificate expired' when logging into the document management system.,Application,train,4,train,4,train,4,train
IM0022924,B_event_log,"CRM Client-Records System Empty Reports. Today's reports in the CRM client-records system are all empty, it seems like the data wasn't loaded.",Application,test,5,test,5,train,5,test
IM0022939,B_event_log,Internet Banking Portal Service Account Lockout. AD alert: Internet Banking portal service account locked out 6 times in 1 hour.,Application,train,4,test,4,test,4,test
IM0022941,B_event_log,"HR Self-Service Portal Slow Search. When searching for customers on the HR self-service portal, it takes over a minute to load and sometimes fails.",Application,test,3,train,3,train,3,train
IM0022943,B_event_log,File Shares Unavailable. Uploading files to the shared folders doesn't work since morning.,Storage,train,3,train,3,train,3,train
IM0022987,B_event_log,HR Self-Service Portal Account Lockout. AD alert: service account locked out 6 times in 1 hour after password change.,Application,test,4,train,4,train,4,test
IM0023048,B_event_log,"Document Management System Data Quality Issue. Data quality check on SBA000811 found 312 failing records, reported after manual correction.",Application,train,4,test,4,test,4,train
IM0023053,B_event_log,Heap Usage & Response Time Issue. Alert: heap usage at 95% and avg response time >8s for Internet Banking portal.,Application,test,4,train,4,train,4,train
IM0023056,B_event_log,VPN Tunnel Renegotiation Failure. Remote colleagues can't connect to the office network since this morning after updating the VPN client.,Network,train,2,train,2,train,2,train
IM0023060,B_event_log,HR Self-Service Portal Slow Search. The HR self-service portal search query on WBA000124 performs a full table scan due to outdated optimizer statistics.,Application,test,4,train,4,test,4,test
IM0023063,B_event_log,Teller Application Stopped During Maintenance. Branch teller application service stopped during monthly patch weekend.,Application,test,4,train,4,train,4,train
IM0023069,B_event_log,Teller Application Service Account Locked Out. Service account for branch teller application locked out 6 times in one hour.,Application,train,4,train,4,train,4,train
IM0023071,B_event_log,"Shared Mailbox Not Responding. I can't send emails anymore, they're stuck in my outbox.",Application,train,5,train,5,train,5,train
IM0023074,B_event_log,High CPU Utilization on SBA000462. Branch teller application experiencing 100% CPU utilization for 45 minutes.,Application,train,4,test,4,train,4,train
IM0023096,B_event_log,Internet Banking Portal Lockout. A scheduled task using an outdated password caused some colleagues to experience lockouts in the Internet Banking portal.,Application,train,4,train,4,train,4,test
IM0023099,B_event_log,High Authentication Failures - Internet Banking. Authentication failures spiked to 100% for Internet Banking at 07:30.,Application,test,5,train,5,test,5,train
IM0023105,B_event_log,Data Quality Issue - Mortgage Advisory Application. Data-quality check on SUB000479 identified 312 records failing referential integrity in the mortgage advisory application.,Application,train,4,train,4,test,4,train
IM0023118,B_event_log,Document Management System Connections Stuck. Support engineer observed active database connections from SUB000455 reaching the maximum pool size; this caused requests to queue up and the document management system to return timeouts.,Application,train,4,train,4,train,4,train
IM0023128,B_event_log,Internet Banking Portal Certificate Expired. Logs indicate PKIX path validation failed due to certificate expiration during backend calls for the Internet Banking portal.,Application,test,4,train,4,train,4,train
IM0023146,B_event_log,Bulk Import Address Field Overwrite. A bulk import operation overwrote address fields with incorrect values from another column for some customer records.,Application,train,3,test,3,train,3,train
IM0023157,B_event_log,Virtual Workplace Freeszes. My virtual workplace session freezes after a few minutes and I need to close it. Some of my colleagues also have this issue.,Application,train,4,train,4,train,4,train
IM0023160,B_event_log,HR Self-Service Portal Slow. The HR self-service portal on server SBA000782 is taking too long to load. Some coworkers are also experiencing this issue.,Application,train,4,train,4,train,4,train
IM0023194,B_event_log,Document Management System Job Chain Failure. Scheduler alert: document management system job chain on SUB000456 ended with return code 8 after upstream system change.,Application,train,4,train,4,train,4,train
IM0023196,B_event_log,"CRM System Connection Issue. Since morning, CRM client-records system displays 'your connection is not private'.",Application,train,4,test,4,train,4,train
IM0023225,B_event_log,Loan Origination System Printing Error. We can't print the overview after the loan origination system update. This used to work last week.,Application,train,4,test,4,train,4,train
IM0023241,B_event_log,Document Management System Certificate Issue. Support engineer observed that logging into WBA000103 showed an error 'PKIX path validation failed: certificate expired' during backend calls to the document management system.,Application,train,4,train,4,test,4,train
IM0023249,B_event_log,Risk Reporting Dashboard Function Misuse. The risk reporting dashboard stopped functioning correctly due to an incorrect use of the function by a user.,Application,train,3,train,3,test,3,train
IM0023256,B_event_log,Document Management System Slowdown. The document management system is very slow and keeps hanging. Basic screens take a long time to load.,Application,train,4,train,5,train,3,train
IM0023272,B_event_log,Cannot Save New Records. We can't add new documents to the system; the app tells us there's a problem with the database.,Database,train,,not used,,not used,3,train
IM0023294,B_event_log,"Payments Processing Service Error Rate. 15% of payment requests time out during peak hours, impacting single user.",Application,train,5,train,5,train,5,train
IM0023305,B_event_log,"CRM Client Addresses Incorrect. Client addresses in the CRM system are showing as old addresses, affecting some colleagues.",Application,test,4,train,4,test,4,train
IM0023312,B_event_log,"Payments Search Time Increased. When searching for customers, it takes over a minute to load the results and sometimes the search fails.",Application,train,4,train,4,train,4,train
IM0023314,B_event_log,Document Management System Error. The document management system keeps showing 'your connection is not private'. This happened after the certificate expired at midnight.,Application,test,4,train,4,train,4,train
IM0023354,B_event_log,"Batch Job Aborted - Mortgage Advisory Application. Support engineer observed that the batch job on SBA000659 was aborted due to an 'input file not found' error, indicating the interface file from the upstream system had not arrived on time.",Application,train,4,train,4,train,4,test
IM0023369,B_event_log,"Endpoint Agent Quarantine. The endpoint agent on DTA000033 quarantined an application's DLL after a policy update, affecting only me.",Application,train,4,test,5,train,4,test
IM0023412,B_event_log,Garbage Collection Issues. Long garbage collection pauses observed on SBA000462 leading to frequent system freezes affecting our CRM client-records system.,Application,test,3,train,3,train,3,test
IM0023421,B_event_log,"CRM Client Records Submission Locking. A support engineer noticed that the field locks after submission in the CRM client-records system, affecting some colleagues.",Application,train,4,train,4,train,4,train
IM0023422,B_event_log,"Loan Origination System Patch Installation Issue. A patch installation on SBA000607 failed during the configuration phase, causing the server to hang at 'configuring updates'. This issue affected some colleagues.",Application,train,4,test,4,train,4,train
IM0023431,B_event_log,Cash service device failure. Branch cash services device CBD000763 reported 'card reader fault' after firmware update.,Hardware,test,4,test,4,train,4,train
IM0023450,B_event_log,"High CPU usage affecting Internet Banking. A process on SBA000698 is using 98% CPU in a tight loop, starving other services.",Application,train,3,train,3,train,3,train
IM0023501,B_event_log,Data Center LAN Interface Errors. Interface errors and 5% packet loss on CNT000026 affecting one team.,Network,train,3,train,3,train,3,train
IM0023508,B_event_log,NullPointerException in Validation Module. Technical observation: Stack trace shows NullPointerException in new validation module from latest mortgage advisory application release.,Application,train,5,train,5,train,5,train
IM0023524,B_event_log,Risk Reporting Dashboard Log Failure. Logs indicate 'PKIX path validation failed: certificate expired' when accessing the risk reporting dashboard backend.,Application,train,4,train,4,test,4,train
IM0023527,B_event_log,"Mortgage Advisory Access Denied. I can't open the mortgage advisory application now, even though I logged in successfully before.",Application,train,4,test,4,train,4,train
IM0023539,B_event_log,Account Locking Issue. My account locks every morning despite entering the right password. This began after the password change.,Application,test,4,test,4,test,4,train
IM0023579,B_event_log,Account Lockout After Password Change. My account locks up every morning despite entering the right password.,Application,train,5,test,5,train,5,train
IM0023602,B_event_log,Duplicate Contracts in Customer Onboarding Portal. Customer onboarding portal displays multiple contracts for some customers.,Application,test,4,train,4,test,4,train
IM0023627,B_event_log,Laptop fails to boot after BIOS update. My laptop won't turn on anymore. It just shows a black screen with a blinking cursor.,Hardware,train,5,train,5,train,5,train
IM0023634,B_event_log,Payments Service Overview Rounding Mismatch. The total amounts shown in the overview section of the payments processing service are rounded differently from those in the detail screen.,Application,train,5,train,5,train,5,test
IM0023643,B_event_log,Customer Onboarding Portal Date Change Issue. I can't update the date field after filling out the onboarding form; it locks immediately.,Application,train,5,train,5,train,5,train
IM0023646,B_event_log,IKE Phase 2 Renegotiation Failure. The IKE phase 2 renegotiation failed on SSW000058 due to proposal mismatch after the peer updated its encryption settings.,Security,train,3,test,3,train,3,test
IM0023667,B_event_log,High heap usage and response times. Heap usage at 95% and avg response time over 8s reported for mortgage advisory application.,Application,train,4,train,4,train,4,train
IM0023669,B_event_log,Loan Origination Search Time. I can't find customer information quickly in the loan origination system when lots of people are trying to use it.,Application,test,4,train,4,test,4,test
IM0023687,B_event_log,"Duplicate Contracts in Teller App. When I try to look up a customer’s contract at the branch, it shows more than one contract for the same person.",Application,test,4,test,4,test,4,test
IM0023703,B_event_log,Document Management System Cert Expired. The support engineer observed that logging into WBA000144 showed an error 'PKIX path validation failed: certificate expired' while trying to connect to the backend of the document management system.,Application,train,3,train,3,test,3,train
IM0023725,B_event_log,Access Denied on Document Management System. I'm unable to open the document management system today. Others in my team are having the same issue.,Application,train,4,train,4,train,4,train
IM0023764,B_event_log,"Customer Onboarding Portal Hang. Thread dumps show blocked threads in garbage collection, leading to continuous memory usage and eventual hang of the customer onboarding portal.",Application,train,4,train,4,train,4,test
IM0023787,B_event_log,Document Management System Failure. An automated alert indicates that synthetic transactions fail at step 3 on DTA000057 after a new version deployment.,Application,train,5,train,5,train,5,test
IM0023794,B_event_log,Customer Onboarding Portal Batch Job Failed. Support engineer observed that a batch job on configuration item SUB000442 was aborted due to an 'input file not found'.,Application,test,4,train,4,train,4,test
IM0023804,B_event_log,"High CPU usage on HR self-service portal. A process on SBA000462 was using 98% CPU in a tight loop, affecting other services.",Application,train,4,test,4,test,4,train
IM0023813,B_event_log,Incorrect customer addresses in payments service. The client addresses for some customers are not correct. They are still being sent to the wrong places.,Application,train,4,train,4,train,4,train
IM0023825,B_event_log,Branch Teller Application Timeout. The branch teller application times out frequently during the morning peak hours.,Application,train,3,train,3,train,4,train
IM0023831,B_event_log,Internet Banking Portal Unavailable. The Internet Banking portal is not working since Monday morning.,Application,train,4,train,4,train,4,train
IM0023832,B_event_log,Document Management System Access Denied. I can't open the document management system anymore. Others can't either.,Application,test,4,train,4,train,4,train
IM0023841,B_event_log,Mortgage Advisory Application Slow Search. A full table scan is occurring on SBA000462 due to 3-week-old optimizer statistics.,Application,train,4,train,4,test,4,test
IM0023843,B_event_log,"Risk Reporting Dashboard Certificate Expired. Support engineer observed 'PKIX path validation failed: certificate expired' errors on SBA000607, affecting some colleagues.",Application,train,4,train,4,train,4,train
IM0023866,B_event_log,Loan Origination System Response Time Degradation. Transactions slow down and eventually stop working after each restart. Small user group impacted.,Application,train,4,train,4,train,4,test
IM0023923,B_event_log,Internet Banking Update Failed. The Internet Banking portal displays old figures. The overnight update didn't happen.,Application,train,4,train,4,train,4,train
IM0023942,B_event_log,Missing Approval Button in CRM. I can't see where to approve requests in the CRM system. The 'Approve' button isn't there.,Application,train,3,train,3,train,3,train
IM0023955,B_event_log,Duplicate Contracts in Document Management System. We see multiple copies of the same contract for the same customer.,Application,train,4,train,4,train,4,train
IM0023966,B_event_log,Incorrect client addresses in mortgage advisory. The addresses in our mortgage advisory application are incorrect for some customers; clients are being sent to the wrong places.,Application,train,4,test,4,train,4,train
IM0023967,B_event_log,Payments Processing Service Incorrect Use. No errors found in SUB000456 logs; issue arises from user misuse of approve function.,Application,test,4,train,4,train,4,train
IM0023969,B_event_log,Access Denied on Document Management System. I can't open the document management system now. Others are having the same issue.,Application,train,4,train,4,train,4,train
IM0023972,B_event_log,"Account Lockout Due to Stale Credentials. My account locks every morning, but I enter the right password. Only I'm having this issue.",Application,train,5,train,5,train,5,train
IM0023992,B_event_log,"Loan Origination System Duplicate Contracts. When trying to create a new loan, the loan origination system shows multiple contracts for the same customer.",Application,train,4,train,4,train,4,test
IM0023994,B_event_log,Mortgage Advisory Application Slowness. Opening records in the application takes a long time and sometimes the screen freezes. Restarting fixes it temporarily.,Application,train,4,train,4,test,4,train
IM0023995,B_event_log,Mortgage Advisory Kerberos Handshake Failure. Kerberos/SSO handshake for the mortgage advisory application fails on configuration item SUB000286 due to an expired token-signing certificate in the application.,Application,train,4,train,4,train,4,train
IM0024005,B_event_log,Document Management System Slowdown. The document management system is slow and freezes when I try to access client records. Restarting it fixes it temporarily.,Application,train,5,train,5,train,5,train
IM0024008,B_event_log,Branch Teller Application Date Locking Issue. I can't change the date after submitting transactions; it locks automatically.,Application,test,4,train,4,train,4,test
IM0024012,B_event_log,Slow Branch Teller Application. The branch teller application is very slow since morning.,Application,train,4,train,4,train,4,train
IM0024026,B_event_log,CRM Client-Records System Data Quality Issue. Data-quality check found 312 failing records for SUB000456.,Application,train,4,test,4,train,4,train
IM0024033,B_event_log,Customer Onboarding Portal Functionality Issue. Support engineer observed that there were no errors in SUB000456 logs but noted users were accessing the 'approve' button incorrectly.,Application,train,4,test,4,train,4,train
IM0024038,B_event_log,"Branch Teller Application Connection Issue. The branch teller app keeps showing 'Your connection is not private,' affecting some colleagues.",Application,train,4,train,4,train,4,train
IM0024051,B_event_log,Customer Onboarding Portal Data Lag. The customer onboarding portal displays data from yesterday instead of today’s information.,Application,train,4,test,4,train,4,train
IM0024084,B_event_log,"Slow Customer Onboarding Portal. The portal is very slow to load, especially after the morning scheduled scan.",Application,train,4,test,4,test,4,train
IM0024090,B_event_log,Customer Onboarding Portal Data Outdated. The customer onboarding portal displays old customer data from yesterday. The issue began during the night.,Application,train,4,train,4,test,4,train
IM0024103,B_event_log,Laptop Startup BitLocker Recovery Prompt. My laptop restarts but asks for a BitLocker recovery key at startup.,Hardware,train,5,train,5,train,5,test
IM0024111,B_event_log,Slow Internet Banking Portal. Internet Banking portal is extremely slow since morning.,Application,train,4,test,4,train,4,test
IM0024123,B_event_log,"SSO Failure on Document Management System. The Kerberos/SSO handshake failed on SUB000508 after the identity-provider certificate rollover, preventing token validation.",Application,test,4,train,4,test,4,test
IM0024143,B_event_log,TLS Handshake Failures on CRM System. Interface monitor reported TLS handshake failures between CRM system and backend since midnight.,Application,train,5,train,5,test,5,test
IM0024155,B_event_log,Customer Onboarding Portal Slowdown. The portal becomes sluggish throughout the day and freezes when trying to view client records. Refreshing the page helps temporarily.,Application,train,5,train,5,train,5,train
IM0024167,B_event_log,Payments Processing - Missing Approval Button. Cannot find the approve button in the payments processing service; it's only visible in 'my tasks'.,Application,test,3,test,3,train,4,train
IM0024176,B_event_log,Sluggish Branch Teller Application. The branch teller application is very slow and frequently freezes.,Application,train,4,test,4,test,4,train
IM0024200,B_event_log,Laptop BitLocker Prompt After Update. My laptop won't start because it shows a BitLocker recovery key prompt at startup.,Hardware,train,5,train,5,test,5,train
IM0024221,B_event_log,"Slow customer search in Payments Service. When trying to find customers, it's taking too long and sometimes failing.",Application,test,4,train,4,train,4,test
IM0024240,B_event_log,Document Management System Login Failure. People can't access the document management system anymore. They are redirected back to the login page.,Application,test,4,train,4,test,4,train
IM0024253,B_event_log,HR Self-Service Portal Access Issue. I can't access the HR self-service portal. Others report the same issue.,Application,train,4,train,4,train,4,test
IM0024277,B_event_log,"Risk Reporting Dashboard Slow Performance. When searching for customers on the risk reporting dashboard, it takes more than a minute to load and sometimes fails.",Application,train,4,train,4,train,4,train
IM0024293,B_event_log,"Workstation Application Quarantine. Endpoint agent quarantined an application's DLL on DTA000033 after a policy update, affecting only the support engineer.",Application,test,4,train,5,train,4,test
IM0024309,B_event_log,"Kerberos SSO handshake failure. The loan origination system's Kerberos/SSO handshake failed on configuration item WBA000145, preventing validation of tokens from ADFS.",Application,train,4,train,4,train,4,train
IM0024315,B_event_log,SSO handshake failure on risk reporting dashboard. Kerberos/SSO handshake failed on the risk reporting dashboard due to an expired token-signing certificate from the identity provider.,Application,train,4,test,4,train,4,train
IM0024322,B_event_log,Document Management System Access Denied. I can't open the document management system anymore. I could log in yesterday.,Application,train,4,train,4,train,5,test
IM0024329,B_event_log,Self-service Terminal CBD001225 Fault. The self-service terminal CBD001225 reported a card reader fault and went offline.,Hardware,train,2,train,2,train,2,train
IM0024367,B_event_log,"DB Connection Pool Exhaustion. Active DB connections from SUB000456 are stuck at the pool maximum, causing timeouts in the customer onboarding portal.",Application,train,4,train,4,train,4,train
IM0024424,B_event_log,Mortgage Advisory Slows Down. The mortgage advisory application is running very slowly since morning.,Application,test,4,train,4,train,4,train
IM0024451,B_event_log,Slow User Profile Load Time. The profile load time for users on APP000005 exceeds 5 minutes due to a 4 GB corrupt roaming profile.,Application,test,4,train,4,train,4,train
IM0024471,B_event_log,Mortgage Advisory Application Failure. Automated alert: Mortgage advisory application's synthetic transaction fails at step 3.,Application,train,4,train,4,test,4,train
IM0024474,B_event_log,High DB Connection Pool Stuck. Support engineer observed active DB connections from SBA000317 stuck at the pool maximum during peak business hours.,Application,train,,not used,,not used,3,train
IM0024503,B_event_log,"Mortgage Advisory Application Connection Pool Issue. Some colleagues reported that active DB connections from WBA000058 were stuck at the pool maximum, causing timeouts.",Application,train,4,train,4,train,4,test
IM0024512,B_event_log,"Stale Credentials Locking Account. A scheduled task using the old password after a recent change, causing some colleagues' accounts to be locked out.",Application,train,4,train,4,train,4,train
IM0024524,B_event_log,AWR Report Execution Plan Issue. The AWR report on SBA000607 shows a full table scan on the transactions table; the execution plan changed after the data load.,Application,train,4,train,4,train,4,train
IM0024543,B_event_log,Duplicate Contracts in Document Management System. I can't find unique contracts for each customer in our document management system.,Application,test,4,train,4,train,4,train
IM0024546,B_event_log,"Sluggish Branch Teller Application. The teller app is very slow, taking too long to open basic screens and hanging often.",Application,train,3,train,3,test,3,train
IM0024591,B_event_log,"HR Self-Service Portal Lockout. Every morning, my HR account locks automatically, even when I enter the right password.",Application,train,3,train,3,train,3,train
IM0024592,B_event_log,Loan Origination System Data Integrity Issue. Data quality check on WBA000133 found 312 records violating referential integrity. This occurred after a bulk import.,Application,train,3,train,3,train,3,test
IM0024598,B_event_log,"SSD SMART Failure after BIOS Update. Support engineer observed SMART failure on LAP001256 SSD, preventing OS loading.",Hardware,test,5,train,5,train,5,train
IM0024601,B_event_log,Risk Reporting Dashboard Timeout Errors. Automated alert: 15% of risk reporting dashboard requests fail with timeout errors during peak hours.,Application,train,4,test,4,train,4,train
IM0024602,B_event_log,Payments Service Synthetic Transaction Failure. Synthetic transaction for payments processing service fails at step 3 due to latest deployment.,Application,train,4,test,4,train,4,test
IM0024616,B_event_log,Bulk Import Address Data Corruption. A manual correction to the address fields in the mortgage advisory application caused the bulk import to overwrite them with incorrect values.,Application,train,3,train,3,train,3,train
IM0024624,B_event_log,"Risk Reporting Dashboard Connection Pool Exhaustion. Technical observation shows 'Cannot get a connection, pool exhausted'; all connections are in use and new requests timeout.",Application,train,5,train,5,train,5,train
IM0024626,B_event_log,Payments Processing Service Account Locked Out. Automated alert: service account locked out six times in one hour.,Application,train,5,test,5,train,5,train
IM0024645,B_event_log,Duplicate Contracts in CRM. CRM shows multiple contracts for some customers after importing new data.,Application,train,4,train,4,train,4,train
IM0024671,B_event_log,Payments Processing Service Slowdown. The payments processing service takes longer to respond and freezes when I try to view client records.,Application,train,5,train,5,test,5,train
IM0024680,B_event_log,Document Management Service Stopped. The document management system stopped working after the monthly patch maintenance.,Application,train,4,test,4,train,4,train
IM0024689,B_event_log,Customer Onboarding Portal Slow. The customer onboarding portal is very slow since this morning.,Application,test,5,test,5,test,5,train
IM0024719,B_event_log,Customer Onboarding Portal Print Error. We can't print the overview anymore after the portal update. It used to work last week.,Application,train,4,test,4,train,4,train
IM0024759,B_event_log,Loan Origination System Scheduler Alert. Alert: Loan origination system job chain on SBA000805 returned error code 8 at 02:14.,Application,test,3,train,3,train,3,train
IM0024760,B_event_log,TLS Handshake Failures on HR Portal. Interface monitor reported TLS handshake failures on HR self-service portal since midnight.,Application,test,4,test,4,test,4,train
IM0024763,B_event_log,Outlook Showing Disconnected. My Outlook shows disconnected and new emails are not arriving.,Application,train,5,train,5,train,5,train
IM0024769,B_event_log,"Customer Onboarding Portal Error. The customer onboarding portal displays 'your connection is not private', preventing some colleagues from completing onboarding.",Application,test,4,train,4,test,4,test
IM0024774,B_event_log,Risk Reporting Dashboard Slow. I can't search for customers on the risk reporting dashboard quickly. It takes more than a minute and sometimes stops working.,Application,train,5,train,5,train,5,train
IM0024820,B_event_log,Loan Origination System Service Account Locked. Service account for loan origination system was locked out six times in one hour.,Application,train,4,train,4,train,4,train
IM0024826,B_event_log,"CRM System Connection Issue. The CRM client-records system says 'your connection is not private,' making it hard for some colleagues to access their records.",Application,train,4,train,4,test,4,train
IM0024846,B_event_log,Database Storage Multipath Issue. Alert: Two out of four paths down on DCE000105. I/O latency increased to 180 ms.,Infrastructure,train,3,test,3,train,3,train
IM0024871,B_event_log,"Customer Onboarding Portal Error. The onboarding portal keeps saying 'your connection is not private,' making it hard for us to complete new user registrations.",Application,train,4,train,4,test,4,test
IM0024874,B_event_log,Payments Processing Service Failure. The payments processing application service on SBA000462 did not start post-patch reboot due to the dependent database service not being available.,Application,train,4,train,4,test,4,train
IM0024881,B_event_log,Branch Teller Application Timeouts. The branch teller application is taking too long to respond during the morning rush.,Application,train,4,test,4,train,4,test
IM0024887,B_event_log,"HR Self-Service Portal Submit Button Issue. Since the new version of the HR self-service portal was released, the submit button doesn't work and we can't complete our tasks.",Application,train,4,train,4,train,4,train
IM0024936,B_event_log,Laptop Won't Start - LAP001581. My computer won't turn on and just shows a black screen with a blinking cursor.,Hardware,train,5,train,5,test,5,train
IM0024940,B_event_log,Patch Installation Failed on SBA000436. A patch installation on SBA000436 failed midway during 'configuring updates'; the server hung.,Application,train,4,train,4,train,4,train
IM0024946,B_event_log,"Branch Teller Application Data Not Loaded. The reports in the branch teller application are blank today, as if the data hasn't been loaded.",Application,train,4,train,4,train,4,train
IM0024965,B_event_log,CRM Client-Records System Authentication Failures. Authentication failures spiked to 100% for the CRM client-records system on WBA000058 at 07:30.,Application,train,4,train,4,train,4,train
IM0024976,B_event_log,TLS Handshake Failures - Onboarding Portal. Interface monitor reported TLS handshake failures between SBA000464 and backend since midnight.,Application,train,4,train,4,test,4,train
IM0024983,B_event_log,HR Self-Service Portal Data Outdated. The HR self-service portal displays incorrect data from the previous day. The update process failed during the night.,Application,train,4,train,4,train,4,test
IM0024989,B_event_log,SAP Procurement Short Dump. Short dump SYNTAX_ERROR observed in SAP procurement on SAP000005; the program references an un-imported object.,Application,train,5,train,5,train,5,train
IM0025006,B_event_log,HR Self-Service Portal Transaction Degradation. HR self-service portal users report slow response times and eventual unavailability after server reboots.,Application,train,4,train,4,train,4,train
IM0025025,B_event_log,Teller Application Data Issue. The branch teller application displays old figures from yesterday. Some colleagues also report this.,Application,train,4,test,4,train,4,train
IM0025039,B_event_log,Customer Onboarding Data Quality Issue. Data-quality check on WBA000058 found 312 failing referential integrity records.,Application,train,4,train,4,train,4,train
IM0025043,B_event_log,Customer Onboarding Portal Account Locked Out. Service account for customer onboarding portal locked out six times in one hour.,Application,test,4,test,4,train,4,train
IM0025063,B_event_log,Slow Document Management System. My colleagues and I can't access the document management system because it's very slow since the morning.,Application,train,4,train,4,train,4,train
IM0025078,B_event_log,Internet Banking Portal Error Rate. 15% of Internet Banking portal requests fail with timeout errors during peak hours.,Application,test,4,train,4,train,4,train
IM0025082,B_event_log,"CRM Client-Records Error Page. The CRM client-records system displays an error page indicating a timeout, especially in the mornings.",Application,train,4,train,4,test,4,train
IM0025087,B_event_log,HR Self-Service Portal Timeouts. The HR self-service portal is slow and sometimes unresponsive during the morning.,Application,train,4,test,4,train,4,test
IM0025107,B_event_log,Laptop Startup Issue. My laptop won't start because it needs a BitLocker recovery key.,Hardware,train,5,test,5,train,5,train
IM0025126,B_event_log,"High Application Data Volume Alert. Alert: Application data volume on DCE000077 at 99% used, exceeding 90% threshold.",Infrastructure,train,3,train,3,test,3,test
IM0025130,B_event_log,Payments Processing Service Connectivity Issue. Logs indicate 'PKIX path validation failed: certificate expired' when accessing the payments processing service's backend.,Application,train,3,train,3,train,4,train
IM0025133,B_event_log,HR Self-Service Portal Performance Issue. The HR self-service portal is slow and freezes when trying to view client records during the day.,Application,train,4,train,4,test,4,test
IM0025143,B_event_log,Duplicate Contracts in Teller Application. The branch teller application is showing the same contract information more than once for different customers.,Application,test,4,train,4,train,4,train
IM0025152,B_event_log,Teller Application Stalls. Transactions slow down and eventually stop working after each restart.,Application,test,5,test,5,test,5,train
IM0025228,B_event_log,Site-to-site VPN connection issues. Some colleagues can't connect to the office network remotely after updating the VPN client.,Security,train,4,test,4,train,4,train
IM0025236,B_event_log,HR Self-Service Portal Application Failure. The HR self-service portal application service failed to start after a patch reboot due to the dependent database service not being available.,Application,train,4,test,4,train,4,train
IM0025240,B_event_log,Loan Origination System Error. Loan origination system shows an error message when entering the amount.,Application,train,3,train,3,train,3,train
IM0025248,B_event_log,"Internet Banking Import Job Failed. A nightly import job for the Internet Banking portal failed due to an invalid date format in record 1,204 of the interface file.",Application,train,4,train,4,test,4,test
IM0025260,B_event_log,Scheduled Task Locking Document Management System. A scheduled task on configuration item WBA000058 is locking out an account due to old password.,Application,train,4,train,4,train,4,train
IM0025265,B_event_log,"Slow Database Storage. Our database is very slow, and it's affecting everyone.",Infrastructure,train,3,test,3,train,3,train
IM0025302,B_event_log,"Slow Database Query Times - HR Portal. Database alert: average query times over 30 seconds, sessions waiting on I/O.",Application,train,4,train,4,train,4,train
IM0025323,B_event_log,"Risk Reporting Dashboard Data Mismatch. In the risk reporting dashboard, amounts show rounding differences between the overview and detail screens.",Application,train,4,test,4,test,4,test
IM0025325,B_event_log,Slow Application Data Volume. Our application is very slow because of the data on ZOC000002.,Infrastructure,train,3,test,3,test,3,test
IM0025326,B_event_log,"Patch Installation Failure on SBA000709. A patch installation on SBA000709 failed midway, causing the server to hang during 'configuring updates'. Some colleagues are experiencing issues.",Application,train,4,train,4,test,4,test
IM0025341,B_event_log,Customer Onboarding Portal Access Denied. I can't access the customer onboarding portal today even though I could yesterday.,Application,train,4,test,4,train,4,train
IM0025358,B_event_log,Endpoint Agent False Positive. Endpoint agent quarantined an application's DLL after a policy update (false positive).,Application,test,5,train,5,test,5,train
IM0025367,B_event_log,Payments Processing Service Data Integrity Issue. Data quality check on SBA000462 shows 312 failing referential integrity records affecting a small group of users.,Application,train,4,train,4,train,4,train
IM0025415,B_event_log,Risk Reporting Dashboard Access Denied. I can't open the risk reporting dashboard because of an 'access denied'. This happened after changing the identity-provider certificate.,Application,test,4,test,4,train,4,train
IM0025428,B_event_log,Payments Processing Service Issue. Heap usage exceeded 95% and response times over 8 seconds detected by monitoring.,Application,train,4,test,4,test,4,test
IM0025429,B_event_log,Loan Origination System SSL Issue. Loan origination system displays 'your connection is not private'. Only I can't access the system.,Application,test,5,train,5,train,5,train
IM0025430,B_event_log,Document Management System Incorrect Function Use. The document management system is not functioning as expected; some colleagues are unable to export documents correctly.,Application,train,4,train,4,train,4,train
IM0025459,B_event_log,"Customer Onboarding Portal Slow Search. When searching for customers, it takes over a minute and sometimes fails.",Application,test,4,train,4,test,4,test
IM0025466,B_event_log,Incorrect Customer Addresses. The client addresses listed on the customer onboarding portal are outdated; current addresses are showing as old ones.,Application,train,4,train,4,train,4,train
IM0025501,B_event_log,Laptop Won't Boot After BIOS Update. My laptop won't turn on now that I updated the BIOS. It just shows a black screen with a blinking cursor.,Hardware,train,5,test,5,train,5,test
IM0025514,B_event_log,"Print Server Spooler Corrupted Job. The print spooler on the branch print server hangs on a job for PRN000039 due to a corrupted file, causing the queue to block.",Hardware,train,5,train,5,train,5,train
IM0025517,B_event_log,High CPU Utilization - Document Management System. Alert: Document management system CPU usage reached 100% for 45 minutes.,Application,test,4,train,4,test,4,test
IM0025534,B_event_log,Scheduler Job Chain Error. Alert: Branch teller application job chain ended with return code 8.,Application,train,4,test,4,test,4,test
IM0025535,B_event_log,Published Desktop Hangs. My desktop login screen doesn't finish loading and I have to restart my session.,Application,train,3,train,3,test,3,train
IM0025536,B_event_log,Slow Risk Reporting Dashboard. The risk reporting dashboard on SBA000607 is taking a long time to load since this morning.,Application,train,4,train,4,train,4,train
IM0025540,B_event_log,Workstation Application Not Starting. The application won't open now; it shows a message from our security software.,Application,train,4,train,4,train,4,train
IM0025543,B_event_log,Loan Origination System Slowness. Opening loans takes a long time and sometimes the system stops working. It starts working again after restarting but gets slow again.,Application,train,4,train,4,train,4,train
IM0025545,B_event_log,"Laptop Startup Prompt Issue. My laptop asks for a BitLocker recovery key at startup, which didn't happen before a BIOS update.",Hardware,train,5,train,5,test,5,test
IM0025588,B_event_log,"Endpoint Agent Quarantining Application DLL. An endpoint agent quarantined an application's DLL file on workstation DTA000616 following a policy update, affecting some colleagues.",Application,train,4,test,4,train,4,train
IM0025609,B_event_log,Mortgage Advisory Application Data Save Errors. Saving mortgage data sometimes doesn't work in the application; it starts working after a while.,Application,train,4,test,4,test,4,test
IM0025610,B_event_log,Submit Button Not Working. The submit button on the mortgage advisory application doesn't work anymore since the weekend update.,Application,train,5,test,5,test,5,train
IM0025646,B_event_log,Loan Origination System Patch Installation Issue. Failed patch installation on SBA000607 resulted in server hanging during configuration updates.,Application,train,4,train,4,train,4,train
IM0025647,B_event_log,CRM Client-Records System Slowdown. The CRM client-records system runs slower throughout the day and occasionally freezes when trying to open client records.,Application,train,5,test,5,train,5,train
IM0025715,B_event_log,Customer Onboarding Portal Failure. An automated alert indicates a synthetic transaction failure on the customer onboarding portal.,Application,train,4,train,4,train,4,train
IM0025717,B_event_log,Customer Onboarding Portal TLS Issue. The customer onboarding portal is showing 'your connection is not private' since midnight when the certificate expired.,Application,train,4,train,4,train,4,train
IM0025730,B_event_log,"Branch Teller Application Login Issue. I can't access the branch teller application today, it says 'access denied'. Others have the same problem.",Application,test,4,test,4,test,4,test
IM0025739,B_event_log,Scheduled task locks out due to stale credentials. A scheduled task is locking out the CRM client-records system due to outdated credentials.,Application,train,4,train,4,test,4,train
IM0025757,B_event_log,"Internet Banking Portal Slow. Internet Banking portal is extremely slow, taking too long to load even simple pages and freezing frequently.",Application,train,4,train,4,train,4,train
IM0025777,B_event_log,"Internet Banking AWR Full Table Scan. Support engineer observed an AWR report showing a full table scan on the transactions table for a search query, indicating an inefficient query plan.",Application,train,4,train,4,train,4,train
IM0025799,B_event_log,"CRM Client-Records System Access Denied. I can't open the CRM client-records system today. It says 'access denied', but I could use it yesterday.",Application,test,4,train,4,train,4,test
IM0025805,B_event_log,Loan Origination System Service Account Locked. Automated alert: service account locked out 6 times within an hour.,Application,train,5,train,5,train,5,train
IM0025809,B_event_log,Internet Banking Data Delay. Today's data is not loading on the Internet Banking portal; it still shows yesterday's figures.,Application,test,5,train,5,train,5,train
IM0025829,B_event_log,Customer Onboarding Portal Date Change Issue. I can't change the date field after submitting on the customer onboarding portal. It appears to be a bug.,Application,train,4,train,4,test,4,test
IM0025844,B_event_log,"High CPU usage on mortgage advisory application. One process on SBA000607 is using 98% CPU in a tight loop, starving other services.",Application,train,4,train,4,train,4,train
IM0025848,B_event_log,Mortgage App Certificate Issue. The mortgage advisory application keeps saying 'your connection is not private'. This started after the server certificate expired at midnight.,Security,test,3,train,4,train,3,train
IM0025853,B_event_log,Backup Staging Area Upload Failures. I can't upload files to the backup staging area since early this morning. It seems to happen after our log files grew unexpectedly large.,Infrastructure,train,5,train,5,train,5,train
IM0025869,B_event_log,Backup Staging Area Upload Failures. Uploading files to the backup staging area stopped working since this morning.,Storage,test,4,train,4,train,4,train
IM0025872,B_event_log,"SAN000182 Capacity Alert. Volume on SAN000182 at 99% used, impacting a small group of users.",Storage,test,4,train,4,train,4,train
IM0025900,B_event_log,"Endpoint Agent DLL Quarantine. An Endpoint agent quarantined an application's DLL after a policy update, preventing its use.",Security,train,,not used,,not used,3,train
IM0025917,B_event_log,"Document Management System Slowdown. The document management system is extremely slow, taking ages to load basic screens and hanging often.",Application,train,5,test,5,train,5,train
IM0025940,B_event_log,AWR Report Shows Full Table Scan. A full table scan is being performed on the transactions table for the search query in the Internet Banking portal. The execution plan changed after a recent data load.,Application,train,4,test,4,train,4,train
IM0025941,B_event_log,HR Self-Service Timeout. Log monitoring shows timeout errors for the HR self-service portal.,Application,train,4,train,4,train,4,train
IM0025943,B_event_log,Payments Processing Service Unavailable. The payments processing service isn't working since Monday morning.,Application,test,,not used,,not used,3,train
IM0025950,B_event_log,CRM Printing Error After Update. We can't print the client record overview anymore since the new version was released. It used to work last week.,Application,train,4,train,4,train,4,train
IM0025965,B_event_log,Invalid SAML Signature - Payments Processing Service. Technical observation: SAML responses for the payments processing service on APP000005 are rejected with 'invalid signature' due to mismatched token-signing certificates.,Application,train,4,test,4,train,4,train
IM0025970,B_event_log,"Mortgage reports empty. Today, there are no reports in the mortgage advisory application. It seems the data wasn't loaded.",Application,train,3,train,3,train,3,test
IM0025973,B_event_log,Mortgage Advisory Application Slowdown. The mortgage advisory app is slow during business hours and freezes when trying to view client files.,Application,test,4,test,4,test,4,train
IM0025985,B_event_log,"Awr Report Full Table Scan. During peak usage, an AWR report showed a full table scan on the transactions table due to an inefficient query plan, which changed after a data load.",Application,train,4,train,4,train,4,test
IM0026006,B_event_log,Printer not functioning at branch. My documents won't print; they stay in the printer's queue.,Hardware,train,4,train,4,train,4,train
IM0026025,B_event_log,"Internet Banking Search Timeout. When searching for customers on the Internet Banking portal, it takes longer than usual and sometimes fails to load.",Application,train,4,train,4,test,4,train
IM0026079,B_event_log,Duplicate Contracts in Payments Processing. The payments service shows extra copies of customer contracts.,Application,train,4,train,4,test,4,train
IM0026109,B_event_log,Teller Application Error. Branch teller app shows an error message when entering money amounts.,Application,train,4,train,4,train,4,test
IM0026120,B_event_log,"Document Management System Slowdown. The document management system is extremely slow, taking a long time to load pages and often freezing.",Application,train,5,test,5,train,5,train
IM0026125,B_event_log,"High CPU Usage on Payments Service. One process on SBA000713 uses 98% CPU in a tight loop, affecting other services.",Application,train,4,test,4,train,4,train
IM0026136,B_event_log,Customer Onboarding Portal Login Failure. I can't log into the customer onboarding portal; it keeps asking me for my login again.,Application,train,4,test,5,test,4,train
IM0026142,B_event_log,TLS Handshake Failures on HR Portal. The HR self-service portal is experiencing TLS handshake failures since midnight.,Application,test,4,train,4,train,4,train
IM0026170,B_event_log,IKE Phase 2 Renegotiation Failure. The IKE phase 2 renegotiation on SSW000058 failed due to a proposal mismatch after the peer updated its encryption settings.,Security,test,,not used,,not used,3,train
IM0026171,B_event_log,"Mortgage Search Response Time Issue. When searching for customers in the mortgage advisory application, it takes more than a minute and sometimes fails.",Application,test,4,train,4,train,4,train
IM0026178,B_event_log,Slow Database Storage in Production. Data on SAN000182 is very slow for some colleagues.,Storage,test,4,train,4,train,4,train
IM0026198,B_event_log,Laptop Startup Issue. My laptop shows a BitLocker recovery key prompt when starting up. This happened after updating the BIOS.,Hardware,train,5,train,5,train,5,train
IM0026229,B_event_log,"Loan Origination System Heap Growth. Long garbage collection pauses observed on SUB000456, leading to frequent freezing of the loan origination system.",Application,train,4,train,4,test,4,test
IM0026271,B_event_log,Loan Origination System Slowdown. The loan origination system takes longer to load and freezes when I try to look up client information.,Application,train,4,test,4,test,4,test
IM0026285,B_event_log,HR Self-Service Portal Lockout. AD alert: service account for HR self-service portal locked out 6 times in 1 hour.,Application,train,4,train,4,train,4,train
IM0026313,B_event_log,Payments Processing Function Misuse. No errors found in logs for configuration item WBA000133; users experienced an issue due to incorrect use of the approve function.,Application,train,4,train,4,train,5,train
IM0026325,B_event_log,"Account Lockout After Password Change. My account keeps locking after changing the password, even when I enter the right one.",Application,train,4,train,4,train,5,train
IM0026337,B_event_log,HR Self-Service Portal Outdated Data. The HR self-service portal is showing data from yesterday. The overnight update didn't occur.,Application,test,3,train,3,train,3,train
IM0026347,B_event_log,"Slow Loan Origination System. Since morning, the loan origination system is extremely slow.",Application,test,5,train,5,train,5,train
IM0026354,B_event_log,Onboarding Portal Unavailable. The customer onboarding website isn't working since Monday morning.,Application,train,,not used,,not used,3,test
IM0026358,B_event_log,Scheduled Task Locks Account After Password Change. A scheduled task using an old password locks our CRM client-records system account after a recent password change.,Application,train,3,train,3,train,3,train
IM0026361,B_event_log,"Loan Origination System Slow Customer Search. When trying to look up customer information on the loan origination system, it takes too long and sometimes doesn't work.",Application,train,4,test,4,train,4,train
IM0026366,B_event_log,High CPU Utilization on SBA000607. CPU utilization at 100% for 45 minutes on SBA000607.,Application,train,4,train,4,test,4,train
IM0026370,B_event_log,HR Self-Service Timeout. Automated alert: Log monitoring shows 'Timeout waiting for idle object' exceptions for HR self-service portal.,Application,train,4,train,4,train,4,train
IM0026379,B_event_log,Internet Banking Portal Slowdown. The Internet Banking portal is very slow and freezes frequently.,Application,train,4,train,4,train,4,test
IM0026385,B_event_log,Internet Banking Portal Unavailable. The Internet Banking portal is not working since Monday morning.,Application,train,4,train,4,train,4,train
IM0026401,B_event_log,"Payments Service Error. The payments processing service shows an error page saying the request timed out, especially in the morning.",Application,train,4,test,4,test,4,train
IM0026403,B_event_log,"Mortgage Advisory Application Error. The mortgage advisory application keeps showing an error page about a timeout, especially in the mornings.",Application,train,4,test,4,train,4,train
IM0026405,B_event_log,Print Spooler Hang - Branch Printing. Spooler on print server hangs on corrupted job for SCN000003 due to driver update.,Hardware,train,4,train,4,train,4,test
IM0026438,B_event_log,Application won't start after security update. My application doesn't open anymore. It says the security software has quarantined the files.,Application,train,4,train,4,train,4,train
IM0026515,B_event_log,Branch Cash Services Terminal Issue. The self-service machine at the branch isn't accepting any cards.,Hardware,test,2,test,2,test,2,test
IM0026522,B_event_log,Document Management System Certificate Issue. The document management system is showing 'your connection is not private'. This has been happening since midnight when the certificate expired.,Application,train,,not used,,not used,3,train
IM0026545,B_event_log,WSR001396 Payment Service Failed Startup. The payments processing service dependent on WSR001396's database service did not start after a patch reboot due to the database service not being available.,Infrastructure,train,4,train,4,train,4,train
IM0026547,B_event_log,Customer Onboarding Portal Data Lag. The customer onboarding portal displays old customer information from yesterday. The update should have happened overnight.,Application,train,4,train,4,test,4,train
IM0026559,B_event_log,Data Center LAN Interface Errors. Interface errors and 5% packet loss on CNT000047 to branch after cabling work.,Network,test,3,train,3,train,3,train
IM0026567,B_event_log,Application Not Starting in Production. My app won't open anymore. My security software says it’s blocked.,Application,train,4,train,4,test,4,train
IM0026576,B_event_log,Application not starting in production. The application won't open; the security software says it's blocked.,Application,train,4,train,4,train,4,test
IM0026577,B_event_log,Self-service Terminal Card Acceptance Issue. The ATM at our branch won't take any cards.,Hardware,train,4,train,4,train,4,test
IM0026587,B_event_log,High Authentication Failures - Mortgage Advisory. Authentication failures spiked to 100% for the mortgage advisory application on configuration item SUB000427 at 07:30.,Application,train,4,train,4,train,4,train
IM0026593,B_event_log,Invalid SAML Signature in Payments Service. Support engineer observes that SAML responses for the payments processing service are being rejected with 'invalid signature' due to mismatched token-signing certificates.,Application,train,5,train,5,test,5,train
IM0026628,B_event_log,Risk Reporting Dashboard Timeout. The risk reporting dashboard takes too long to load during busy mornings.,Application,train,3,train,3,train,3,train
IM0026654,B_event_log,"Submit button not working after update. Since the new version of the branch teller app was installed, the submit button doesn't work and we can't process transactions.",Application,test,,not used,,not used,3,train
IM0026656,B_event_log,CRM Client-Records Error. CRM client-records system shows timeout errors mostly in the morning.,Application,train,4,train,4,train,4,train
IM0026658,B_event_log,"Risk Reporting Dashboard Slow. When searching for customers on the dashboard, it takes too long and sometimes fails.",Application,train,4,train,4,train,4,train
IM0026669,B_event_log,Document Management System Interface Failure. Interface monitor reported TLS handshake failures between WBA000122 and the backend since midnight.,Application,train,4,test,4,train,5,train
IM0026670,B_event_log,"GC Thread Dumps & Memory Usage Issue. Thread dumps from SBA000063 indicate blocked threads in garbage collection, leading to continuous memory usage increase until the CRM client-records system hung.",Application,test,5,train,5,train,5,train
IM0026677,B_event_log,"Loan Origination System Access Denied. I can't open the loan origination system anymore, even though I logged in yesterday.",Application,test,4,train,4,train,4,train
IM0026712,B_event_log,"Customer Onboarding Portal Error. The customer onboarding portal displays 'Your connection is not private', affecting some colleagues.",Application,test,4,test,4,train,4,train
IM0026763,B_event_log,Loan Origination System Failure. Automated alert: Loan origination system synthetic transaction on SUB000424 fails at step 3 post-weekend release.,Application,train,5,train,5,train,5,train
IM0026771,B_event_log,Internet Banking Referential Integrity Issues. Data-quality check detected 312 failing records for Internet Banking portal.,Application,train,4,train,4,train,4,train
IM0026785,B_event_log,Shared Drive Space Issue. I can't save files on the shared drive anymore because there isn't enough space.,Storage,train,4,train,4,train,4,train
IM0026791,B_event_log,Document Management System Log Full. The transaction log of database ADB000042 is at 100% capacity.,Database,test,3,train,3,train,3,test
IM0026802,B_event_log,Internet Banking Portal Slow Performance. Opening records in Internet Banking takes a long time and sometimes the screen freezes. Restarting helps temporarily.,Application,test,4,train,4,test,4,train
IM0026805,B_event_log,"High Memory Usage Leading to Portal Hang. Thread dumps indicate blocked threads in garbage collection, leading to continuous memory usage increase until the customer onboarding portal hangs.",Application,train,4,train,4,train,4,train
IM0026847,B_event_log,Internet Banking Portal Service Account Lockout. AD alert: Service account for Internet Banking portal locked out 6 times in 1 hour.,Application,test,4,train,4,test,4,train
IM0026855,B_event_log,"Payments Service Empty Data. Today, reports in the payments processing service are empty. It seems that the data wasn't loaded.",Application,train,4,test,4,train,4,test
IM0026868,B_event_log,Document Management System Service Stopped. The document management system application service stopped after the monthly patch weekend.,Application,train,4,train,4,train,4,train
IM0026878,B_event_log,SAP Finance Transaction Error. I can't start the transaction in SAP Finance because it shows a runtime error and stops working.,Application,train,4,train,4,train,4,test
IM0026893,B_event_log,"Kerberos/SSO Handshake Failure. Kerberos/SSO handshake for the branch teller application on DTA000616 fails, preventing token validation from ADFS.",Application,train,5,train,5,train,5,train
IM0026895,B_event_log,Workstation application not starting. My work application won't open; my security software shows an error.,Application,train,4,test,4,train,4,train
IM0026897,B_event_log,Risk Reporting Dashboard Address Errors. Addresses shown on the risk reporting dashboard are incorrect for some clients; this affects multiple colleagues.,Application,train,4,test,4,train,4,train
IM0026913,B_event_log,Empty Payments Processing Reports. The reports showing payment transactions are blank today. It seems like the data wasn't loaded into the system.,Application,train,4,test,4,test,4,train
IM0026934,B_event_log,Internet Banking Portal Unavailable. The Internet Banking portal is not working since Monday morning. Some colleagues are also experiencing this issue.,Application,train,4,train,4,train,4,train
IM0026937,B_event_log,Loan Origination System Response Time Deterioration. Transactions slow down and eventually stop working after each restart of SBA000119.,Application,train,4,train,4,train,4,train
IM0026965,B_event_log,CRM Client-Records System Issue. The CRM client-records system is not functioning as expected due to incorrect use of the function.,Application,train,4,train,4,test,4,test
IM0026983,B_event_log,"Desktop Load Index High. Load index of worker APP000004 exceeds 10000, rejecting new sessions.",Application,train,4,train,4,test,4,train
IM0026988,B_event_log,"CRM Client-Records System Error. The CRM client-records system is showing an error page saying the request timed out, especially in the morning.",Application,train,5,test,5,train,5,train
IM0026991,B_event_log,Document Management System TLS Failures. TLS handshake failures detected between document management system and backend since midnight.,Application,train,4,train,4,test,4,train
IM0026993,B_event_log,Payments Print Overview Error. We can't print the payment overview anymore; it worked before the last service update.,Application,train,5,train,5,train,5,train
IM0026997,B_event_log,Onboarding Portal Slow Queries. Database alert: Average query times over 30 seconds during peak usage.,Application,test,4,train,4,train,4,train
IM0027038,B_event_log,TLS Handshake Failures. Automated alert: TLS handshake failures between SBA000607 and backend since 00:00.,Application,train,4,train,4,train,4,train
IM0027113,B_event_log,Loan Origination System Export Empty. I can't export data from the loan origination system. The file is always blank.,Application,train,5,train,5,train,5,test
IM0027125,B_event_log,"HR Self-Service Portal Error. The HR self-service portal displays an error message saying the request timed out, especially in the mornings.",Application,train,4,train,4,train,4,test
IM0027156,B_event_log,Degraded Database Storage Paths. Technical observation of fibre-channel port errors on switch port of XSR000124; multipathing indicates degraded paths and increased latency.,Infrastructure,train,3,train,3,train,3,train
IM0027175,B_event_log,Timeouts in Customer Onboarding Portal. Customer onboarding portal experiences timeouts due to 'Timeout waiting for idle object' exceptions.,Application,train,4,test,4,train,4,train
IM0027196,B_event_log,Teller Application Connection Pool Issue. Active DB connections from DTA000056 are stuck at the pool maximum during peak business hours; branch teller application returns timeouts.,Application,train,3,test,3,train,3,train
IM0027217,B_event_log,Branch Teller Application Timeout. The branch teller app times out when many people try to use it in the morning.,Application,train,4,train,4,train,4,train
IM0027237,B_event_log,"HR Self-Service Portal Error. Since this morning, the HR self-service portal displays 'your connection is not private'. This happened after the TLS certificate expired at midnight.",Application,train,4,test,4,train,4,train
IM0027247,B_event_log,"CRM Client-Records Error. The CRM system frequently shows an 'request timed out' error page, particularly in the morning.",Application,train,4,test,4,train,4,train
IM0027251,B_event_log,CRM System Slow Queries. Database alert: average query times over 30 seconds during peak usage.,Application,test,4,test,4,train,4,train
IM0027252,B_event_log,NullPointerException in Document Management System. A technical observation shows a Stack trace indicating a NullPointerException in the new validation module of the latest release.,Application,test,3,train,3,train,3,train
IM0027257,B_event_log,"Slow Risk Reporting Dashboard Search. When searching for customers on the risk reporting dashboard, it takes over a minute and sometimes fails.",Application,train,4,train,4,test,4,train
IM0027270,B_event_log,Cannot Save New Records. We can't add new documents to our system; it tells us there’s a problem saving data.,Database,train,4,train,4,train,4,train
IM0027280,B_event_log,CRM Client-Records System Locking Issue. Support engineer observed that the field locks after submission as per the system design.,Application,train,4,train,4,test,4,train
IM0027283,B_event_log,High Processor Queue Length - SBA000607. Alert: Performance issue detected on branch teller application.,Application,train,4,train,4,test,4,test
IM0027288,B_event_log,HR Self-Service Portal Data Saving Errors. Saving data in the HR self-service portal fails occasionally with a generic error; it usually resolves on its own after a few minutes.,Application,train,5,test,5,train,5,test
IM0027300,B_event_log,"Document Management System Showing 'Your Connection Is Not Private'. Since this morning, the document management system shows a warning about the connection being insecure. Some colleagues are also experiencing the same issue.",Application,train,4,train,4,test,4,train
IM0027316,B_event_log,"Incorrect Customer Addresses in Document Management System. Many customer addresses are incorrect in our document management system, so we are sending letters to the wrong places.",Application,train,3,train,3,test,3,train
IM0027345,B_event_log,High Authentication Failures on Document Management System. Authentication failures spiked to 100% on the document management system at 07:30.,Application,train,4,test,4,train,4,train
IM0027354,B_event_log,"LAP001784 SSD SMART Failure. The SSD on LAP001784 reported SMART failure during diagnostics, preventing the operating system from loading.",Hardware,train,4,train,4,train,4,test
IM0027367,B_event_log,Degraded SAN Path on DCE000101. Fibre-channel port errors and multipathing issues detected on DCE000101 due to a failed SAN path.,Infrastructure,train,5,train,5,train,5,test
IM0027389,B_event_log,Slow Database Storage Access. My computer is taking a very long time to get the information stored on DCE000115.,Infrastructure,train,5,train,5,train,5,train
IM0027406,B_event_log,Degraded Fibre-Channel Path. Fibre-channel port errors detected on DCE000108's switch port; multipathing shows degraded paths and high latency.,Infrastructure,train,5,train,5,train,5,train
IM0027417,B_event_log,Customer Onboarding Portal Synthetic Transaction Issue. Automated alert: Customer onboarding portal synthetic transaction failed at step 3 due to latest deployment.,Application,test,3,test,3,train,3,train
IM0027429,B_event_log,Payments Processing Service Unavailable. The payments processing service isn't working since Monday morning.,Application,test,4,train,5,train,4,test
IM0027467,B_event_log,AWR report full table scan. Support engineer observed AWR report on SBA000154 showing a full table scan on the transactions table for a search query; the execution plan changed after a data load.,Application,train,,not used,,not used,3,test
IM0027508,B_event_log,Loan Origination System Function Incorrect Use. Technical observation: no errors in logs on SBA000017; the loan origination system was used incorrectly.,Application,test,4,train,4,train,4,train
IM0027510,B_event_log,Mortgage Advisory Data Integrity Issue. Data quality check alerts 312 failing referential integrity records in mortgage advisory application.,Application,test,4,train,4,train,4,train
IM0027530,B_event_log,"False Positive in Endpoint Quarantine. Endpoint agent quarantined an application's DLL after a policy update, causing several departments to experience blocked transactions.",Application,train,2,train,2,train,2,train
IM0027555,B_event_log,Scheduler Alert: Mortgage Advisory Application. Automated monitoring alert: Job chain for mortgage advisory application on WBA000116 ended with return code 8.,Application,test,4,train,4,train,4,train
IM0027564,B_event_log,"SAML Signature Issue on Document Management System. The SAML responses for the document management system are being rejected due to an invalid signature, indicating that the IdP token-signing certificate does not match the configured one.",Application,test,5,train,5,train,5,train
IM0027628,B_event_log,"Risk Dashboard Amount Rounding Issue. In the risk reporting dashboard, amounts are rounded differently on the overview compared to the detail screen.",Application,train,5,train,5,train,5,test
IM0027654,B_event_log,Teller App Service Account Locked Out. Service account for the branch teller application locked out six times within an hour.,Application,train,3,train,4,test,3,train
IM0027667,B_event_log,Mortgage Advisory Application Printing Error. We can't print the overview anymore on the mortgage advisory application; it worked last week.,Application,train,4,test,4,train,4,train
IM0027678,B_event_log,Mortgage Advisory Application Query Slowdown. Database alert: Average query time exceeds 30 seconds on SBA000782. Sessions are waiting on I/O.,Application,train,4,train,4,train,4,train
IM0027691,B_event_log,Scheduled Task Locking CRM Service Account. A scheduled task on SBA000812 is locking the CRM service account with stale credentials.,Application,train,4,train,4,train,4,train
IM0027714,B_event_log,"Sluggish Branch Teller Application. The branch teller app is extremely slow and keeps freezing, especially when trying to access simple screens.",Application,train,5,train,5,train,5,train
IM0027759,B_event_log,Mortgage Advisory Application Scheduler Alert. Automated alert: job chain ended with return code 8 on SBA000812 at 02:14 during nightly run.,Application,test,4,train,4,train,4,train
IM0027766,B_event_log,"Teller Account Locked Daily. My account locks daily, even with the right password, since we changed our passwords.",Application,train,4,train,4,train,4,train
IM0027794,B_event_log,"Loan Origination System Response Time Deterioration. Automated alert: Transactions degrade after each restart, eventually causing the system to stop responding.",Application,train,4,train,4,test,4,train
IM0027825,B_event_log,"High CPU usage on SBA000607. A process on SBA000607 was using 98% CPU in a tight loop, starving other services.",Application,test,5,train,5,train,5,train
IM0027828,B_event_log,Batch Job Aborted Due to Missing Interface File. The nightly batch job on SBA000607 was aborted because the upstream interface file was not received before the cut-off.,Application,test,4,test,4,train,4,train
IM0027829,B_event_log,Loan Origination System Submit Button Issue. I can't submit loans because the new version stopped working. The 'submit' button doesn't do anything.,Application,train,5,train,5,train,5,train
IM0027830,B_event_log,Empty Internet Banking Portal Reports. Today’s reports in the Internet Banking portal are missing data. It seems like the information wasn’t loaded.,Application,train,4,train,4,train,4,train
IM0027847,B_event_log,Database Transaction Log Full. The transaction log of the database on ADB000050 is 100% full.,Database,test,3,test,4,train,3,train
IM0027851,B_event_log,NullPointerException in new validation module. Support engineer observed a Stack trace showing a NullPointerException in the new validation module of the document management system.,Application,train,4,train,4,train,4,test
IM0027852,B_event_log,CRM Client-Records System Error. The CRM system is showing 'your connection is not private' since morning.,Application,test,4,train,4,train,4,train
IM0027879,B_event_log,Mortgage Advisory Data Integrity Issue. Data quality check on SBA000607 found 312 failing referential integrity records for mortgage advisory application.,Application,train,4,train,4,test,4,train
IM0027908,B_event_log,TLS Handshake Failures on Internet Banking Portal. Automated monitoring alerted of TLS handshake failures from 00:00 to the backend service.,Application,train,4,train,4,train,4,train
IM0027910,B_event_log,Internet Banking Access Denied. I can't access the Internet Banking portal today even though I did yesterday.,Application,train,5,train,5,test,5,test
IM0027939,B_event_log,HR Self-Service Portal Lockout. My HR account locks every morning despite entering the right password.,Application,test,,not used,,not used,3,train
IM0027986,B_event_log,"Account Locking Issue. My account gets locked every morning, even when I enter the right password. This happened after changing my password.",Application,train,4,train,4,train,4,train
IM0028033,B_event_log,Payments Processing API Payload Issue. Regression in payments processing service: API call changed payload in new release causing SBA000617 frontend to fail parsing.,Application,train,3,train,3,train,3,train
IM0028041,B_event_log,HR Self-Service Portal Down. HR self-service portal unavailable due to maintenance window causing application service to stop.,Application,train,4,test,4,train,4,train
IM0028052,B_event_log,Internet Banking Portal Connection Issue. Saving data in the Internet Banking portal fails occasionally with a generic error; it works fine after a while.,Application,train,4,train,4,train,4,test
IM0028061,B_event_log,SSO Broken after Identity Provider Certificate Rollover. The SAML responses for the HR self-service portal on configuration item WBA000094 are rejected with 'invalid signature' due to an expired token-signing certificate.,Application,train,4,train,4,train,4,train
IM0028078,B_event_log,Payments Service Unavailable. The payments processing service is not working since Monday morning after the server reboot.,Application,train,4,train,4,train,4,train
IM0028104,B_event_log,HR Self-Service Portal Date Change Issue. I can't update the date when changing my personal information on the HR self-service portal. I think it might be a mistake.,Application,train,4,train,4,test,4,train
IM0028109,B_event_log,Loan Origination System Data Quality Issue. Data-quality check on SBA000607 found 312 failing referential integrity records for the loan origination system.,Application,train,4,train,4,train,4,train
IM0028137,B_event_log,"Workstation Application Quarantine. Endpoint agent quarantined an application's DLL on DTA000025 after a policy update, affecting some colleagues.",Application,train,4,train,4,train,4,train
IM0028140,B_event_log,Slow Database Storage. My work is very slow because of the database storage.,Storage,train,4,train,4,train,4,train
IM0028141,B_event_log,Risk Dashboard Rounding Difference. Amounts on the risk reporting dashboard are shown differently from those in the detail screen.,Application,train,5,train,5,test,5,train
IM0028153,B_event_log,"Workstation Application Quarantine. Endpoint agent quarantined an application's DLL on SSW000058 after policy update, affecting our team.",Security,train,3,train,3,test,3,train
IM0028159,B_event_log,"Customer Onboarding Portal Access Denied. I can't open the customer onboarding portal now, but I could yesterday.",Application,test,4,train,4,train,4,test
IM0028189,B_event_log,Workstation Application Not Starting. My work application won't open anymore; my security software shows a quarantine message.,Application,test,5,train,5,train,5,test
IM0028211,B_event_log,Database Transaction Log Full. Transaction log of ADB000094 database is at 100% capacity.,Database,train,5,train,5,train,5,train
IM0028225,B_event_log,Slow Data Access on DCE000123. My application data is very slow to access today.,Infrastructure,train,5,train,5,train,5,train
IM0028239,B_event_log,"CRM Client-Records System Error. When entering the amount on the CRM client-records system, an error occurs.",Application,train,5,train,5,train,5,test
IM0028271,B_event_log,"Slow Document Management System Queries. Database alert: average query time over 30 seconds, sessions waiting on I/O.",Application,train,5,train,5,train,5,train
IM0028284,B_event_log,CRM Client-Records System Timeouts. The CRM client-records system is taking too long to load during peak morning hours.,Application,test,4,train,4,train,4,train
IM0028286,B_event_log,TLS Handshake Failures - CRM Client-Records. Interface monitor detected TLS handshake failures from SUB000535 to backend.,Application,test,5,train,5,train,5,train
IM0028292,B_event_log,Branch Teller Application Timeout. The branch teller application is slow to respond during the morning rush.,Application,train,5,test,5,train,5,train
IM0028323,B_event_log,HR Self-Service Portal Unavailable. The HR self-service portal is not accessible since Monday morning due to maintenance activities.,Application,test,4,train,4,train,4,train
IM0028356,B_event_log,"SSD SMART Failure After BIOS Update. A support engineer observed SMART failure on DSK000427 SSD, preventing the operating system from loading.",Hardware,train,4,train,4,train,4,train
IM0028367,B_event_log,"High Capacity Alert on SAN000182. The backup staging area volume on SAN000182 reached 99% used, exceeding the 90% threshold.",Storage,train,4,test,4,train,4,train
IM0028410,B_event_log,Duplicate Contracts on Risk Reporting Dashboard. The risk reporting dashboard shows the same contracts more than once for different customers.,Application,train,4,train,4,train,4,train
IM0028433,B_event_log,Slow Document Management System. The document management system is very sluggish since morning.,Application,train,4,train,4,train,4,train
IM0028437,B_event_log,SAP Procurement Dump After Transport. Posting issues in SAP procurement started after yesterday's transport ended early. Some colleagues also face the same problem.,Application,train,4,test,4,train,4,train
IM0028446,B_event_log,SAP Finance Posting Dump. I can't post in SAP Finance anymore; it stops with a dump after importing the SAP support package.,Application,train,5,test,5,test,5,test
IM0028463,B_event_log,Loan Origination System Unavailable. The loan origination system is not working since Monday morning.,Application,test,3,test,3,train,3,train
IM0028476,B_event_log,Loan Origination System Error. We can't add new loans because the system shows a database problem.,Database,test,3,test,3,test,4,train
IM0028481,B_event_log,Branch Teller Application Address Mismatch. The client addresses shown on the branch teller application are incorrect for some customers; the letters are appearing at the old address.,Application,test,4,train,4,test,4,train
IM0028526,B_event_log,High Authentication Failures on Risk Reporting Dashboard. Authentication failures reached 100% for the risk reporting dashboard on service WBA000144 after an identity-provider certificate rollover.,Application,test,4,train,4,train,4,train
IM0028585,B_event_log,"High CPU Usage on SBA000709. A process on SBA000709 was using 98% CPU in a tight loop, starving other services; we can work around it for now.",Application,train,3,train,4,train,3,train
IM0028612,B_event_log,"Empty Payment Reports Today. The reports for payments processing are empty today, it seems like the data wasn't loaded.",Application,test,4,train,4,test,4,train
IM0028617,B_event_log,"Document Management System Transaction Failure. Automated alert: Synthetic transaction fails at step 3 for document management system, service impacting a small group.",Application,train,4,test,4,train,4,train
IM0028633,B_event_log,High Processor Queue Length - CRM Client-Records. Performance alert: processor queue length high on SBA000017.,Application,train,4,train,4,train,4,train
IM0028635,B_event_log,"HR Self-Service Portal Slow. Database alert: Average query time over 30 seconds, sessions blocked.",Application,test,4,train,4,train,4,train
IM0028648,B_event_log,Scheduler Job Chain Failed - SUB000456. Scheduler alert: job chain for the branch teller application on SUB000456 ended with return code 8 at 02:14 after the upstream system change.,Application,train,4,train,4,test,4,train
IM0028656,B_event_log,TLS Handshake Failures on HR Portal. Interface monitor alerts TLS handshake failures since midnight on SBA000072.,Application,train,4,test,4,train,4,train
IM0028657,B_event_log,CRM Client-Records System Functionality Issue. The CRM client-records system shows incorrect behavior which does not affect logs on SBA000131.,Application,train,,not used,,not used,3,train
IM0028665,B_event_log,TLS Handshake Failures - Customer Onboarding Portal. Interface monitor detected TLS handshake failures between SBA000017 and backend since 00:00.,Application,train,4,test,4,train,4,train
IM0028675,B_event_log,Internet Banking Portal Unavailable. The Internet Banking portal is not working since Monday morning after the server reboot.,Application,train,4,test,4,train,4,train
IM0028693,B_event_log,TLS Handshake Failure. The CRM client-records system shows 'PKIX path validation failed: certificate expired' during logging due to an expired TLS certificate.,Application,test,5,train,5,train,5,test
IM0028699,B_event_log,Workstation Application Not Starting. My work application won't open anymore. My security software shows an error message.,Application,train,5,train,5,test,5,train
IM0028725,B_event_log,"Scheduled Task Locking Mortgage Advisory Account. A scheduled task still uses an old password after it was changed, locking out the mortgage advisory application user.",Application,test,5,train,5,test,5,train
IM0028741,B_event_log,CRM Client-Records System Lockout. Alert: Service account locked out 6 times in one hour.,Application,train,4,train,4,test,4,test
IM0028742,B_event_log,Risk Reporting Dashboard Scheduler Alert. Automated alert: job chain for the risk reporting dashboard on WBA000058 ended with return code 8 at 02:14 during the nightly run.,Application,train,4,train,4,test,4,train
IM0028744,B_event_log,Loan Origination System - Cannot Save New Records. We can't add new loans to the system anymore. It says there's a problem with saving records.,Database,train,4,test,4,test,4,train
IM0028762,B_event_log,"Empty Payments Processing Service Reports. Today, all reports in the payments processing service are blank. It seems like the data wasn't loaded.",Application,train,2,train,2,train,2,train
IM0028802,B_event_log,Loan Origination System Heap Usage & Response Time. Monitoring alert: heap usage at 95% and avg. response time over 8s on loan origination system.,Application,train,4,train,4,train,4,train
IM0028841,B_event_log,High Processor Queue Length. Performance alert: processor queue length high on SBA000759.,Application,train,4,train,4,train,4,test
IM0028844,B_event_log,"Desktop Load Index Issue. Automatic monitoring alerts that load index of worker SUB000002 has reached 10000, preventing new sessions.",Application,test,4,train,4,test,4,train
IM0028854,B_event_log,Branch Teller Application Synthetics Failure. Automated alert: Branch teller application's synthetic transaction fails at step 3 after last night's deployment.,Application,test,4,test,4,train,4,train
IM0028862,B_event_log,"HR Self-Service Portal Error. HR self-service portal shows timeout error frequently in the morning, especially now.",Application,train,4,train,4,train,4,train
IM0028899,B_event_log,Blocking Session on Customer Onboarding Portal Search. The customer onboarding portal search query performs a full table scan due to outdated optimizer statistics.,Application,train,4,train,4,train,4,train
IM0028948,B_event_log,Incorrect Function Usage - Internet Banking. No errors found in log SBA000458; observed behavior matched incorrect use of the approve button.,Application,train,4,test,4,test,4,test
IM0028967,B_event_log,Scheduled Task Lockout Due to Old Password. Support engineer observed that a scheduled task still uses the old password after the password change.,Application,train,3,train,3,train,3,train
IM0028979,B_event_log,Customer Onboarding Portal Data Issue. The customer onboarding portal displays old data from yesterday instead of today's data.,Application,train,4,test,4,train,4,train
IM0029014,B_event_log,Workstation Application Not Starting. My work application won't open anymore; my security software shows it has been quarantined.,Application,test,5,train,5,train,5,train
IM0029088,B_event_log,HR Self-Service Portal Timeouts. The HR self-service portal times out when many people try to use it at the same time.,Application,train,5,test,5,train,5,train
IM0029110,B_event_log,"Loan Origination System Export Empty. When I try to export loans, there's nothing in the file.",Application,train,4,train,4,train,4,test
IM0029121,B_event_log,Risk Dashboard Data Outdated. Today's risk report is showing yesterday's numbers instead of today's. Only I noticed this.,Application,train,5,train,5,train,5,test
IM0029134,B_event_log,Laptop startup BitLocker recovery prompt. My laptop starts up and asks for a BitLocker recovery key. I believe this happened after updating the BIOS.,Hardware,train,5,train,5,train,5,test
IM0029154,B_event_log,"Risk Reporting Dashboard Error. The risk reporting dashboard shows an error page with a timeout message, particularly in the morning.",Application,train,4,train,4,test,4,train
IM0029196,B_event_log,"Backup Staging Area Upload Failures. Since this morning, uploads to the backup staging area have stopped working.",Infrastructure,train,4,test,4,test,4,test
IM0029239,B_event_log,"Document Management System Active DB Connections Issue. A support engineer observed active DB connections from configuration item SUB000424 reaching the pool maximum, causing requests to queue and resulting in timeouts.",Application,train,4,train,4,train,4,train
IM0029250,B_event_log,Scheduled Task Lockout - Document Management System. A scheduled task on a laptop uses an outdated password causing account lockouts.,Application,train,4,train,4,train,4,test
IM0029258,B_event_log,Teller Application Overnight Update Failure. The branch teller application shows old figures from yesterday. The nightly update didn't complete.,Application,train,4,train,4,test,4,test
IM0029262,B_event_log,CRM Client-Records System Data Saving Issues. Saving data in the CRM client-records system fails occasionally with a generic error; it works again after a while.,Application,train,4,test,4,train,4,test
IM0029265,B_event_log,"Customer Onboarding Portal Connection Issue. The customer onboarding portal displays 'your connection is not private,' starting this morning after the TLS certificate expired.",Application,train,,not used,,not used,3,train
IM0029269,B_event_log,Payments Processing Service Error After Weekend Update. We can't print the payments overview anymore; it worked fine last week.,Application,train,4,train,4,train,4,train
IM0029275,B_event_log,"Risk Reporting Dashboard API Payload Issue. The risk reporting dashboard's API call has changed its payload in the latest release, causing the frontend on WBA000103 to fail parsing.",Application,train,4,train,4,train,4,train
IM0029276,B_event_log,"HR Self-Service Portal Slowdown. When trying to open a record in the HR self-service portal, it takes a long time and sometimes the screen freezes. Restarting the portal fixes the problem temporarily.",Application,train,3,test,4,test,3,test
IM0029320,B_event_log,ADB000042 Database Error. Oracle ORA-01653 error on database ADB000042. Unable to extend tablespace USERS.,Database,train,3,test,3,train,3,test
IM0029327,B_event_log,Document Management System Timeout. The document management system takes too long to load documents during the morning rush.,Application,test,4,test,4,train,4,test
IM0029352,B_event_log,"Worker SUB000002 Load Issue. The load index of worker SUB000002 reached 10000, causing new sessions to be rejected.",Application,train,4,train,4,train,4,train
IM0029394,B_event_log,"Address field overwrite on risk reporting dashboard. A bulk import operation on SBA000607 incorrectly wrote address data from an unrelated column, affecting some customers.",Application,test,4,train,4,test,4,train
IM0029396,B_event_log,Workstation application not starting. My application won't open anymore; I got a security warning.,Application,test,5,test,5,train,5,test
IM0029413,B_event_log,SSO Handshake Failure on Customer Onboarding Portal. The Kerberos/SSO handshake failed on the customer onboarding portal due to an expired token-signing certificate.,Application,train,4,train,4,train,4,test
IM0029424,B_event_log,Document Management System Scheduler Alert. Scheduler alert: job chain for document management system on SBA000464 ended with return code 8.,Application,train,4,test,4,train,4,train
IM0029446,B_event_log,Slow Database Storage. My team can't access the database because it's very slow.,Storage,train,4,train,4,train,4,train
IM0029453,B_event_log,Loan Origination Service Down. Loan origination system application service stopped during maintenance.,Application,test,4,test,4,test,4,train
IM0029467,B_event_log,IKE Phase 2 Renegotiation Failure. The IKE phase 2 renegotiation failed on SSW000171 due to proposal mismatch after the peer changed its encryption settings.,Security,test,5,train,5,test,5,train
IM0029475,B_event_log,High Query Times on HR Portal. Database alert on SBA000459: average query time over 30 seconds during peak usage.,Application,train,4,test,4,train,4,test
IM0029479,B_event_log,"CRM Client-Records Search Timeout. When searching for customers in the CRM system, it takes longer than usual and sometimes fails.",Application,train,5,test,5,test,5,train
IM0029486,B_event_log,"CRM Application Connection Pool Exhausted. Application logs indicate that 'Cannot get a connection, pool exhausted' due to all connections being in use and new requests timing out.",Application,train,4,train,4,test,4,train
IM0029494,B_event_log,CRM Client Addresses Mismatch. Client addresses in the CRM system are incorrect for many customers; the letters are being sent to old addresses.,Application,train,4,train,4,train,4,train
IM0029529,B_event_log,Account Lockout After Password Change. Every morning my account locks even when I enter the right password.,Application,test,3,train,3,test,3,train
IM0029531,B_event_log,Customer Onboarding Portal Print Issue. I can't print the overview after the recent update. It worked before.,Application,train,5,train,5,train,5,train
IM0029541,B_event_log,TLS Handshake Failures. Interface monitor alerts TLS handshake failures between WBA000011 and backend since 00:00.,Application,test,5,train,5,train,5,train
IM0029561,B_event_log,Scheduled Task Lockout Due to Stale Credentials. A scheduled task using an old password has caused multiple colleagues' accounts to lock out after a recent password change.,Application,train,4,train,4,train,4,train
IM0029571,B_event_log,Slow Profile Load Time - APP000005. The profile load time for the user on APP000005 exceeds 5 minutes due to a 4 GB corrupt roaming profile.,Application,train,4,train,4,train,4,test
IM0029580,B_event_log,"High CPU Usage on Customer Onboarding Portal. A process on configuration item SBA000462 was using 98% CPU in a tight loop, affecting other services; this occurred after the scheduled scan.",Application,train,4,train,4,train,4,train
IM0029594,B_event_log,Virtual Workplace Hangs. My virtual workplace won't log on. Some of my colleagues have the same issue.,Application,test,4,train,4,train,4,test
IM0029617,B_event_log,"Account Lockout Issue. My account locks every morning, but I enter the right password.",Application,train,,not used,,not used,3,train
IM0029627,B_event_log,Laptop BitLocker Recovery Prompt Startup. My laptop won't start because it keeps asking for a BitLocker recovery key.,Hardware,train,5,train,5,train,5,train
IM0029634,B_event_log,Customer Onboarding Portal Export Blank. I tried to export customer information but the file came out empty.,Application,train,5,train,5,train,5,test
IM0029675,B_event_log,Payments Service Connection Issue. Our payments processing service keeps saying 'Your connection is not private' since morning.,Application,test,4,train,4,train,4,test
IM0029683,B_event_log,Mortgage Advisory Application Certificate Issue. Support engineer observed 'PKIX path validation failed: certificate expired' when logging into the mortgage advisory application.,Application,test,4,train,4,train,4,train
IM0029692,B_event_log,"CRM Client-Records System Export Issue. When trying to export data from the CRM client-records system, I noticed the file came out blank. Some of my colleagues are having the same problem.",Application,train,4,train,4,train,4,train
IM0029737,B_event_log,"Slow customer search in payments. When I try to find customers using the payments service, it takes longer than expected and sometimes fails.",Application,train,3,train,3,test,3,train
IM0029761,B_event_log,Duplicate Contracts in Payments Service. I see two of the same contract listed when checking payments. This happened after someone corrected something manually.,Application,train,5,train,5,test,5,train
IM0029782,B_event_log,"CRM Client-Records System Submit Button Issue. We can't click the submit button anymore, so we're stuck and can't do our jobs.",Application,train,4,train,4,train,4,train
IM0029783,B_event_log,"Document Management System Error. Since morning, my browser shows 'Your connection is not private' on the document management system.",Application,train,5,train,5,test,5,train
IM0029784,B_event_log,Branch Printer Not Working After Driver Update. I can't print from the branch printer. The documents just sit in the queue.,Hardware,test,,not used,,not used,3,train
IM0029809,B_event_log,CRM Application Hangs. My CRM application won't log in and stays on the welcome screen.,Application,test,5,test,5,test,5,train
IM0029894,B_event_log,Wrong customer addresses in document management system. The client addresses for some customers are incorrect in the document management system; letters are being sent to the wrong places.,Application,train,4,train,4,train,4,train
IM0029944,B_event_log,Document Management System Authentication Failures. Authentication issues spiked to 100% on document management system on SBA000812 after identity-provider certificate rollover.,Application,test,4,train,4,train,4,train
IM0029957,B_event_log,Payments Processing Slowdown. Database alert: Payments service slow due to long query times.,Application,train,4,test,4,train,4,train
IM0029979,B_event_log,"Loan Origination System Slow Customer Search. When searching for customers in the loan origination system, it takes over a minute and sometimes doesn't work.",Application,train,4,train,4,train,4,train
IM0029992,B_event_log,Loan Origination System Account Lockout. Service account locked out six times in one hour after password change.,Application,train,4,train,4,test,4,train
IM0030006,B_event_log,Payments Processing Service Unavailable. The payments processing service isn't working since Monday morning.,Application,train,4,test,4,train,4,train
IM0030028,B_event_log,Mortgage Advisory Application Field Locking. Support engineer observed that the mortgage advisory application field locks after submission as per design.,Application,train,4,test,4,train,4,train
IM0030060,B_event_log,"Garbage Collection Issues. Long garbage collection pauses observed on SBA000462, leading to frequent freezes of the risk reporting dashboard.",Application,test,4,train,4,test,4,train
IM0030068,B_event_log,"Account Lockout After Password Change. Every morning my account locks due to incorrect password entry, despite typing correctly.",Application,train,4,train,4,test,4,train
IM0030075,B_event_log,"SMART Failure on Laptop SSD. Employee workstation LAP000009 shows SMART failure on SSD, preventing OS load.",Hardware,test,5,test,5,train,5,train
IM0030086,B_event_log,Document Management System Service Account Locked. The document management system service account was locked six times in one hour due to stale credentials.,Application,train,4,test,4,train,4,test
IM0030095,B_event_log,HR Self-Service Portal Unavailable. The HR self-service portal is not working since Monday morning.,Application,train,4,train,4,train,4,test
IM0030099,B_event_log,Workstation Application Not Starting. My application won't open now; my security software shows a quarantine message.,Security,train,4,train,4,test,4,train
IM0030119,B_event_log,HR Self-Service Submit Button Issue. The submit button on the HR self-service portal doesn't work anymore after the update.,Application,train,4,train,4,test,4,test
IM0030141,B_event_log,"Loan Origination System Query Times. Average query time on SBA000172 exceeds 30 seconds, causing session delays.",Application,train,,not used,,not used,3,train
IM0030157,B_event_log,Shared Drive Space Insufficient. I can't save any files on the shared drive because there's no space left.,Infrastructure,train,4,train,5,train,4,train
IM0030188,B_event_log,Internet Banking Portal Timeouts. Internet Banking portal experiences timeouts during peak morning hours.,Application,train,4,test,4,train,4,train
IM0030212,B_event_log,Teller Application Slows Down. The branch teller application is slow throughout the day and freezes when trying to open client records. Restarting it fixes the issue temporarily.,Application,train,4,train,4,train,4,train
IM0030238,B_event_log,"CRM Client Records Error. When entering amounts, the CRM client-records system shows an error.",Application,train,4,train,4,train,4,test
IM0030289,B_event_log,Published Desktop Hangs. My computer won't finish logging on after being redirected to the welcome screen.,Application,train,4,test,4,test,4,train
IM0030292,B_event_log,"API Payload Parsing Issue. The loan origination system's API call has changed its payload in the recent release, causing SBA000437 to fail in parsing.",Application,train,4,train,4,train,4,train
IM0030293,B_event_log,"Failed Patch Installation - SBA000659. A patch installation on SBA000659 failed midway, causing the server to hang during 'configuring updates'. Some colleagues reported similar issues.",Application,train,4,test,4,train,4,train
IM0030325,B_event_log,Internet Banking Data Integrity Issue. Data quality check found 312 failing records for Internet Banking portal.,Application,train,4,train,4,test,4,train
IM0030343,B_event_log,NullPointerException in Document Management System. Support engineer observed a Stack trace showing a NullPointerException in the new validation module after the latest release.,Application,train,4,test,4,train,4,test
IM0030361,B_event_log,SSO failure on risk reporting dashboard. Kerberos/SSO handshake fails on SBA000607 for risk reporting dashboard; application cannot validate ADFS tokens.,Application,test,5,train,5,train,5,train
IM0030385,B_event_log,Address field overwrite on risk reporting dashboard. A bulk import operation incorrectly wrote address data from the wrong column into the risk reporting dashboard's configuration item.,Application,train,3,test,3,train,3,train
IM0030426,B_event_log,AWR Report Execution Plan Change. An AWR report on document management system's configuration item shows a full table scan for the transactions table during peak usage.,Application,train,5,train,5,train,5,test
IM0030436,B_event_log,Batch Job Aborted - CRM Client-Records. The nightly batch job on configuration item WBA000058 was aborted due to an input file not arriving in time.,Application,train,4,train,4,test,4,train
IM0030459,B_event_log,"Document Management System Access Denied. I can't open the document management system anymore. Yesterday I could log in, but now I get 'access denied'.",Application,train,4,train,4,train,4,train
IM0030486,B_event_log,"HR Self-Service Error. The HR self-service portal displays an error page stating the request timed out, particularly in the mornings.",Application,train,4,train,4,test,5,test
IM0030505,B_event_log,CRM Application Freezes. The CRM application on my workstation stops working after a few minutes and I need to restart it.,Application,train,4,train,4,train,4,test
IM0030556,B_event_log,Mortgage App Response Time Deterioration. Mortgage advisory application transactions slow down after restarts.,Application,train,4,train,4,train,4,train
IM0030558,B_event_log,Scheduler Alert: Internet Banking Job Chain Ended. Scheduler alert: job chain for the Internet Banking portal on SBA000462 ended with return code 8.,Application,test,4,train,4,train,4,test
IM0030571,B_event_log,HR Self-Service Portal Error. Technical observation of a Stack Trace showing a NullPointerException in the new validation module.,Application,train,4,test,4,train,4,train
IM0030611,B_event_log,"Branch Teller Application SAML Signature Issue. Support engineer noticed SAML responses are being rejected as 'invalid signature' for the branch teller application on configuration item WBA000058, due to a mismatch between the configured and now expired token-signing certificate.",Application,train,4,train,4,train,4,test
IM0030632,B_event_log,Missing Approval Button in Branch Teller App. I can't see how to approve requests in the branch teller app. It looks like the 'approve' button is missing.,Application,train,4,train,4,train,4,train
IM0030639,B_event_log,CRM Client-Records System Error. We can't add new records to the CRM system; it shows there's a problem with the database.,Database,test,,not used,,not used,3,train
IM0030650,B_event_log,Slow Risk Reporting Dashboard. The risk report dashboard is loading very slowly. I noticed it has been this way since morning.,Application,train,3,train,3,train,3,train
IM0030655,B_event_log,Internet Banking: Cannot Save Records. I can't add new transactions on the Internet Banking site; it says there's a database error.,Database,train,4,train,4,test,4,train
IM0030666,B_event_log,"Application Data Volume Upload Failures. Since morning, uploads to the application data volume are failing for some colleagues.",Storage,train,4,test,4,train,4,train
IM0030693,B_event_log,User Profile Load Time Exceeds 5 Minutes. A user's profile on APP000005 is taking over 5 minutes to load due to a 4 GB corrupt roaming profile.,Application,test,4,test,4,train,4,train
IM0030700,B_event_log,Scheduled Task Lockout Due to Old Password. A support engineer observed that a scheduled task using the old password was locking out the account WBA000058.,Application,test,4,train,4,train,4,train
IM0030712,B_event_log,"HR Self-Service Portal Account Lockout. Every morning, my HR self-service account locks automatically, even when I enter the right password.",Application,train,3,test,3,test,3,train
IM0030722,B_event_log,TLS Handshake Failures on Risk Reporting Dashboard. Automated alert: TLS handshake failures between WBA000058 and backend since 00:00 due to expired certificate.,Application,test,4,test,4,test,4,train
IM0030723,B_event_log,Loan Origination System Down. Loan origination system stopped working after maintenance reboot.,Application,test,5,train,5,train,5,train
IM0030736,B_event_log,"Loan Origination System Error. Loan origination system warns 'your connection is not private', affecting some colleagues.",Application,test,4,test,4,test,4,test
IM0030761,B_event_log,Internet Banking Access Denied. I can't log into the Internet Banking site even though I did before.,Application,test,5,train,5,train,5,test
IM0030784,B_event_log,Document Management System Validation Issue. Technical observation revealed a NullPointerException in the new validation module after the latest release.,Application,train,3,test,3,test,3,test
IM0030787,B_event_log,Customer Onboarding Portal Save Error. We can't add new customers to the system. The portal keeps showing an error about a database problem.,Database,train,3,train,3,train,3,train
IM0030791,B_event_log,Batch Job Aborted - Input File Missing. Support engineer observed that a nightly batch job on WBA000060 was aborted due to an 'input file not found' error.,Application,test,4,test,4,train,4,train
IM0030812,B_event_log,TLS Certificate Expired Issue. Technical observation shows 'PKIX path validation failed: certificate expired' on SBA000607 when accessing backend of customer onboarding portal.,Application,train,4,test,4,test,4,train
IM0030863,B_event_log,"SSO issue on risk reporting dashboard. People can't log into the risk reporting dashboard anymore; after typing their username and password, they're redirected to the login page.",Application,train,5,test,5,train,5,test
IM0030864,B_event_log,Internet Banking Portal Connection Issue. Internet Banking portal shows 'Your connection is not private' since this morning.,Application,train,3,train,3,train,3,test
IM0030888,B_event_log,Mortgage Advisory Application Error. Mortgage advisory application shows 'request timed out' error page mostly in the morning.,Application,train,5,test,5,test,5,train
IM0030908,B_event_log,HR Self-Service Portal Account Lockout. AD alert: Service account locked out 6 times in 1 hour.,Application,test,4,train,4,test,4,train
IM0030933,B_event_log,Slow Document Management System. My document management system is very slow today.,Application,train,5,test,5,train,5,train
IM0030950,B_event_log,"Slow CRM Client-Records System. The CRM system is very slow today, especially affecting multiple departments.",Application,train,2,train,2,train,2,train
IM0030959,B_event_log,"Empty Reports in Branch Teller App. Today, reports in the branch teller application are blank. It seems like the data wasn't loaded properly.",Application,train,4,train,4,test,4,test
IM0031010,B_event_log,Risk Reporting Dashboard Print Error. We can't print the risk report anymore since the weekend update. It used to work fine last week.,Application,train,3,train,3,test,3,train
IM0031016,B_event_log,"SUB000456 Memory Leak. Long garbage-collection pauses and old-gen heap growth observed on SUB000456, causing the CRM client-records system to freeze.",Application,test,4,test,4,test,4,test
IM0031023,B_event_log,Document Management System Date Field Change Bug. I can't update the date after submitting documents on the document management system. This is a bug.,Application,test,3,train,3,train,3,train
IM0031042,B_event_log,Risk Reporting Dashboard Outdated. The risk reporting dashboard shows yesterday’s risk data instead of today’s. This happened after the upstream system updated its export.,Application,train,3,train,3,test,3,train
IM0031045,B_event_log,Teller App Connection Error. The branch teller app keeps showing 'your connection is not private' since this morning.,Application,train,4,train,4,train,4,train
IM0031060,B_event_log,"AWR Report Query Plan Issue. Branch teller application's AWR report shows a full table scan on transactions table due to an inefficient query plan, changing after data load.",Application,train,5,train,5,train,5,train
IM0031069,B_event_log,Internet Banking Kerberos Handshake Failure. The Kerberos/SSO handshake for the Internet Banking portal fails on server WBA000103 due to an expired token-signing certificate.,Application,train,4,train,4,train,4,test
IM0031076,B_event_log,Payments Service Data Integrity Issue. Data-quality check on WBA000145 found 312 failing referential integrity records affecting payments processing.,Application,train,5,train,5,test,5,train
IM0031091,B_event_log,Internet Banking SSL Error. Internet Banking portal displays 'Your connection is not private' since morning.,Application,train,5,train,5,test,5,train
IM0031110,B_event_log,"Document Management System Error. The document management system is showing an error page stating the request timed out, especially during peak business hours.",Application,train,4,train,4,test,4,test
IM0031123,B_event_log,Payments Processing Service Degradation. Transactions are degrading after each restart until application stops responding. Observed after month-end peak usage.,Application,train,4,train,4,train,4,test
IM0031125,B_event_log,Duplicate Contracts in Document Management System. I see duplicate contracts listed for the same customer on the document management system.,Application,train,5,train,5,train,5,test
IM0031128,B_event_log,Duplicate Contracts in CRM System. CRM client-records show the same contract twice for some customers.,Application,train,3,train,3,test,3,test
IM0031134,B_event_log,"Garbage Collection Pauses on Customer Onboarding Portal. Long garbage collection pauses observed on WBA000060; old-gen heap grows continuously between restarts, causing the customer onboarding portal to freeze.",Application,train,3,train,3,train,3,test
IM0031164,B_event_log,"Slow User Profile Load Time. The profile load time for user on APP000002 exceeds 5 minutes due to a 4 GB, partly corrupt roaming profile.",Application,test,,not used,,not used,3,test
IM0031176,B_event_log,"Teller Account Locked Every Morning. My teller account locks automatically each morning, despite me entering the right password.",Application,train,5,train,5,train,5,train
IM0031186,B_event_log,High CPU usage on SBA000459. One process on SBA000459 is using 98% CPU in a tight loop; other services are experiencing delays.,Application,test,4,train,4,train,4,train
IM0031187,B_event_log,"Risk Reporting Dashboard Empty. Today's risk reports are missing data, as if the dashboard hasn't received any updates.",Application,test,4,train,4,train,4,train
IM0031189,B_event_log,Loan Origination System Certificate Issue. The loan origination system displays 'Your connection is not private' since midnight. Some colleagues are also experiencing this.,Application,train,4,test,4,train,4,train
IM0031200,B_event_log,"Incorrect Customer Addresses. The client addresses in our document management system are incorrect, sending letters to old addresses.",Application,train,4,train,4,train,4,test
IM0031205,B_event_log,Slow Risk Reporting Dashboard. The risk reporting dashboard is very slow today.,Application,train,4,train,4,train,4,train
IM0031211,B_event_log,Internet Banking Portal Synthetic Transaction Failure. Synthetic transaction for the Internet Banking portal on WBA000060 fails at step 3 due to the latest deployment.,Application,test,4,train,4,test,4,train
IM0031255,B_event_log,Mortgage Advisory Application Hang. Thread dumps show blocked threads in garbage collection; memory usage increases continuously causing the application to hang.,Application,train,4,train,4,test,4,train
IM0031259,B_event_log,Branch Teller Application SSL Certificate Issue. A support engineer observed that logging into the branch teller application (WBA000018) resulted in an error message indicating 'PKIX path validation failed: certificate expired' while trying to connect to the backend.,Application,train,4,train,4,train,4,train
IM0031260,B_event_log,Scheduled Task Locking Account. A scheduled task on configuration item WBA000018 is locking an account due to stale credentials post-password change.,Application,train,4,train,4,train,4,train
IM0031279,B_event_log,"Customer search timeout issue. When I try to find customers on the portal, it takes longer than expected and sometimes doesn't work.",Application,train,4,train,4,train,4,train
IM0031288,B_event_log,Internet Banking PKIX Path Validation Failed. A support engineer observed that logs on configuration item WBA000133 displayed 'PKIX path validation failed: certificate expired' during attempts to connect to the backend of the Internet Banking portal.,Application,train,5,train,5,train,5,train
IM0031291,B_event_log,HR Self-Service Portal Down. HR self-service portal stopped working after maintenance last night.,Application,train,4,train,4,train,4,test
IM0031294,B_event_log,Risk Reporting Dashboard Error. The risk reporting dashboard is showing an error page stating 'request timed out' especially during morning peak hours.,Application,train,4,train,4,train,4,train
IM0031302,B_event_log,Branch Teller Application Account Locked Out. Alert: Service account for the branch teller application locked out 6 times in 1 hour after password change.,Application,test,4,train,4,train,4,train
IM0031342,B_event_log,Payments Service Timeout During Peak Hours. The payments processing service takes too long to respond during the busiest part of the day.,Application,train,5,train,5,train,5,train
IM0031352,B_event_log,"Risk Reporting Dashboard Login Failure. I can't access the risk reporting dashboard; after typing my username and password, I'm redirected to the login page.",Application,test,4,train,4,train,4,train
IM0031354,B_event_log,TLS Certificate Expired - Payments Processing Service. Logs indicate 'PKIX path validation failed: certificate expired' when accessing the payments processing service backend.,Application,test,4,train,4,train,4,train
IM0031355,B_event_log,Submit button not working after update. The 'submit' button doesn't respond anymore since the new payments processing service version was installed.,Application,test,5,train,5,train,5,train
IM0031364,B_event_log,"Document Search Timeout Issue. When trying to search for customers on the document management system, it sometimes takes more than a minute to find them.",Application,train,4,train,4,train,4,train
IM0031368,B_event_log,Document Management System Timeout. Log shows 'Timeout waiting for idle object' exceptions on document management system.,Application,test,4,test,4,train,4,train
IM0031372,B_event_log,"Payments Saving Data Errors. Saving data in payments processing service fails sometimes with a generic error, then it works after a while.",Application,test,4,test,4,train,4,train
IM0031373,B_event_log,Document Management System Unavailable. The document management system stopped working on Monday morning after a server reboot.,Application,train,5,train,5,test,5,train
IM0031396,B_event_log,"Slow Branch Teller Application. Since this morning, the branch teller application has been very slow, especially after the scheduled scan started.",Application,test,4,train,4,train,4,train
IM0031402,B_event_log,"DB Connection Pool Exceeded. The application's database connection pool is full during peak business hours, causing timeouts for payment processing.",Application,test,5,train,5,train,5,train
IM0031412,B_event_log,Branch Teller Application Printing Error. We can't print the overview anymore after the software update. It used to work last week.,Application,test,4,train,4,test,4,train
IM0031423,B_event_log,"CRM Client-Records System Error. Since morning, CRM client-records system displays 'your connection is not private'. Some colleagues experiencing the same issue.",Application,train,4,train,4,test,4,train
IM0031491,B_event_log,HR Self-Service Portal Duplicate Contracts. The HR self-service portal displays multiple contracts for the same customer.,Application,train,3,train,3,train,3,train
IM0031493,B_event_log,Branch Teller Search Query Slow. The branch teller application search query is performing a full table scan due to outdated optimizer statistics.,Application,train,4,train,4,train,4,train
IM0031502,B_event_log,"Payments Processing Service Certificate Issue. Since midnight, the payments processing service displays 'Your connection is not private'. This happened after the certificate expired.",Application,train,,not used,,not used,3,train
IM0031505,B_event_log,Duplicate Contracts in Internet Banking. Internet Banking portal shows extra copies of customer contracts.,Application,train,4,train,4,train,4,train
IM0031508,B_event_log,Payments Service Synthetic Transaction Failure. Synthetic transaction for payments processing service on WBA000011 fails at step 3.,Application,test,5,test,5,train,5,test
IM0031529,B_event_log,High Authentication Failures - Loan Origination System. Authentication failures reached 100% on WBA000144 since 07:30.,Application,train,3,test,3,train,3,train
IM0031553,B_event_log,"HR Self-Service Portal Slow Search. When searching for customers on the HR self-service portal, it takes over a minute to load and sometimes fails.",Application,test,4,test,4,train,4,train
IM0031560,B_event_log,"Mortgage Advisory Account Lockout. My account locks every morning, but I enter the right password. My colleagues have similar issues.",Application,test,4,train,4,train,4,test
IM0031577,B_event_log,CRM Amounts Rounding Mismatch. The total amounts shown on the CRM client-records overview page are rounded differently compared to the detail page.,Application,train,5,test,5,test,5,train
IM0031590,B_event_log,"High CPU Usage on Loan Origination System. A process on SBA000607 is using 98% CPU in a tight loop, affecting other services.",Application,test,4,train,4,train,4,train
IM0031597,B_event_log,CRMX Search Query Full Scan. A top SQL statement on SBA000607 is causing a full table scan due to outdated optimizer statistics.,Application,test,4,train,4,test,4,train
IM0031598,B_event_log,Customer Onboarding Portal Error Rate. Automated alert: 15% of customer onboarding portal requests fail with timeout errors during peak hours.,Application,train,5,train,5,test,5,train
IM0031618,B_event_log,HR Self-Service Portal Job Chain Failed. Scheduler alert: job chain for HR self-service portal on SBA000607 ended with return code 8 at 02:14.,Application,train,4,train,4,train,4,train
IM0031625,B_event_log,"Customer Onboarding Portal SSL Issue. The customer onboarding portal is showing 'your connection is not private', affecting all team members.",Application,train,3,train,3,train,3,train
IM0031633,B_event_log,Print Server Spooler Hangs. The spooler on the print server hangs due to a corrupted job associated with SCN000001; the queue is blocked.,Hardware,test,3,train,3,train,3,test
IM0031677,B_event_log,Garbage Collection Frequent Pauses. Long garbage collection pauses observed on SBA000462; old-gen heap keeps growing between restarts causing the CRM client-records system to freeze.,Application,train,4,train,4,train,4,train
IM0031698,B_event_log,Slow Risk Reporting Dashboard. The risk reporting dashboard is very slow and often freezes. This affects some colleagues.,Application,test,4,train,4,train,4,train
IM0031701,B_event_log,High Authentication Failures on HR Portal. Authentication failures spiked to 100% on the HR self-service portal at 07:30.,Application,test,5,train,5,train,5,train
IM0031712,B_event_log,TLS Certificate Expired. Interface monitor reported TLS handshake failures on WBA000060 since midnight due to expired certificate.,Application,train,4,train,4,train,4,train
IM0031718,B_event_log,Payments Processing API Payload Issue. Regression in payments processing service: API call payload changes not compatible with frontend configuration item SUB000456.,Application,test,4,train,4,train,4,test
IM0031789,B_event_log,CRM Client-Records System Timeout. CRM system times out during peak morning hours.,Application,train,3,test,3,train,3,test
IM0031793,B_event_log,"Daily Account Lockout. My account locks every morning, even with the right password. This affects our whole team.",Application,train,3,train,3,train,3,train
IM0031881,B_event_log,File Shares Upload Failures. We cannot upload files to the file shares anymore since this morning. It’s causing some disruptions.,Infrastructure,test,,not used,,not used,3,train
IM0031882,B_event_log,"HR Self-Service Portal Slow Search. When searching for customers in the HR self-service portal, it takes longer than usual and sometimes fails.",Application,train,3,train,3,train,3,train
IM0031904,B_event_log,Payments Processing Service Connection Pool Exhaustion. Application logs indicate that all connections in the database connection pool are in use and new requests timeout.,Application,train,4,train,4,train,4,train
IM0031919,B_event_log,Application Won't Start After Agent Update. My work application won't open anymore. A pop-up says my security software has blocked something.,Application,train,5,train,5,train,5,train
IM0031923,B_event_log,Customer Onboarding Portal Unavailable. The customer onboarding portal is not working since Monday morning.,Application,train,5,train,5,train,5,train
IM0031930,B_event_log,"Risk Reporting Dashboard Empty. Today, all reports on the risk dashboard are blank. It appears the data hasn't been loaded properly.",Application,train,4,train,4,train,4,train
IM0031973,B_event_log,"High CPU Usage by Service Loop. A process on SBA000607 was using 98% CPU in a tight loop, starving other services.",Application,test,4,test,4,train,4,train
IM0031981,B_event_log,"CRM Client-Records Application Not Starting Post-Patch. A support engineer noticed that after the monthly patch reboot, the CRM client-records application on SBA000462 failed to start due to the database service being unavailable.",Application,train,4,train,4,train,4,train
IM0031986,B_event_log,Payments Overview Printing Error. We can't print the payments overview anymore after the service update. It worked before.,Application,train,4,test,4,train,4,train
IM0032011,B_event_log,High Authentication Failures Dashboard. Authentication issues spiked to 100% on risk reporting dashboard at 07:30.,Application,train,4,train,4,test,4,train
IM0032024,B_event_log,High Processor Queue Length - Document Management System. Performance alert: high processor queue length on SBA000459. Impact: a small group of users.,Application,train,4,test,4,train,4,train
IM0032045,B_event_log,High Heap Usage and Response Times. Automated alert: High heap usage (95%) and long average response times (>8s) on risk reporting dashboard.,Application,train,4,test,4,test,4,train
IM0032062,B_event_log,Data Center LAN Port Issues. Port on RTR000045 showed late collisions and CRC errors; device negotiated half duplex.,Network,test,2,train,2,train,2,train
IM0032092,B_event_log,TLS Handshake Failures on CRM Client-Records. The interface monitor reported TLS handshake failures between SBA000458 and the backend starting at 00:00.,Application,train,4,train,4,train,4,train
IM0032130,B_event_log,"SSD SMART Failure - LAP000969. Support engineer observed SMART failure on SSD of LAP000969, preventing OS loading.",Hardware,train,5,train,5,train,5,train
IM0032163,B_event_log,Payments Processing Service Certificate Issue. Logs indicate PKIX path validation failed due to expired certificate when accessing the payments processing service.,Application,test,4,train,4,test,4,train
IM0032169,B_event_log,"Customer Onboarding Portal Login Issue. I can't log into the customer onboarding portal. After entering my username and password, I'm redirected back to the login page.",Application,train,5,test,5,train,5,train
IM0032176,B_event_log,Branch Teller Application SSL Issue. The branch teller app keeps saying 'Your connection is not private'. This started happening this morning.,Application,train,4,train,4,test,4,test
IM0032202,B_event_log,TLS Handshake Failures on Customer Onboarding Portal. Interface monitor alerts: TLS handshake failures between SBA000284 and backend since midnight.,Application,train,4,test,4,train,4,train
IM0032208,B_event_log,HR self-service portal timeout. Log monitoring shows 'Timeout waiting for idle object' exceptions for HR self-service portal.,Application,train,4,train,4,train,4,test
IM0032209,B_event_log,Payments Processing Job Chain Failed. Scheduler alert: job chain for payments processing service on SBA000607 ended with return code 8 at 02:14.,Application,train,5,train,5,train,5,train
IM0032226,B_event_log,Payments Import Job Failure. A nightly import job for the payments processing service failed on configuration item SBA000607 at 09:00.,Application,train,4,train,4,train,4,train
IM0032241,B_event_log,Slow database access on SAN000182. Database access is very slow for some colleagues.,Storage,train,4,train,4,test,4,test
IM0032252,B_event_log,"Branch Teller Application Error. The branch teller application shows an error page with 'request timed out' message, especially in the mornings.",Application,train,4,train,4,train,4,test
IM0032283,B_event_log,Branch Teller Application Unavailable. The branch teller application is not working since Monday morning.,Application,train,3,train,3,test,3,train
IM0032308,B_event_log,Scheduled Task Locks After Password Change. A scheduled task using an old password is causing some colleagues' accounts to be locked on the loan origination system.,Application,train,4,train,4,train,4,train
IM0032320,B_event_log,"Account keeps locking after login. Every morning, my account gets locked even when I enter the right password.",Application,train,4,test,4,train,4,train
IM0032336,B_event_log,"Payments Service Error in Morning. The payments service gives a timeout error often in the mornings, especially during busy times.",Application,test,4,test,4,train,4,train
IM0032357,B_event_log,Slow Data Access on SAN000178. Our system is very slow when accessing data on SAN000178. My colleagues are also experiencing the same issue.,Storage,test,4,train,4,train,4,test
IM0032360,B_event_log,"Endpoint Agent False Quarantine. Endpoint agent quarantined an application's DLL file after a policy update, affecting some colleagues' workstations.",Security,train,4,train,4,test,4,train
IM0032363,B_event_log,Workstation Application Not Starting. My application won't open anymore. A security message says it got blocked.,Application,test,4,train,4,test,4,train
IM0032374,B_event_log,Customer Onboarding Portal Printing Error. I can't print the overview anymore after the recent update; it worked before.,Application,train,5,train,5,test,5,train
IM0032398,B_event_log,HR Self-Service Portal Access Denied. I tried to access the HR self-service portal today but got an 'access denied' message. It worked yesterday.,Application,train,5,test,5,train,5,train
IM0032443,B_event_log,HR Self-Service Portal Locks Account. My HR self-service account locks each morning despite entering the right password. Other colleagues also face this issue.,Application,train,4,train,4,train,4,train
IM0032470,B_event_log,"Internet Banking Portal Unavailable. Since Monday, I can't access the Internet Banking portal.",Application,train,4,train,4,train,4,train
IM0032478,B_event_log,"Mortgage Advisory Application Slowdown. Since this morning, the mortgage advisory application running on SBA000834 has been very slow. Some colleagues also report the same issue.",Application,train,4,train,4,train,4,train
IM0032487,B_event_log,Printer Not Printing After Driver Update. I can't print from the branch printer anymore. My documents keep getting stuck in the queue.,Hardware,train,4,train,4,train,4,test
IM0032506,B_event_log,CRM Client-Records System Slow Queries. Automated alert: Average query times exceed 30 seconds during peak usage.,Application,train,4,train,4,train,4,test
IM0032507,B_event_log,VPN Connection Drops After Update. My remote connection keeps disconnecting every 10 minutes while working from home.,Security,train,4,train,4,train,4,train
IM0032516,B_event_log,Customer Onboarding Portal Date Change Issue. I can't update the date field once I submit my information on the customer onboarding portal; other employees also face this problem.,Application,train,4,test,4,train,4,train
IM0032560,B_event_log,Workstation Application Not Starting. My work application won't open now; my security software shows it got blocked.,Application,train,5,test,5,train,5,test
IM0032568,B_event_log,HR Self-Service Submit Button Issue. We can't submit requests because the 'submit' button doesn't work anymore.,Application,train,4,test,4,train,4,train
IM0032578,B_event_log,CRM Client-Records System Hang. Thread dumps indicate WBA000103 threads blocked in garbage collection; memory usage climbs until the system hangs.,Application,train,5,train,5,train,5,train
IM0032582,B_event_log,SSO Handshake Failure on Customer Onboarding Portal. A Kerberos/SSO handshake fails on the customer onboarding portal due to an expired token-signing certificate.,Application,train,4,test,4,train,4,test
IM0032589,B_event_log,"Duplicate Contracts on Document Management System. When accessing the document management system, I see multiple copies of the same contract for one customer.",Application,train,4,train,4,test,4,train
IM0032598,B_event_log,"Payments Service Rounding Difference. In the payments processing service, amounts show different rounding on the overview and detail screens.",Application,train,5,train,5,train,5,test
IM0032604,B_event_log,Risk Reporting Dashboard Synthetic Transaction Failure. An automated alert indicates that the risk reporting dashboard synthetic transaction fails at step 3 due to the latest application deployment.,Application,train,4,train,4,test,4,train
IM0032610,B_event_log,AWR Report Execution Plan Issue. The AWR report on SBA000607 shows a full table scan on the transactions table for a search query. The execution plan changed after a data load.,Application,train,4,train,4,test,4,train
IM0032621,B_event_log,Document Management System Failure. Synthetic transaction failed at step 3 on WBA000058 due to latest deployment.,Application,train,4,test,4,train,4,train
IM0032635,B_event_log,"Document Management System Error. The document management system often displays an error saying the request timed out, especially in the mornings.",Application,test,4,train,4,train,4,train
IM0032638,B_event_log,Document Management System Issue. Automated alert: Synthetic transaction fails at step 3 for SUB000456 after weekend release.,Application,train,4,test,4,train,4,test
IM0032647,B_event_log,"Internet Banking Access Denied. I can't access the Internet Banking portal anymore. It worked yesterday, but now I get 'access denied'.",Application,train,5,train,5,train,5,train
IM0032673,B_event_log,TLS Handshake Failures on Branch Teller Application. Interface monitor detected TLS handshake failures between SUB000508 and backend since midnight.,Application,train,4,train,4,test,4,test
IM0032678,B_event_log,Loan Origination System Login Issues. I cannot log into the loan origination system; it keeps sending me back to the login page.,Application,train,5,train,5,test,5,train
IM0032700,B_event_log,"Branch Teller API Payload Parsing Issue. The branch teller application's API call payload has changed in the latest release, causing the frontend on SBA000459 to fail parsing.",Application,train,3,train,3,train,3,train
IM0032729,B_event_log,Payments Processing Service Sluggishness. Opening records in the payments processing service takes a long time and the screen sometimes freezes. Restarting fixes it temporarily.,Application,test,4,train,4,train,4,test
IM0032731,B_event_log,Workstation application won't start. My work application won't open now; it shows a security message.,Application,test,4,train,4,test,4,test
IM0032750,B_event_log,Loan Origination System Date Field Change Issue. I can't change the date field on the loan origination system after I submit it. I think this might be a mistake.,Application,test,4,train,4,train,4,train
IM0032755,B_event_log,Account Locking Issue. My account locks every morning after login. Some colleagues also experience this.,Application,train,4,train,4,train,4,train
IM0032784,B_event_log,Document Management System Down. The document management system application service has stopped running after the monthly patch window.,Application,train,4,train,4,train,4,test
IM0032785,B_event_log,Risk Reporting Dashboard Timeout. Log alerts indicate timeout errors on risk reporting dashboard due to idle object waits.,Application,train,4,train,4,train,4,train
IM0032787,B_event_log,"Internet Banking Connection Pool Exhaustion. Technical observation shows 'Cannot get a connection, pool exhausted' in application logs on SBA000427; all connections are in use and new requests time out.",Application,train,4,train,4,train,4,test
IM0032799,B_event_log,VPN Connection Issues. Colleagues can't connect to the office network remotely. This started this morning.,Security,train,3,train,4,train,3,train
IM0032801,B_event_log,TLS Certificate Expired on Customer Onboarding Portal. Support engineer observed 'PKIX path validation failed: certificate expired' when accessing the backend of the customer onboarding portal.,Application,train,4,train,4,train,4,train
IM0032804,B_event_log,Site-to-Site VPN IKE Phase 2 Renegotiation Failure. IKE phase 2 renegotiation failed on SSW000068 due to proposal mismatch after the peer updated its encryption settings.,Security,test,4,train,4,train,4,train
IM0032809,B_event_log,High Authentication Failures. Branch teller application authentication failures reached 100% at 07:30.,Application,train,4,train,4,train,4,train
IM0032817,B_event_log,Account Lockout Issue. My account keeps locking every morning even after typing the right password. My colleagues have similar issues.,Application,train,4,test,4,train,4,train
IM0032821,B_event_log,Laptop Startup Prompting BitLocker Recovery Key. My laptop won't start because it asks for a BitLocker recovery key.,Hardware,train,5,train,5,train,5,train
IM0032839,B_event_log,Mortgage Advisory Data Quality Issue. Data-quality check on SUB000521 found 312 failing referential integrity records.,Application,train,4,train,4,train,4,train
IM0032847,B_event_log,Branch Teller Application Data Integrity Issue. Data quality check found 312 failing referential integrity records in SBA000427 for branch teller application.,Application,test,3,test,3,train,3,test
IM0032869,B_event_log,Customer Onboarding Portal Data Mismatch. The customer onboarding portal displays old data from yesterday. The issue began after the upstream system updated its export.,Application,train,4,test,4,test,4,train
IM0032872,B_event_log,TLS Handshake Failure Due to Expired Certificate. Logs indicate 'PKIX path validation failed: certificate expired' during backend calls to payments processing service.,Application,train,3,train,3,test,3,test
IM0032876,B_event_log,Mortgage Advisory Service Account Locked. Automated alert: service account locked 6 times in 1 hour.,Application,train,4,train,4,train,4,train
IM0032894,B_event_log,High Authentication Failures on Document Management System. Authentication failures increased to 100% on document management system DTA000189 at 07:30 after identity provider certificate rollover.,Application,train,4,train,4,test,4,train
IM0032901,B_event_log,Shared Drive Not Saving Files. I can't save files on the shared drive; it says we're out of space.,Storage,train,4,test,4,train,4,train
IM0032907,B_event_log,Missing Approval Button. I can't find the button to approve requests in the CRM client-records system. My colleagues are also having this issue.,Application,test,4,train,4,train,4,train
IM0032922,B_event_log,HR Self-Service Portal Data Integrity Issue. Data-quality check on WBA000133 found 312 failing referential integrity records for the HR self-service portal.,Application,train,4,train,4,test,4,train
IM0032927,B_event_log,CRM Client-Records System Response Time Degradation. Transactions degrade after each restart until application stops responding.,Application,train,4,train,4,train,4,test
IM0032936,B_event_log,High Authentication Failures on Loan Origination System. Authentication errors increased to 100% on loan origination system SUB000533 since morning.,Application,train,5,train,5,test,5,train
IM0032949,B_event_log,"Empty CRM Client-Records System Reports. Today, reports in the CRM client-records system are empty. It seems like the data hasn't been loaded.",Application,train,4,train,4,train,4,train
IM0032967,B_event_log,"Risk Reporting Dashboard Empty. Today's risk reports on the dashboard are missing data, colleagues also see this issue.",Application,train,4,train,4,train,4,test
IM0032988,B_event_log,Incorrect Client Addresses in CRM. The client addresses in our CRM system are outdated for many customers; they're still using the old addresses.,Application,train,4,test,4,train,4,train
IM0033000,B_event_log,"Document Management System Errors. Saving documents fails sometimes with a generic error, then works after a while.",Application,train,4,train,4,train,4,train
IM0033039,B_event_log,SAP Finance Transaction Error. I can't start the SAP Finance transaction anymore; it shows a runtime error and stops working.,Application,test,5,test,5,train,5,train
IM0033071,B_event_log,Risk Reporting Dashboard Data Quality Issue. Automated monitoring detected 312 failing referential integrity records for risk reporting dashboard related to SUB000426.,Application,test,4,train,4,test,4,test
IM0033091,B_event_log,Customer Onboarding Portal Error. The customer onboarding portal displays a message saying 'your connection is not private'. This issue started this morning.,Application,train,4,train,4,train,4,train
IM0033101,B_event_log,Invalid SAML Signature - Mortgage Advisory Application. The SAML responses for the mortgage advisory application are being rejected with an 'invalid signature' error due to a mismatch between the configured and actual IdP token-signing certificate.,Application,train,3,train,3,train,4,train
IM0033105,B_event_log,CRM Client-Records System Slow. Our CRM client-records system is very slow today and impacts our work.,Application,test,3,train,3,train,3,train
IM0033134,B_event_log,High Authentication Failures - Customer Onboarding Portal. Authentication failures spiked to 100% for the customer onboarding portal.,Application,train,4,test,4,train,4,train
IM0033137,B_event_log,Slow Loan Origination System Search Query. Top SQL on SBA000025 is performing a full table scan due to outdated optimizer statistics.,Application,test,4,train,4,train,4,train
IM0033138,B_event_log,CRM Client-Records System Slows Down. Our CRM system becomes sluggish throughout the day and crashes when trying to view client records. Restarting it fixes the issue temporarily.,Application,train,4,test,4,test,4,train
IM0033157,B_event_log,Document Management System Interface Errors. Interface monitor reported TLS handshake failures on document management system since midnight.,Application,train,4,train,4,train,4,test
IM0033176,B_event_log,Customer Onboarding Portal Unavailable. The customer onboarding portal is not working since Monday morning.,Application,train,4,test,4,test,4,train
IM0033209,B_event_log,Internet Banking Portal Unavailable. The Internet Banking portal is down since Monday morning after the server reboot.,Application,train,3,test,3,train,3,train
IM0033236,B_event_log,"LAP000002 SSD SMART Failure. Support engineer observed SMART failure on the SSD of LAP000002, preventing OS loading.",Hardware,train,5,train,5,test,5,test
IM0033259,B_event_log,"Internet Banking Account Lockout. Every morning, my account gets locked even when I enter the right password.",Application,train,3,train,3,train,3,train
IM0033328,B_event_log,Branch Teller Approval Button Missing. I can't see the button to approve requests in the branch teller app; other colleagues have the same issue.,Application,train,4,test,4,train,4,train
IM0033329,B_event_log,Nightly Risk Reporting Dashboard Job Aborted. Automated alert: Nightly job for risk reporting dashboard failed with return code 8.,Application,test,4,train,4,test,4,train
IM0033345,B_event_log,SAP HR Transaction Error. Short dumps SYNTAX_ERROR observed in SAP HR on SAP000005; the transported program references an object not imported.,Application,test,5,train,5,test,5,test
IM0033348,B_event_log,"Loan Origination API Payload Regression. The loan origination system's API call changed its payload in the new release, causing SUB000456 frontend to fail parsing.",Application,test,4,train,4,test,4,test
IM0033351,B_event_log,High DB Connection Pool Stuck. Active DB connections from SBA000326 reached maximum; Internet Banking portal experiences timeouts.,Application,train,3,train,3,train,3,train
IM0033364,B_event_log,Database Storage Slowdown. All applications using LSR001042 database are very sluggish.,Infrastructure,train,3,test,3,test,3,train
IM0033374,B_event_log,"Failed Patch Installation on SBA000317. A patch installation on the SBA000317 configuration item failed halfway, causing the server to hang at 'configuring updates' in production.",Application,train,5,train,5,train,5,test
IM0033383,B_event_log,Slow Profile Load Time for User. A user's profile load time for APP000001 exceeds 5 minutes due to a corrupt and large roaming profile (4 GB). This affects some colleagues.,Application,test,4,test,4,train,4,train
IM0033387,B_event_log,HR Self-Service Portal SAML Signature Issue. The HR self-service portal on WBA000133 stopped accepting SAML responses due to an invalid signature caused by mismatched token-signing certificates.,Application,train,4,train,4,train,4,train
IM0033399,B_event_log,CRM Client-Records System Outdated. The CRM client-records system displays yesterday’s data instead of today’s. This happened after the upstream system updated its export.,Application,train,4,train,4,test,4,train
IM0033434,B_event_log,Laptop Won't Start. My computer won't turn on and just shows a black screen with a blinking cursor.,Hardware,train,5,train,5,test,5,train
IM0033502,B_event_log,"Document Management System Import Job Failure. The nightly import job for document management system failed on record 1,204 due to an invalid date format.",Application,test,5,train,5,train,5,train
IM0033512,B_event_log,"Site-to-Site VPN Tunnel Flapping. Tunnel monitor shows site-to-site VPN on ASW000010 flapping, with 14 down events in the last hour.",Security,train,4,train,4,train,4,test
IM0033552,B_event_log,Risk Reporting Dashboard Service Account Locked. An automated alert indicates the risk reporting dashboard service account has been locked out six times within an hour.,Application,train,5,test,5,train,5,test
IM0033562,B_event_log,IKE Phase 2 Renegotiation Failure. The IKE phase 2 renegotiation fails on ASW000010 due to a proposal mismatch after the peer updated its encryption settings.,Security,test,4,test,4,train,4,test
IM0033573,B_event_log,"HR Self-Service Portal Search Issue. When trying to search for customers, it takes too long and sometimes fails.",Application,train,4,test,4,train,4,train
IM0033594,B_event_log,Access Denied on Mortgage Advisory Application. I can't open the mortgage advisory application now. It says 'access denied'. I could use it yesterday.,Application,train,4,train,4,test,4,train
IM0033608,B_event_log,TLS Handshake Failures on Loan Origination System. Interface monitor reported TLS handshake failures between WBA000103 and backend since midnight.,Application,test,4,train,4,test,4,test
IM0033614,B_event_log,HR Self-Service Portal Error. The HR self-service portal displays an error message when entering the amount.,Application,train,3,train,3,train,3,train
IM0033619,B_event_log,Internet Banking SSL Certificate Issue. Internet Banking portal shows 'Your connection is not private' since midnight.,Application,train,4,test,4,train,4,train
IM0033623,B_event_log,HR Self-Service Portal Address Errors. The client addresses listed on the HR self-service portal are outdated. My information shows incorrect addresses being sent to old locations.,Application,train,5,train,5,train,5,train
IM0033628,B_event_log,Address field overwrite on risk reporting dashboard. A bulk import on SBA000782 incorrectly wrote values from the wrong column into the address fields for some customers.,Application,test,4,test,4,train,4,train
IM0033633,B_event_log,HR Self-Service Portal Timeout. Log monitoring shows timeout errors on HR self-service portal.,Application,train,4,test,4,test,4,train
IM0033635,B_event_log,CRM System Unavailable After Reboot. The CRM client-records system stopped working since Monday morning after a server reboot.,Application,train,4,train,4,test,4,train
IM0033636,B_event_log,Document Management System Unavailable. The document management system stopped working after the server rebooted on Monday morning. Some colleagues also reported the same issue.,Application,train,4,train,4,test,4,test
IM0033652,B_event_log,Mortgage Advisory Application API Payload Parsing Issue. Regression in mortgage advisory application due to changed payload in the new release. The frontend on WBA000060 cannot parse the updated API call.,Application,train,4,train,4,train,4,test
IM0033671,B_event_log,HR Self-Service Portal Date Change Issue. I can't change the date I submitted on the HR self-service portal now. It appears to be a bug.,Application,train,4,train,4,train,4,train
IM0033677,B_event_log,Branch Printer No Output. The printer at our branch isn't working. Documents keep getting stuck in the queue.,Hardware,train,3,train,3,train,3,test
IM0033687,B_event_log,Loan Origination System TLS Certificate Expired. The loan origination system experienced connectivity issues due to a certificate expiration error.,Application,test,4,test,4,train,4,test
IM0033720,B_event_log,Teller Application Error. I can't enter an amount on the branch teller app; it gives an error.,Application,train,4,train,4,train,4,test
IM0033724,B_event_log,"Mortgage Advisory Application Account Lockout. Every morning, my account locks even when I enter the right password.",Application,train,3,train,3,train,3,train
IM0033728,B_event_log,High Processor Queue Length Alert. Performance alert: processor queue length high on SBA000459.,Application,test,4,train,4,test,4,train
IM0033748,B_event_log,Customer Onboarding Portal Service Account Lockout. AD alert: Service account for customer onboarding portal locked out 6 times in 1 hour.,Application,train,4,test,4,train,4,train
IM0033767,B_event_log,"Branch Teller Application Import Job Failure. The nightly import job for the branch teller application failed on SBA000462 at record 1,204 due to an invalid date format.",Application,test,4,train,4,train,4,train
IM0033779,B_event_log,Internet Banking Data Quality Issue. Data quality check found 312 failing records for Internet Banking portal after bulk import.,Application,train,5,test,5,test,5,test
IM0033788,B_event_log,Document Management System Timeout. Log monitoring alerts 'Timeout waiting for idle object' for document management system.,Application,test,4,train,4,test,4,train
IM0033790,B_event_log,Payments Processing Service Connection Issue. The payments processing service is showing 'your connection is not private'. Some colleagues are experiencing the same issue.,Application,test,4,test,4,train,4,train
IM0033801,B_event_log,"High CPU Usage on HR Self-Service Portal. A process on SBA000461 was using 98% CPU in a tight loop, starving other services.",Application,train,4,train,4,train,4,test
IM0033827,B_event_log,Branch Cash Terminal Card Acceptance Issue. Self-service terminal at the branch won't accept any cards.,Hardware,train,5,train,5,train,5,test
IM0033846,B_event_log,"Slow Mortgage Advisory Application. The mortgage advisory application is very slow since this morning, affecting some colleagues.",Application,train,4,train,4,test,4,train
IM0033866,B_event_log,"Workstation Application Quarantine. The endpoint agent quarantined an application's DLL after a policy update, affecting our team's workstation applications.",Application,test,3,train,3,test,3,train
IM0033880,B_event_log,CRM Client-Records System Incorrect Use. No log errors on WBA000133; observed that incorrect function use caused an empty export.,Application,train,5,test,5,train,5,train
IM0033886,B_event_log,Payments Service Synthetic Transaction Failure. Automated alert: Payments processing service synthetic transaction fails at step 3 due to recent deployment.,Application,train,4,train,4,train,4,train
IM0033902,B_event_log,CRM Search Query Blocking. The CRM client-records system search query performs a full table scan due to outdated optimizer statistics.,Application,train,4,train,4,train,4,train
IM0033912,B_event_log,Branch Teller Application Printing Error. We can't print the branch teller overview anymore; it worked before the update.,Application,train,3,test,3,train,3,train
IM0033960,B_event_log,"Payments Service Login Issue. I can't log into the payments processing service anymore. After entering my username and password, it asks me to try again.",Application,train,5,test,5,test,5,test
IM0033975,B_event_log,"Internet Banking Portal Sluggishness. Sometimes when I try to open a record on the Internet Banking portal, it takes a long time and my screen freezes. Restarting the portal fixes this but it happens again soon.",Application,train,4,train,4,train,4,train
IM0033982,B_event_log,SSO handshake failure on branch teller app. A Kerberos/SSO handshake failure occurs on the branch teller application due to an expired token-signing certificate.,Application,train,4,test,4,train,4,train
IM0033997,B_event_log,Teller App Database Service Issue. The teller application on SBA000074 failed to start post-patch reboot due to the dependent database service not being available.,Application,train,5,train,5,test,5,test
IM0034046,B_event_log,"Bulk Import Address Overwrite. A bulk import operation incorrectly updated some customer addresses, affecting several tellers' data.",Application,train,4,train,4,train,4,test
IM0034078,B_event_log,"AWR Report Execution Plan Issue. An AWR report on SUB000539 shows a full table scan on the transactions table for a search query, changing the execution plan after data load.",Application,train,4,test,4,test,4,train
IM0034113,B_event_log,Loan Origination System TLS Certificate Issue. Technical observation shows logs indicating 'PKIX path validation failed: certificate expired' when accessing the backend of the loan origination system.,Application,test,4,train,4,train,4,train
IM0034149,B_event_log,Document Management System Error. Today's documents won't load properly because of an internet security warning.,Application,train,5,test,5,train,5,test
IM0034164,B_event_log,Customer Onboarding Portal Validation Issue. Technical observation showed a NullPointerException in the new validation module after the latest release.,Application,train,4,test,4,test,4,train
IM0034174,B_event_log,Teller Application Printing Error. I can't print the branch teller application overview anymore after the recent update.,Application,test,5,train,5,train,5,train
IM0034210,B_event_log,Payments Processing Service Slowdown. Our payments processing service slows down and freezes when trying to access client records. Restarting it fixes it temporarily.,Application,train,4,train,4,train,4,train
IM0034223,B_event_log,"SAN Path Failure Alert. Multipath alert on DCE000077: 2 out of 4 paths down, I/O latency 180 ms.",Infrastructure,train,3,train,3,train,3,train
IM0034253,B_event_log,Published Desktop Freezes. My desktop application freezes after a few minutes and I need to restart it. My colleagues are having similar issues.,Application,test,4,train,4,test,4,test
IM0034286,B_event_log,File Shares Upload Failures. We can't upload files to the shared folders. Some coworkers are also having trouble.,Storage,train,4,test,4,train,4,test
IM0034295,B_event_log,Laptop Startup Error. My laptop won't start because it needs a BitLocker recovery key.,Hardware,train,5,train,5,test,5,train
IM0034307,B_event_log,CRM Client-Records Saving Error. Cannot add new client-records; CRM shows a database error.,Database,test,5,test,5,train,5,train
IM0034348,B_event_log,Duplicate Contracts in Internet Banking. Internet Banking portal shows extra copies of contracts for some customers.,Application,train,4,train,4,train,4,train
IM0034349,B_event_log,"Account locks daily after password change. Every morning, my account gets locked even though I type the correct password. This happened after the password change.",Application,train,3,train,3,test,3,train
IM0034361,B_event_log,"Mortgage Advisory Application Data Missing. Today's reports in the mortgage advisory application are empty, it seems like the data was not loaded.",Application,train,4,train,4,test,4,test
IM0034363,B_event_log,Loan Origination System Timeout. Active DB connections from WBA000103 stuck at the pool maximum; loan origination system returns timeouts.,Application,train,5,test,5,test,5,test
IM0034371,B_event_log,Teller App Service Stopped. Branch teller application service halted during monthly patch window.,Application,test,4,test,4,train,4,test
IM0034372,B_event_log,Risk Reporting Dashboard Performance Issue. The risk reporting dashboard becomes slow and freezes when trying to view client records. Restarting it fixes the problem temporarily.,Application,train,5,train,5,test,5,train
IM0034382,B_event_log,Document Management System Display Issue. The total amounts shown on the overview page of the document management system are rounded differently from those in the detailed view.,Application,train,4,train,4,train,4,test
IM0034395,B_event_log,Incorrect Client Addresses in Portal. The client addresses in the customer onboarding portal are incorrect for many customers; they show the old address instead of the current one.,Application,train,3,test,3,train,3,train
IM0034396,B_event_log,"Mortgage Advisory Application Slow Query. Average query times over 30 seconds, leading to session waits.",Application,test,4,train,4,test,4,train
IM0034401,B_event_log,Teller Application Timeout During Peak Hours. The branch teller application often times out during busy mornings.,Application,test,3,train,3,train,3,train
IM0034405,B_event_log,"Mortgage Advisory Search Timeout. When searching for customers in the application, it sometimes takes over a minute and fails.",Application,train,4,train,4,train,4,train
IM0034411,B_event_log,Backup Staging Area Upload Failures. Uploading files to the backup staging area stopped working after our log files grew unexpectedly.,Storage,train,4,test,4,train,4,test
IM0034423,B_event_log,SAN000182 Data Slowness. Our data access is very slow right now. My colleagues are also having this issue.,Storage,train,4,train,4,train,4,train
IM0034426,B_event_log,"Slow Database Storage DCE000077. Our database is very slow today, affecting everyone in our team.",Infrastructure,test,3,train,3,train,3,train
IM0034443,B_event_log,HR Self-Service Portal Timeouts. The HR self-service portal is taking too long to load during the mornings.,Application,train,4,test,4,test,4,train
IM0034447,B_event_log,CRM Client-Records Service Down. The CRM client-records system stopped working during maintenance.,Application,test,4,test,4,train,4,test
IM0034459,B_event_log,Branch Teller App TLS Error. The branch teller app keeps showing 'Your connection is not private'. I think it started this morning.,Application,train,4,train,4,test,4,train
IM0034465,B_event_log,Branch Teller Application Data Save Errors. Saving data in the branch teller application fails sometimes with a generic error; it works after a while.,Application,train,4,train,4,test,4,train
IM0034488,B_event_log,Bulk Import Address Overwrite. A bulk import overwrote address fields with values from the wrong column for some customers.,Application,train,5,train,5,train,5,train
IM0034490,B_event_log,"CRM Login Issue After Certificate Rollover. No one can log into the CRM client-records system; after entering credentials, we're redirected to the login page.",Application,train,4,test,4,train,4,train
IM0034494,B_event_log,"Database Query Time Exceeds 30 Seconds. Database alert: average query time over 30 seconds, sessions waiting on I/O.",Application,train,4,train,4,train,4,test
IM0034499,B_event_log,"Loan Origination System Garbage Collection Issues. Long garbage-collection pauses and old-gen heap growth observed on SBA000459, freezing the loan origination system.",Application,train,4,train,4,test,4,train
IM0034517,B_event_log,Loan Origination System Function Misuse. No errors found in SUB000456 logs. Reported issue matched incorrect use of loan origination system functions.,Application,test,4,train,4,train,4,test
IM0034521,B_event_log,"Document Management System Data Absent. Today, the reports in the document management system are empty, suggesting that data has not been loaded properly.",Application,train,4,train,4,train,4,test
IM0034541,B_event_log,Account Lockout Issue. My account locks automatically every morning despite entering the right password.,Application,train,4,train,4,train,4,test
IM0034558,B_event_log,High heap usage and slow branch teller app. Automated alert: high heap usage and long response times for branch teller application.,Application,train,4,test,4,train,4,train
IM0034570,B_event_log,Stale Credentials Locking Account. Support engineer observed that a scheduled task on an old laptop was still using the old password after a recent change.,Application,train,4,train,4,train,4,test
IM0034574,B_event_log,"Internet Banking Timeout Issue. Internet Banking portal shows timeout error pages often, especially in the morning.",Application,train,4,train,4,test,4,train
IM0034601,B_event_log,"Endpoint Agent False Positive. Endpoint agent quarantined an application's DLL after policy update, affecting some colleagues.",Security,train,4,test,4,train,4,train
IM0034627,B_event_log,Application Data Upload Failures. We can't upload data to our main application anymore since early today.,Storage,train,4,train,4,train,4,train
IM0034636,B_event_log,Laptop Won't Start - Black Screen. My computer won't turn on. It just shows a black screen with a blinking cursor.,Hardware,train,5,test,5,train,5,train
IM0034637,B_event_log,"Mortgage Search Timeout. When searching for customers in the mortgage advisory app, it takes longer than usual and sometimes fails.",Application,train,4,train,4,test,4,train
IM0034639,B_event_log,Printer not working after driver update. I can't print anything; all my documents are just staying in the printer's queue.,Hardware,train,4,train,4,train,4,train
IM0034658,B_event_log,Increasing interface errors on CNT000046. Interface errors and 5% packet loss to the branch detected; system is currently disruptive.,Network,train,3,train,3,train,3,train
IM0034661,B_event_log,"Network Drops After Cabling Work. Our branch network disconnects briefly, affecting all team members.",Network,train,3,train,3,test,3,train
IM0034666,B_event_log,"Slow Branch Teller Application. The teller application is very slow compared to usual, especially since morning.",Application,train,4,train,4,train,4,test
IM0034682,B_event_log,Payments Processing Error After Update. We can't print the payments overview anymore; it worked last week.,Application,train,4,train,4,train,4,train
IM0034693,B_event_log,"Document Management System Response-Time Degradation. The document management system experienced steady transaction degradation after each restart, eventually causing the application to stop responding.",Application,train,4,train,4,train,4,train
IM0034695,B_event_log,"Branch Printer Error. Printing does not work properly on the branch printer, it shows an error message and the printer icon is offline.",Hardware,train,4,train,4,train,4,test
IM0034722,B_event_log,"Slow Risk Reporting Dashboard. The risk reporting dashboard is very slow, especially after the monitoring agent update.",Application,train,4,train,4,train,4,train
IM0034735,B_event_log,"Mortgage Advisory Application SAML Signature Issue. SAML responses for the mortgage advisory application on configuration item SUB000113 are being rejected due to an invalid signature, specifically mismatched token-signing certificates.",Application,train,4,test,4,train,4,train
IM0034736,B_event_log,TLS Handshake Failures on Document Management System. Interface monitor reported TLS handshake failures between WBA000133 and the backend since midnight.,Application,train,5,train,5,test,5,train
IM0034760,B_event_log,HR Self-Service Portal Lockout. I can't log into my HR account because it keeps locking out.,Application,train,4,test,4,train,4,train
IM0034785,B_event_log,Data Center LAN Interface Errors. Interface errors and 5% packet loss detected on NET000135 affecting users.,Network,test,4,test,4,test,4,train
IM0034830,B_event_log,"Document Management System API Payload Issue. Regression in the document management system API call that altered the payload format, causing the frontend on WBA000103 to fail parsing.",Application,test,4,test,4,test,4,train
IM0034848,B_event_log,High CPU Utilization on HR Portal. Alert: CPU utilization on SBA000607 reached 100% for 45 minutes.,Application,train,4,train,4,test,4,train
IM0034853,B_event_log,"Risk Reporting Dashboard Performance Issue. When searching for customers on the risk reporting dashboard, it takes longer than usual and sometimes fails.",Application,train,4,train,4,test,4,train
IM0034859,B_event_log,"Internet Banking Error. When trying to enter amounts into the Internet Banking portal, I get an error message. My colleagues are having the same issue.",Application,train,4,train,4,train,4,train
IM0034863,B_event_log,High Authentication Failures - Mortgage Advisory. Authentication failures spiked to 100% at 07:30 for the mortgage advisory application on service WBA000124.,Application,test,4,train,4,train,4,test
IM0034870,B_event_log,HR Self-Service Portal Account Lockout. AD alert: HR self-service portal service account locked out 6 times in 1 hour after password change.,Application,train,4,test,4,train,4,test
IM0034876,B_event_log,Mortgage Advisory Application Sluggishness. Opening records in the application takes a long time and sometimes freezes. Restarting fixes it temporarily.,Application,train,4,train,4,train,4,test
IM0034881,B_event_log,Customer Onboarding Portal TLS Certificate Expired. Support engineer observed 'PKIX path validation failed: certificate expired' errors in logs related to the customer onboarding portal.,Application,test,5,train,5,test,5,train
IM0034888,B_event_log,Customer Onboarding Portal Error. I can't enter the amount on the customer onboarding portal because it shows an error.,Application,train,4,train,4,test,4,train
IM0034890,B_event_log,"Document Management System Import Job Failure. A nightly import job for the document management system failed on record 1,204 of the interface file due to an invalid date format.",Application,test,3,train,3,train,3,train
IM0034891,B_event_log,Internet Banking Portal Authentication Failures. Authentication failures spiked to 100% on the Internet Banking portal starting since morning.,Application,train,5,train,5,train,5,train
IM0034910,B_event_log,CRM Client-Records Scheduler Job Ended with Return Code 8. Automated alert: CRM client-records system job chain for SBA000288 failed with return code 8 at 02:14.,Application,train,4,train,4,train,4,train
IM0034967,B_event_log,Document Management System Stopped. The document management system stopped working due to maintenance.,Application,train,4,train,4,train,4,train
IM0034975,B_event_log,"Branch Teller Reports Empty. Today, reports in the branch teller application are missing data, it seems the data wasn't imported.",Application,test,4,train,4,train,4,test
IM0034993,B_event_log,CRM Authentication Failures. Authentication failures increased to 100% on the CRM client-records system.,Application,train,5,test,5,train,5,train
IM0035004,B_event_log,"Teller App TLS Certificate Expired. Support engineer observed 'PKIX path validation failed: certificate expired' when logging into SBA000464, affecting some colleagues.",Application,test,4,train,4,train,4,train
IM0035009,B_event_log,Loan Origination System Error. Loan origination system shows timeout error mostly in the morning.,Application,test,4,train,4,train,4,test
IM0035024,B_event_log,"HR Self-Service Portal Access Denied. I can't access the HR self-service portal today, but it worked yesterday.",Application,train,5,train,5,train,5,train
IM0035030,B_event_log,Slow Profile Load Time. The profile load time for users on APP000005 exceeds 5 minutes due to a 4 GB corrupt roaming profile.,Application,test,4,train,4,train,4,train
IM0035032,B_event_log,TLS Certificate Expired - Mortgage Advisory. Technical observation shows 'PKIX path validation failed: certificate expired' in logs for SUB000479 when trying to connect to backend.,Application,train,4,test,4,train,4,train
IM0035061,B_event_log,Workstation Applications Not Starting. My application won't open; my security software says it's blocked.,Application,train,4,train,4,train,4,train
IM0035069,B_event_log,Branch Teller Application SSL Issue. The branch teller application keeps showing 'Your connection is not private'. This started happening this morning.,Application,train,4,train,4,test,4,train
IM0035072,B_event_log,Document Submission Locking Issue. Support engineer noticed that the document submission field is locked immediately after submission.,Application,test,4,train,4,train,4,train
IM0035073,B_event_log,"CRM Search Timeout Issue. When searching for customer records, it takes more than a minute and sometimes fails.",Application,train,4,train,4,train,4,train
IM0035079,B_event_log,HR Self-Service Portal Error Rate. 15% of HR self-service portal requests fail with timeout errors during peak hours.,Application,test,4,test,4,train,4,train
IM0035085,B_event_log,Workstation Application Not Starting. The application won't open anymore; I got a message from my security software.,Application,train,5,test,5,test,5,train
IM0035091,B_event_log,HR Self-Service Portal Login Issues. Colleagues cannot log into the HR self-service portal; being redirected back to the login page.,Application,test,4,train,4,train,4,train
IM0035129,B_event_log,Internet Banking Slowdown. Opening records in Internet Banking portal takes long time and sometimes freezes. Restarting helps but the slowdown returns.,Application,train,4,train,4,test,4,train
IM0035133,B_event_log,Loan Origination System Date Field Locking. I can't change the date after submitting a loan application on the loan origination system. This might be a bug.,Application,train,4,train,4,train,4,train
IM0035151,B_event_log,Cash Device Error - CBD000305. Branch cash machines show an error message and stop working.,Hardware,test,2,train,2,train,2,train
IM0035190,B_event_log,Branch Teller Application Printing Error. We can't print the overview anymore after the update. It worked before.,Application,test,4,test,4,train,4,train
IM0035198,B_event_log,High Authentication Failures on WBA000133. Branch teller application authentication failures reached 100% since morning.,Application,train,4,train,4,train,4,train
IM0035205,B_event_log,Document Management System Synthetic Transaction Failure. Automated alert: Document management system synthetic transaction fails at step 3 due to latest deployment.,Application,train,4,train,4,test,4,train
IM0035208,B_event_log,"Teller Application Timeouts. The branch teller app stops working during peak hours, causing delays for some colleagues.",Application,train,4,train,4,train,4,test
IM0035219,B_event_log,"Document Management Search Time Exceeds. When searching for customers, it takes longer than usual and sometimes fails during busy times.",Application,train,4,train,4,train,4,test
IM0035220,B_event_log,High Processor Queue Length on SBA000834. Performance alert: processor queue length high on SBA000834.,Application,train,4,test,4,train,4,train
IM0035225,B_event_log,"Risk Reporting Dashboard Sluggishness. When I try to open a record on the risk reporting dashboard, it takes forever and sometimes the page freezes. Restarting fixes it temporarily.",Application,train,4,train,4,train,4,train
IM0035227,B_event_log,"High Query Time on SBA000459. Database alert: Average query time over 30 seconds, sessions waiting on I/O.",Application,train,4,train,4,test,4,train
IM0035279,B_event_log,Risk Reporting Dashboard Unavailable. The risk reporting dashboard is not working since the server reboot yesterday.,Application,test,3,test,3,train,3,test
IM0035282,B_event_log,"Loan Origination Kerberos Handshake Failure. Kerberos/SSO handshake failed on loan origination system (WBA000058) since morning, preventing users from logging in.",Application,train,4,train,4,train,4,train
IM0035289,B_event_log,Customer Onboarding Portal Data Integrity Issue. Data-quality check on SBA000427 found 312 records failing referential integrity for the customer onboarding portal.,Application,train,3,train,3,test,3,test
IM0035302,B_event_log,HR Self-Service Print Error. We can't print the overview anymore after the new HR self-service update; it worked before.,Application,train,4,train,4,train,4,train
IM0035325,B_event_log,CRM System Slows Down and Freezes. Our CRM system becomes slower throughout the day and stops working when we try to look at client records. Restarting it helps for a bit.,Application,train,4,train,4,test,4,train
IM0035326,B_event_log,HR Self-Service Portal Scheduler Error. Scheduler alert: Job chain for HR self-service portal on WBA000103 ended with return code 8 at 02:14 after upstream system change.,Application,test,4,train,4,train,4,train
IM0035337,B_event_log,Loan Origination System Printing Error. We can't print the loan overview anymore since the update; it worked before.,Application,train,3,train,3,train,3,train
IM0035339,B_event_log,SAP Finance Posting Dump. I can't post transactions in SAP Finance anymore; it ends with a dump since last night's transport.,Application,train,5,train,5,train,5,test
IM0035366,B_event_log,Access Denied on Risk Reporting Dashboard. I can't access the risk reporting dashboard today. Other colleagues are having the same issue.,Application,train,4,test,4,train,4,test
IM0035367,B_event_log,"Payments search timeout issue. When searching for customers, the payments processing service takes over a minute and sometimes fails.",Application,test,4,train,4,train,4,train
IM0035384,B_event_log,Slow Payments Processing Service. The payments processing service on SBA000033 is taking too long to respond. This happened after a full antivirus scan.,Application,train,4,train,4,test,4,train
IM0035402,B_event_log,TLS Handshake Failures on Customer Onboarding Portal. Interface monitor reported TLS handshake failures between SBA000295 and backend since midnight.,Application,train,3,train,3,train,3,train
IM0035403,B_event_log,Teller App Response-Time Degradation. Transactions are slowing down and eventually stopping after each restart.,Application,train,,not used,,not used,,not used
IM0035419,B_event_log,"Query Plan Issue on Customer Onboarding Portal. A full table scan was executed on the transactions table for the search query, changing the execution plan. Observed during peak usage.",Application,train,5,train,5,train,5,test
IM0035426,B_event_log,Batch Job Aborted Due to Missing File. A nightly batch job on configuration item SUB000456 was aborted due to an 'input file not found'. The interface file from the upstream system was missing.,Application,train,4,train,4,train,4,train
IM0035446,B_event_log,Cash Device Error - CBD000260. Customers can't use the cash machine because it shows an error message and stops working.,Hardware,train,2,train,2,train,2,train
IM0035469,B_event_log,HR Self-Service Portal Not Private. The HR self-service portal displays 'your connection is not private' since midnight.,Application,train,4,train,4,train,4,train
IM0035476,B_event_log,Mortgage Advisory Application Certificate Expired. The mortgage advisory application logs showed a 'PKIX path validation failed: certificate expired' error when accessing the backend.,Application,test,4,train,4,train,4,train
IM0035490,B_event_log,"Customer Onboarding Portal Slowness. The customer onboarding portal is very slow and often hangs, especially after month-end high usage.",Application,test,4,train,4,train,4,train
IM0035556,B_event_log,"Payments Service Display Inconsistency. In the payments processing service, amounts shown on the overview page are rounded differently from those in the detail screen.",Application,train,4,train,4,train,4,test
IM0035560,B_event_log,High DB Connection Pool Stuck. Active DB connections from WBA000058 reached the maximum of 50 and were not being released; this caused timeouts in the mortgage advisory application.,Application,train,4,train,4,train,4,train
IM0035564,B_event_log,Bulk Import Address Overwrite. A bulk import operation overwrote address fields with incorrect data from the wrong column for some customers.,Application,train,4,train,4,train,4,train
IM0035579,B_event_log,Mortgage Advisory Application Outdated Data. The mortgage advisory application displays old data from the previous day. The overnight update didn't occur.,Application,train,4,train,4,train,4,train
IM0035651,B_event_log,"CRM Client-Records System Error. The CRM system displays 'Your connection is not private', affecting some colleague's access.",Application,train,4,train,4,train,4,train
IM0035740,B_event_log,"Database Connection Pool Exhaustion. Active DB connections from SBA000462 stuck due to exhaustion during peak business hours, leading to timeouts on the HR self-service portal.",Application,train,4,test,4,train,4,train
IM0035762,B_event_log,"Branch Teller Application Data Saving Issues. Saving data in the branch teller app doesn't work sometimes, then it starts working after a while.",Application,train,4,test,4,train,4,train
IM0035774,B_event_log,Account Locking Issue. I can't access my account every morning because it locks even when I enter the right password.,Application,train,5,train,5,train,5,test
IM0035784,B_event_log,CRM Client-Records System Batch Job Aborted. A batch job on configuration item SBA000045 was aborted due to an 'input file not found' error; the upstream system's interface file was missing.,Application,train,3,train,3,train,3,train
IM0035792,B_event_log,High Authentication Failures on Mortgage Advisory Application. Authentication failures reached 100% for the mortgage advisory application on configuration item SUB000456 at 07:30.,Application,train,4,test,4,test,4,train
IM0035810,B_event_log,"High DB Connection Pool Stuck Issues. Support engineer observed that active DB connections from WBA000094 were stuck at the pool maximum, causing timeouts in the CRM client-records system.",Application,train,4,train,4,test,4,train
IM0035812,B_event_log,Document Management System Sluggishness. Opening documents takes too long and the screen freezes occasionally. Restarting fixes it temporarily.,Application,train,5,test,5,train,5,train
IM0035813,B_event_log,Internet Banking Portal TLS Certificate Expired. Support engineer observed a 'PKIX path validation failed: certificate expired' error when attempting to access the backend of the Internet Banking portal.,Application,test,5,test,5,train,5,test
IM0035816,B_event_log,SAP Procurement Dump Error. Technical observation of short dumps SYNTAX_ERROR in SAP procurement on SAP000003 due to an inconsistent transport.,Application,train,3,train,3,train,3,train
IM0035817,B_event_log,Cannot Send Emails. I can't send emails anymore. They all stay in my outbox.,Application,test,4,test,4,test,4,train
IM0035835,B_event_log,"Mortgage Advisory Application Sluggishness. The mortgage advisory application is very slow, with screens taking too long to load and frequently freezing.",Application,train,5,train,5,test,5,train
IM0035837,B_event_log,Customer Onboarding Portal Slowdown. The onboarding portal takes longer to load and freezes when trying to view client records. Restarting it fixes it temporarily.,Application,train,5,train,5,train,5,train
IM0035858,B_event_log,Internet Banking Portal Unavailable. The Internet Banking portal is not working since Monday morning.,Application,train,4,test,4,train,4,train
IM0035868,B_event_log,"Loan Origination System Data Missing. Today, reports in the loan origination system are blank, it seems like the data wasn't loaded.",Application,train,4,train,4,test,4,train
IM0035907,B_event_log,"Empty payment export. When exporting from the payments service, the generated file is blank.",Application,train,5,test,5,train,5,train
IM0035908,B_event_log,"Loan Origination System Field Locking. Support engineer observed that the field in the loan origination system locks after submission, contrary to user expectations.",Application,test,4,test,4,test,4,test
IM0035921,B_event_log,HR Self-Service Portal Address Mismatch. The client addresses shown on the HR self-service portal are incorrect for many customers; they are listed under the old address.,Application,train,5,test,5,train,5,train
IM0035926,B_event_log,SAML Signature Validation Issue. Branch teller application SAML responses are being rejected due to an invalid signature caused by a mismatched token-signing certificate.,Application,train,4,train,4,train,4,train
IM0035957,B_event_log,High Authentication Failures for Mortgage Advisory App. Authentication issues spiked to 100% for the mortgage advisory application.,Application,test,3,test,3,train,3,train
IM0035959,B_event_log,CRM Client-Records System Certificate Issue. The CRM client-records system shows 'your connection is not private'. This happened since midnight when the TLS certificate expired.,Application,train,4,train,4,test,4,test
IM0035981,B_event_log,CRM Client-Records System Error After Update. We can't print the overview of client records anymore since the recent update. It worked before.,Application,train,4,train,4,train,4,train
IM0035988,B_event_log,Loan Origination System Data Quality Issue. Data quality check on WBA000144 shows 312 records failing referential integrity.,Application,test,3,train,3,test,3,train
IM0036003,B_event_log,Risk Reporting Dashboard Export Empty. I can't download reports from the risk dashboard. My colleagues have similar issues.,Application,test,4,train,4,train,4,test
IM0036008,B_event_log,SSO Handshake Failure on Risk Reporting Dashboard. The Kerberos/SSO handshake for the risk reporting dashboard on configuration item SUB000455 fails due to an expired ADFS token-signing certificate.,Application,train,4,train,4,train,4,test
IM0036013,B_event_log,CRM Database Query Time High. Alert: Average query time on SUB000539 exceeded 30 seconds during peak usage.,Application,train,4,train,4,train,4,train
IM0036034,B_event_log,"Account locks out daily. My account gets locked every morning, but I type the right password.",Application,train,4,train,4,train,4,test
IM0036047,B_event_log,Document Management System Slowdown. Opening documents in the system is very slow and sometimes the screen freezes. Restarting helps but the problem comes back.,Application,train,4,test,4,train,4,train
IM0036079,B_event_log,"CRM Client-Records System Connection Pool Exhaustion. Technical observation shows application logs indicate 'Cannot get a connection, pool exhausted' due to full connections and timeout issues.",Application,train,4,train,4,train,4,train
IM0036097,B_event_log,Customer Onboarding Portal Scheduler Alert. Scheduler alert: job chain ended with return code 8 after upstream system change.,Application,train,4,train,4,test,4,train
IM0036102,B_event_log,"Mortgage Advisory Application Connection Pool Issue. Support engineer observed active DB connections from WBA000144 stuck at pool maximum, causing timeouts in the mortgage advisory application.",Application,train,,not used,,not used,3,train
IM0036111,B_event_log,"Internet Banking Slowdown. Our Internet Banking portal is very slow today, especially since we updated the monitoring agent.",Application,train,3,train,3,train,3,test
IM0036122,B_event_log,"High Query Times Blocking Payments Service. Database alert: SBA000805 average query time over 30 seconds, sessions waiting on I/O.",Application,train,3,train,3,train,3,train
IM0036166,B_event_log,Login Issues for Payments Processing. People can't access the payments processing service; they're redirected to the login page again after inputting their username and password.,Application,test,4,train,4,train,4,test
IM0036194,B_event_log,"HR Self-Service Portal Login Issue. Can't access HR self-service portal; after typing username and password, redirected back to login page.",Application,train,4,train,4,train,4,train
IM0036239,B_event_log,"High Query Time on Mortgage Advisory. Alert: Average query time exceeds 30 seconds, causing session wait times on database SBA000360.",Application,train,5,train,5,test,5,test
IM0036241,B_event_log,Mortgage Advisory Application Failure. Automated alert: synthetic transaction fails on SBA000360 at step 3 post-new deployment.,Application,train,5,test,5,test,5,train
IM0036246,B_event_log,Branch Network Drops. Our branch's network connection frequently disconnects for a few seconds.,Network,train,,not used,,not used,3,test
IM0036248,B_event_log,Customer Onboarding Portal Response Time Degradation. Automated monitoring alerted that transactions are degrading steadily after each restart until the application stops responding.,Application,train,3,train,3,train,3,train
IM0036264,B_event_log,"Bulk Import Address Field Overwrite. During a bulk import, the address fields were incorrectly overwritten with values from the wrong column for some customers.",Application,test,4,train,4,train,4,train
IM0036303,B_event_log,Scheduled Task Locks Service Account. A scheduled task on WBA000133 still uses the old password after a change.,Application,train,4,train,4,train,4,train
IM0036308,B_event_log,CRM Client-Records System Timeout. The CRM client-records system is slow to respond during the morning peak times.,Application,train,4,train,4,train,4,test
IM0036309,B_event_log,Teller Application Function Misuse. The branch teller application is showing incorrect use of a function leading to some colleagues experiencing issues.,Application,train,4,train,4,train,4,train
IM0036311,B_event_log,Risk Reporting Dashboard Scheduler Alert. Automated monitoring alert: job chain for the risk reporting dashboard on SBA000026 ended with return code 8.,Application,train,4,test,4,train,4,train
IM0036312,B_event_log,Loan Origination System Slow. Searching for customer information in the loan origination system takes more than a minute and sometimes fails.,Application,train,4,train,4,train,4,train
IM0036325,B_event_log,Printer Not Printing. My documents don't come out of the printer; they stay in the queue.,Hardware,test,4,test,4,test,4,test
IM0036326,B_event_log,Duplicate Contracts on Risk Reporting Dashboard. The risk reporting dashboard displays duplicate contracts for the same customer.,Application,train,4,train,4,train,4,train
IM0036327,B_event_log,HR Self-Service Request Approval Button Missing. I can't see where to approve a request on the HR self-service portal. The approve button appears to be gone.,Application,test,4,train,4,test,4,train
IM0036349,B_event_log,Branch Teller Application Timeouts. The branch teller app times out during peak hours.,Application,test,4,test,4,train,4,train
IM0036386,B_event_log,Document Management System Overview Rounding Issue. The amounts shown on the document management system overview page are rounded differently from those on the detail page.,Application,train,4,train,4,train,4,train
IM0036403,B_event_log,"Document Management System Error. The document management system displays an error page indicating the request has timed out, especially in the mornings during busy times.",Application,train,5,train,5,test,5,train
IM0036407,B_event_log,"Account Locking After Password Change. Every morning, my loan account locks automatically, despite entering the correct password.",Application,train,4,train,4,test,4,train
IM0036416,B_event_log,HR Self-Service Portal Error Rate. Error rate alert: 15% of HR self-service portal requests time out during peak hours.,Application,test,4,train,4,train,4,train
IM0036433,B_event_log,HR Self-Service Portal Scheduler Alert. Scheduler alert: job chain for HR self-service portal on WBA000011 ended with return code 8 at 02:14.,Application,train,5,train,5,train,5,test
IM0036488,B_event_log,TLS Certificate Expired Issue. Support engineer observed 'PKIX path validation failed: certificate expired' when accessing the backend of the customer onboarding portal.,Application,train,4,train,4,train,4,test
IM0036499,B_event_log,High CPU Utilization on Payments Service. Automated alert: CPU usage at 100% for 45 mins on SBA000295.,Application,train,4,test,4,train,4,train
IM0036527,B_event_log,"Scheduled Task Locking Payments Service Account. A scheduled task on configuration item WBA000018 is still using an old password post-password change, causing some colleagues to experience issues with payments processing.",Application,train,4,train,4,train,4,train
IM0036550,B_event_log,"HR Self-Service Portal Address Mismatch. Some employees notice that client addresses in the HR self-service portal are incorrect, sending them to old addresses.",Application,train,4,train,4,test,4,test
IM0036557,B_event_log,Workstation Application Quarantine. Endpoint agent quarantined an application's DLL due to a false positive after a policy update.,Application,train,4,train,4,train,4,train
IM0036574,B_event_log,Loan Origination System Validation Error. Engineer observed a NullPointerException in the new validation module on WBA000144 since the latest application release.,Application,train,5,train,5,train,5,test
IM0036579,B_event_log,"TLS Handshake Failures on HR Portal. Interface monitor alerts: TLS handshake failures since 00:00, impacting a small group of users.",Application,train,4,train,4,test,4,train
IM0036610,B_event_log,"Slow CRM Client-Records System. Since morning, our CRM client-records system has been very slow on SBA000427.",Application,train,3,train,3,train,3,test
IM0036642,B_event_log,Access Denied on Mortgage Advisory Application. I can't open the mortgage advisory application now. It worked yesterday but I get 'access denied'.,Application,test,4,train,4,train,4,train
IM0036658,B_event_log,Payments Processing Service Slowdown. The payments processing service is extremely slow and freezes frequently. Only I am experiencing this issue.,Application,train,5,test,5,train,5,train
IM0036687,B_event_log,Access Denied on Risk Reporting Dashboard. I can't open the risk reporting dashboard now. It says 'access denied'. I could see it yesterday.,Application,test,5,train,5,train,5,train
IM0036688,B_event_log,AWR Report Execution Plan Issue. Support engineer observed a full table scan on the transactions table due to an inefficient query plan after a large data load.,Application,train,4,train,4,train,4,train
IM0036698,B_event_log,"Database Storage Multipath Alert. Automated alert: 2 out of 4 paths down, causing increased I/O latency.",Infrastructure,train,,not used,,not used,3,test
IM0036705,B_event_log,Internet Banking Function Incorrect Use. No errors found in SBA000462 logs; observed that incorrect function usage led to confusion.,Application,test,4,test,4,train,4,test
IM0036720,B_event_log,Customer Onboarding Portal Export Empty. I tried to export data but got an empty file.,Application,train,5,train,5,train,5,test
IM0036725,B_event_log,"Loan Origination System Duplicates. When creating new loans, the system lists the same contract more than once for the same customer.",Application,train,5,train,5,train,5,train
IM0036760,B_event_log,Scheduled Task Locking Account. A scheduled task on WBA000049 is locking the HR self-service portal account with stale credentials after a password change.,Application,train,3,train,3,train,3,train
IM0036762,B_event_log,Bulk Import Address Data Corruption. A bulk import on WBA000068 incorrectly wrote address field values from the wrong column for some customers.,Application,train,4,train,4,test,4,train
IM0036788,B_event_log,Password Lockout Due to Stale Credentials. A scheduled task on SUB000534 still uses the old password after a change.,Application,train,3,train,3,test,3,train
IM0036791,B_event_log,Internet Banking Address Mismatch. The client addresses on the Internet Banking portal are incorrect; they are still showing old addresses.,Application,test,4,train,4,test,4,train
IM0036815,B_event_log,"Loan Origination System SAML Signature Error. SAML responses for the loan origination system are being rejected due to an invalid signature, indicating that the IdP token-signing certificate no longer matches the configuration.",Application,train,5,test,5,test,5,train
IM0036821,B_event_log,Incorrect Client Addresses in Risk Reporting Dashboard. The client addresses shown on the risk reporting dashboard are incorrect for some customers; they are showing old addresses.,Application,train,4,train,4,train,4,train
IM0036833,B_event_log,"Mortgage Advisory Application Slowdown. The mortgage advisory application is extremely slow, taking a long time to load basic screens and frequently hanging.",Application,train,4,train,4,train,4,train
IM0036843,B_event_log,High Authentication Failures in Mortgage Advisory. Authentication issues spiked to 100% on mortgage advisory application at 07:30.,Application,train,4,test,4,train,4,test
IM0036846,B_event_log,"Customer Onboarding Portal API Payload Issue. A regression occurred in the customer onboarding portal's API call, causing the frontend on WBA000058 to fail in parsing the new payload.",Application,train,4,test,4,train,4,train
IM0036854,B_event_log,Published Desktop Hangs. My desktop doesn't log on anymore and stays on the welcome screen.,Application,train,4,train,4,train,4,test
IM0036898,B_event_log,Risk Reporting Dashboard Slows Down. The risk reporting dashboard becomes slower during business hours and freezes when trying to view client records. Restarting it temporarily resolves the issue.,Application,train,4,train,4,test,4,train
IM0036899,B_event_log,High HR Self-Service Portal Authentication Failures. Authentication issues spiked to 100% at 07:30 for the HR self-service portal.,Application,train,4,test,4,train,4,train
IM0036912,B_event_log,TLS Handshake Failures - CRM Client-Records System. Interface monitor reported TLS handshake failures between SUB000456 and backend since midnight.,Application,train,4,train,4,train,4,train
IM0036932,B_event_log,HR Self-Service Portal Missing Approval Button. I can't see the button to approve a request on the HR self-service portal; it looks like it's gone.,Application,test,4,train,4,test,4,train
IM0036936,B_event_log,"Internet Banking Portal Hang. Long garbage-collection pauses and old-gen heap growth were observed on SBA000811 leading to frequent freezes of the Internet Banking portal, affecting some colleagues.",Application,train,4,train,4,train,4,train
IM0036939,B_event_log,Risk Reporting Dashboard TLS Issues. Interface monitor detected TLS handshake failures on risk reporting dashboard since midnight.,Application,train,4,train,3,train,5,test
IM0036955,B_event_log,Slow Branch Teller Application. Our branch teller app is very slow since morning.,Application,train,3,train,3,train,3,train
IM0036958,B_event_log,Risk Reporting Dashboard Unable to Save Records. We can't add new risk reports because the dashboard shows an error when trying to save.,Database,train,4,train,4,train,4,test
IM0036966,B_event_log,Risk Reporting Dashboard Timeout. Log monitoring alerts 'Timeout waiting for idle object' on SBA000540. This impacts one team.,Application,train,3,train,3,train,3,train
IM0036969,B_event_log,"Customer Onboarding Portal Slow Performance. It takes longer than usual to search for customers in the onboarding portal, sometimes timing out.",Application,train,4,train,4,train,4,train
IM0036985,B_event_log,"Payments Processing Slow. Database alert: Average query time over 30 seconds, sessions waiting on I/O.",Application,train,4,train,4,train,4,train
IM0037007,B_event_log,"Mortgage Advisory Application Slow. Since morning, the mortgage advisory application on SBA000063 is extremely slow. Only I notice this issue.",Application,train,5,test,5,train,5,train
IM0037037,B_event_log,"Risk Reporting Dashboard API Payload Parsing Issue. Regression observed in the risk reporting dashboard where the API call’s payload changes in the new release, causing frontend on DTA000060 to fail parsing.",Application,train,5,test,5,train,5,train
IM0037044,B_event_log,Loan Origination Scheduler Job Failure. Scheduler alert: job chain for loan origination system on WBA000044 ended with return code 8 at 02:14.,Application,train,3,train,3,train,3,test
IM0037053,B_event_log,"Risk Reporting Dashboard Hang. Thread dumps show blocked threads in garbage collection, leading to continuous memory usage increase and dashboard hang.",Application,train,4,train,4,train,4,train
IM0037057,B_event_log,"Network Drops in Branch. Our network connection is dropping for a few seconds, causing our applications to disconnect.",Network,train,3,test,3,train,3,train
IM0037099,B_event_log,Branch Teller Login Issue. People cannot log into the branch teller app. We keep being asked to try again.,Application,test,3,test,3,train,3,train
IM0037115,B_event_log,Dashboard Application Service Failure. The risk reporting dashboard application service failed to start after a patch reboot due to its dependent database service not being available.,Application,train,3,train,3,train,3,train
IM0037125,B_event_log,SAN Path Degradation. Fibre-channel port errors detected on DCE000077's switch port; multipathing shows degraded paths and high latency.,Infrastructure,test,3,train,3,test,3,test
IM0037139,B_event_log,Laptop Won't Start - Black Screen. My laptop won't turn on; all I see is a black screen with a blinking cursor.,Hardware,test,5,train,5,test,5,train
IM0037144,B_event_log,Branch Teller Application Login Issues. I can't log into the branch teller application anymore; I'm redirected back to the login page.,Application,train,5,train,5,train,5,train
IM0037152,B_event_log,Account Locked by Stale Credentials. I can't access my account because my password locks me out every morning.,Application,train,4,train,4,train,4,train
IM0037168,B_event_log,Internet Banking Portal Unavailable. The Internet Banking portal is not working since Monday morning.,Application,train,4,test,4,test,4,train
IM0037173,B_event_log,"Onboarding Portal Showing 'Your Connection is Not Private'. Today morning, the customer onboarding portal keeps showing 'your connection is not private'.",Application,train,4,train,4,train,4,train
IM0037178,B_event_log,SAP HR Posting Dumps Since Morning. Posting in SAP HR stops working since this morning. Some colleagues can't post anymore.,Application,train,4,train,4,train,4,train
IM0037195,B_event_log,"Submit button not working after upgrade. The 'submit' button doesn't do anything now, and I can't complete my work.",Application,train,4,train,4,test,4,train
IM0037229,B_event_log,SSO Handshake Failure on Document Management System. Kerberos/SSO handshake failed for the document management system on configuration item SUB000456 due to an expired token-signing certificate on the identity provider.,Application,train,4,test,4,train,4,train
IM0037232,B_event_log,Data Quality Check Failed. Data-quality check on SUB000034 reported 312 records failing referential integrity for the payments processing service.,Application,test,3,test,3,train,3,train
IM0037249,B_event_log,Risk Reporting Dashboard Error. Error appears when entering amount on the risk reporting dashboard.,Application,train,4,train,4,train,4,train
IM0037277,B_event_log,"HR Self-Service Submit Button Nonfunctional. Since the new HR self-service portal version was installed, the submit button doesn't work anymore, and we can't complete our tasks.",Application,test,4,test,4,train,4,train
IM0037286,B_event_log,Risk Reporting Dashboard Data Rounding Issue. The amounts shown on the overview page of the risk reporting dashboard are rounded differently compared to those on the detail page.,Application,train,5,train,5,train,5,train
IM0037288,B_event_log,Submit button issue. The submit button on the Internet Banking portal doesn't work anymore since the new version was installed.,Application,train,3,train,3,train,3,train
IM0037294,B_event_log,"Loan Origination System Error. The loan origination system shows an error page stating the request timed out, especially in the mornings.",Application,test,5,train,5,train,5,train
IM0037302,B_event_log,"Document Management System Error. The document management system sometimes shows an error page saying the request timed out, especially in the morning.",Application,train,4,test,4,test,4,train
IM0037305,B_event_log,Document Management System Job Chain Failed. Scheduler alert: Document management system job chain on WBA000058 ended with return code 8.,Application,train,4,test,4,train,4,test
IM0037342,B_event_log,Loan Origination System TLS Handshake Failures. Interface monitor reported TLS handshake failures between WBA000011 and backend since midnight due to certificate expiration.,Application,train,5,train,5,train,5,train
IM0037345,B_event_log,Branch Teller Application Print Error. We can't print the branch teller application overview anymore; it used to work last week.,Application,train,5,train,5,train,5,train
IM0037350,B_event_log,"High Query Time on Document Management System. Alert: Database alert on SBA000462: average query time over 30 seconds, sessions waiting on I/O.",Application,train,4,train,4,test,4,train
IM0037368,B_event_log,CRM SSO Handshake Failure. Kerberos/SSO handshake for CRM client-records system on WBA000011 fails; application cannot validate tokens from ADFS.,Application,test,5,test,5,train,5,test
IM0037373,B_event_log,Internet Banking Portal Synthetic Transaction Failure. An automated alert reports that a synthetic transaction for the Internet Banking portal on configuration item WBA000124 fails at step 3 after the weekend release.,Application,train,4,train,4,train,4,train
IM0037378,B_event_log,SQL Blocking Session Issue. The mortgage advisory application search query is performing a full table scan due to outdated optimizer statistics.,Application,test,5,train,5,test,5,test
IM0037387,B_event_log,Customer Onboarding Portal Authentication Failures. Authentication issues spiked to 100% on customer onboarding portal CBA000014 after identity provider certificate rollover.,Application,train,,not used,,not used,3,train
IM0037411,B_event_log,Document Management System Slowdown. The document management system is slower during the day and sometimes freezes when opening client records.,Application,train,4,train,4,test,4,train
IM0037412,B_event_log,Scheduled Task Lockout Due to Stale Credentials. A scheduled task using an old password locked out an account in production environment.,Application,train,4,test,4,train,4,test
IM0037427,B_event_log,"High CPU usage affecting teller application. A process on SUB000113 was using 98% CPU in a tight loop, starving other services; only I experienced this issue.",Application,train,5,train,5,train,5,train
IM0037436,B_event_log,Payments Service Address Mismatch. Addresses for some client accounts are being sent incorrectly; letters are going to old addresses instead of current ones.,Application,train,4,train,4,train,4,train
IM0037467,B_event_log,"Loan Origination System Slowdown. The loan origination system is very slow, screens take ages to load and it freezes often.",Application,train,4,train,4,train,4,test
IM0037521,B_event_log,Risk Reporting Dashboard Timeout. The risk reporting dashboard takes too long to load during mornings when many users are accessing it.,Application,test,4,test,4,test,4,train
IM0037532,B_event_log,Customer Onboarding Portal Data Lag. The customer onboarding portal displays outdated data; the overnight update didn't occur.,Application,train,4,test,4,test,4,test
IM0037540,B_event_log,Internet Banking Portal Hang. Thread dumps show blocked threads in garbage collection; memory usage continues to climb until portal hangs.,Application,train,4,train,4,train,4,train
IM0037544,B_event_log,NullPointerException in CRM Client-Records System. Support engineer observed a Stack trace showing a NullPointerException in the new validation module of the CRM client-records system.,Application,train,4,test,4,test,4,train
IM0037553,B_event_log,SAML Signature Issue on Customer Onboarding Portal. The SAML responses for the customer onboarding portal are being rejected with 'invalid signature' due to mismatched token-signing certificates.,Application,train,4,train,4,train,4,train
IM0037555,B_event_log,"SMART Failure on Employee Laptop. The support engineer observed SMART failure on LAP001837, preventing the operating system from loading.",Hardware,train,5,train,5,train,5,train
IM0037560,B_event_log,CRM Client-Records System Access Denied. I can't open the CRM client-records system today even though I logged in yesterday. Only I am having this problem.,Application,test,5,train,5,train,5,train
IM0037589,B_event_log,CRM Client-Records System Slowdown. Automated alert: CRM client-records system slow with high heap usage and long response times.,Application,test,5,train,5,train,5,test
IM0037593,B_event_log,Missing Approval Button in Payments. Cannot locate approval button for requests in payments processing service; colleague reports similar issue.,Application,train,4,train,4,train,4,test
IM0037617,B_event_log,Payments Service Error. I can't enter an amount on the payments processing service. Now it says there's an error.,Application,train,4,train,4,train,4,test
IM0037631,B_event_log,Laptop Won't Start. My laptop won't turn on and only shows a black screen with a blinking cursor.,Hardware,test,5,train,5,train,5,train
IM0037639,B_event_log,Application Won't Start After Policy Update. My work application won't open anymore. I get a message saying my security software has blocked it.,Application,test,,not used,,not used,3,test
IM0037643,B_event_log,"API Payload Parsing Issue. The CRM client-records system's API call has changed its payload in the recent release, causing issues with parsing on DTA000302.",Application,train,4,train,4,train,4,train
IM0037653,B_event_log,"Risk Reporting Dashboard Login Issue. Employees cannot log into the risk reporting dashboard; after entering their credentials, they are redirected to the login page.",Application,train,5,train,5,train,5,train
IM0037696,B_event_log,Payments Service Error. I can't enter the payment amount because it shows an error.,Application,test,5,train,5,train,5,test
IM0037700,B_event_log,Teller Application TLS Certificate Expired. A support engineer observed that logs showed 'PKIX path validation failed: certificate expired' while trying to connect to the backend of the branch teller application.,Application,train,4,test,4,train,4,test
IM0037705,B_event_log,Document Management System Response Time Degradation. Transactions slow down and eventually stop working after each restart. Application response time deteriorates.,Application,test,4,train,4,test,4,train
IM0037706,B_event_log,SAN000182 Data Volume Slow. All systems accessing data stored on SAN000182 are running very slowly.,Storage,test,4,train,4,train,4,test
IM0037739,B_event_log,Branch Printer Offline After Driver Update. Printing stopped working and the printer is showing offline after updating the driver.,Hardware,train,5,train,5,train,5,train
IM0037767,B_event_log,"Address field overwrite during bulk import. During a bulk import on WBA000008, the address fields were overwritten with values from the wrong column for some customers.",Application,test,5,test,5,test,5,test
IM0037775,B_event_log,CRM Application Sessions Rejected. New sessions to the published CRM application are being rejected.,Application,train,4,train,4,test,4,train
IM0037781,B_event_log,Batch Job Aborted - Customer Onboarding Portal. A nightly batch job on configuration item SUB000424 was aborted due to an 'input file not found'. The interface file from the upstream system was missing.,Application,train,5,test,5,train,5,test
IM0037791,B_event_log,HR Self-Service Portal Address Errors. Client addresses shown incorrectly on the HR self-service portal; letters sent to old addresses.,Application,test,4,train,4,train,4,train
IM0037800,B_event_log,CRM Client-Records System Error. The CRM client-records system displays 'your connection is not private' since this morning.,Application,train,4,train,4,train,4,train
IM0037813,B_event_log,Loan Origination System Connection Pool Issue. Active DB connections from WBA000058 stuck at the pool maximum; requests queue and the loan origination system returns timeouts.,Application,test,4,train,4,train,4,train
IM0037816,B_event_log,Print Error after New Version. We can't print the overview anymore since the update. It worked last week.,Application,train,3,train,3,test,4,train
IM0037817,B_event_log,"Mailbox Not Accepting New Emails. I can't send emails any more, they just sit in my outbox.",Application,train,4,train,4,train,4,test
IM0037825,B_event_log,Internet Banking Scheduler Job Failed. Scheduler alert: job chain for Internet Banking portal on SBA000607 ended with return code 8 at 02:14.,Application,train,5,train,5,train,5,train
IM0037826,B_event_log,Document Management System Locking After Submission. A support engineer observed that the document management system locks fields after submission.,Application,train,4,test,4,train,4,train
IM0037833,B_event_log,Slow Risk Reporting Dashboard. The risk reporting dashboard is very slow and freezes often.,Application,train,4,test,4,train,4,train
IM0037887,B_event_log,"VPN Tunnel Flapping. Site-to-site VPN on ASW000010 is flapping, with 14 down events in the last hour.",Security,train,3,train,3,test,3,test
IM0037893,B_event_log,Internet Banking Data Outdated. My Internet Banking shows old account figures; the update didn't occur overnight.,Application,test,5,test,5,train,5,test
IM0037896,B_event_log,Laptop BitLocker Prompt After Update. My laptop starts up and asks for a BitLocker recovery key.,Hardware,train,5,test,5,train,5,train
IM0037902,B_event_log,CRM Client-Records System Degradation. Transactions become slower after each restart until the system crashes.,Application,train,4,test,4,train,4,train
IM0037912,B_event_log,"CRM Application Freeszes. The CRM application stops working after some time, forcing me to restart my session.",Application,train,4,train,4,train,4,train
IM0037913,B_event_log,"Document Management System Response Time Deterioration. Alert: Transactions degrade after each restart of SBA000462, stopping response.",Application,test,4,train,4,test,4,train
IM0037936,B_event_log,"HR Self-Service Printing Error. When trying to print the overview, we get an error message now; it used to work fine last week.",Application,train,,not used,,not used,3,train
IM0037937,B_event_log,CRM Client-Records System Scheduler Alert. Automated alert: Job chain for CRM client-records system on SUB000424 failed with return code 8 at 02:14 during nightly run.,Application,train,5,test,5,train,5,train
IM0037962,B_event_log,"CRM Client-Records Connection Pool Exhaustion. Application logs indicate 'Cannot get a connection, pool exhausted'. All pool connections are used and new requests time out.",Application,test,4,train,4,test,4,train
IM0037965,B_event_log,Mortgage Advisory Application Data Lag. The mortgage advisory application displays old data from yesterday. My colleagues also have this issue.,Application,train,4,train,4,train,4,train
IM0037969,B_event_log,CRM Client-Records System Synthetic Transaction Failure. An automated alert indicates a failure in the synthetic transaction for SUB000508 in the CRM client-records system.,Application,train,3,train,3,train,3,train
IM0037978,B_event_log,Branch Teller Application Synthetic Transaction Fail. Automated alert: Synth transaction fails on branch teller app on DTA000056 after last night's deployment.,Application,train,3,train,3,train,3,test
IM0037996,B_event_log,"Desktop Load Index High. The load index of worker APP000002 reached 10000, causing new user sessions to be rejected.",Application,train,4,train,4,train,4,train
IM0038006,B_event_log,Duplicate Contracts in Payments Service. I'm seeing extra copies of our contracts for the same customers in the payments process.,Application,train,5,train,5,test,5,train
IM0038031,B_event_log,Workstation Application Not Starting. My work application won't open now; I get a message from my security software.,Application,train,4,train,4,train,4,test
IM0038048,B_event_log,"Account Locking Issue. I can't access my account because it locks every morning, even when I enter the right password.",Application,test,4,train,4,train,4,test
IM0038079,B_event_log,"Payments Service Slowdown. When I try to open a record in the payments service, it takes too long and sometimes the screen freezes. Restarting helps but then it slows down again.",Application,train,3,train,3,train,3,train
IM0038115,B_event_log,Customer Onboarding Portal Error. The customer onboarding portal shows an error when entering the amount.,Application,train,4,test,4,test,4,train
IM0038141,B_event_log,CRM Client-Records System Query Slowdown. Database alert on SUB000456: average query times over 30 seconds due to sessions waiting on I/O.,Application,train,4,train,4,train,4,train
IM0038172,B_event_log,HR Self-Service Portal Slowdown. The HR self-service portal becomes slow and freezes when trying to view client records. Restarting it fixes it temporarily.,Application,test,4,train,4,train,4,train
IM0038193,B_event_log,"Branch Teller Application Slow Customer Search. When searching for customers in the application, it takes longer than usual and sometimes fails.",Application,train,5,train,5,train,5,test
IM0038198,B_event_log,"HR Self-Service Portal API Payload Issue. The HR self-service portal's API call payload has been altered in the new release, causing the frontend on WBA000122 to fail parsing.",Application,test,5,train,5,test,5,train
IM0038199,B_event_log,Submit button issue in Internet Banking. The 'submit' button on the Internet Banking portal doesn't work anymore after the new version was installed.,Application,train,4,train,4,test,4,train
IM0038201,B_event_log,Customer Onboarding Portal Service Account Locked Out. An automated alert indicates that the service account for the customer onboarding portal was locked out six times in one hour.,Application,train,4,train,4,train,4,train
IM0038226,B_event_log,"Loan Origination System Button Not Working. The submit button on the loan origination system stopped working after the new version was installed, making our jobs difficult.",Application,train,3,test,3,train,3,train
IM0038231,B_event_log,"HR Self-Service Submit Button Nonfunctional. Since the new version of the HR self-service portal was launched, when trying to submit forms, the 'submit' button doesn't work, disrupting our workflow.",Application,train,3,train,3,train,3,train
IM0038244,B_event_log,NullPointerException in Mortgage Advisory Application. Support engineer observed a Stack trace showing a NullPointerException in the new validation module after the latest release.,Application,train,5,test,5,train,5,test
IM0038271,B_event_log,"SSO Handshake Failure - HR Portal. Kerberos/SSO handshake fails for HR self-service portal on APP000002, preventing authentication.",Application,train,4,train,4,train,4,train
IM0038282,B_event_log,Branch Teller Login Failure. I can't log into the branch teller app anymore; it keeps asking me for my username and password.,Application,train,4,test,4,train,4,test
IM0038285,B_event_log,"Loan Origination System Timeout. The loan origination system displays an error saying the request timed out, especially in the mornings.",Application,test,5,train,5,train,5,test
IM0038316,B_event_log,Document Management System Login Issue. We can't log into the document management system anymore; we're redirected to the login page after typing our username and password.,Application,train,3,test,3,train,3,train
IM0038322,B_event_log,"Teller App Connection Pool Exhaustion. Application logs indicate that the database connection pool is full, causing new requests to time out.",Application,train,5,train,5,train,5,train
IM0038341,B_event_log,Branch Teller Application Print Error. We can't print the overview anymore after the application update; it worked before.,Application,train,4,test,4,train,4,test
IM0038379,B_event_log,Backup Staging Area Upload Failures. Today's uploads to the backup staging area stopped working. It seems to be related to the unexpected increase in log file sizes.,Storage,train,4,train,4,test,4,test
IM0038384,B_event_log,"Branch Teller Application Slow. The branch teller app is extremely slow and freezes often, affecting only me.",Application,train,5,train,5,train,5,train
IM0038386,B_event_log,High Heap Usage & Response Time Alert. Automated alert: DTA000056 shows heap usage over 95% and long average response times for payments processing service.,Application,train,3,train,3,train,3,train
IM0038400,B_event_log,Customer Onboarding Portal Error. The customer onboarding portal displays 'your connection is not private.' This affects some colleagues.,Application,train,4,train,4,test,4,train
IM0038401,B_event_log,"Risk Reporting Dashboard Login Issue. Colleagues cannot log into the risk reporting dashboard; after entering their credentials, they are redirected to the login page.",Application,train,4,train,4,test,4,test
IM0038403,B_event_log,Teller Application Performance Issues. The branch teller app slows down and freezes when opening client records. Restarting helps for a while.,Application,train,4,train,4,train,4,train
IM0038419,B_event_log,"Document Management System Empty Reports. Today, reports in the document management system are missing all data. It seems that the upstream system's export caused the issue.",Application,train,4,train,4,train,4,train
IM0038458,B_event_log,High CPU Utilization on Loan Origination System. The loan origination system's SBA000812 shows 100% CPU usage for 45 minutes.,Application,test,4,test,4,train,4,test
IM0038468,B_event_log,HR Self-Service Portal Approval Button Missing. I can't see the approve button on the HR self-service portal. It's only supposed to appear in my tasks section.,Application,train,5,train,5,train,5,test
IM0038475,B_event_log,Loan Origination System Certificate Issue. Technical observation: Logs indicate 'PKIX path validation failed: certificate expired' during TLS handshake calls to the backend.,Application,train,3,train,3,train,3,train
IM0038480,B_event_log,"Account Locking Issue. My account keeps locking each morning, despite entering the right password.",Application,train,4,train,4,train,4,test
IM0038497,B_event_log,Payments Date Field Modification Issue. I can't change the payment date after submitting; it appears there's a bug.,Application,train,4,test,4,train,4,train
IM0038501,B_event_log,Document Management System Stoppage. Application service on SBA000054 stopped during monthly patch weekend.,Application,train,3,train,3,train,3,train
IM0038527,B_event_log,Account Locks Every Morning. My account keeps locking each morning despite entering the right password.,Application,train,4,train,4,test,4,train
IM0038647,B_event_log,SAN Path Degradation. Fibre-channel port errors on DCE000077 switch port led to degraded multipathing with high latency.,Infrastructure,train,3,test,3,test,3,test
IM0038648,B_event_log,Customer Onboarding Portal Data Errors. Customer onboarding portal experiencing issues due to referential integrity failures on record DTA000026.,Application,train,5,train,5,train,5,train
IM0038659,B_event_log,Account Lockout After Password Change. Every morning my account locks even if I enter the right password. This happens after we changed our passwords.,Application,test,4,train,4,train,4,train
IM0038673,B_event_log,Error printing risk reporting dashboard. We can't print the risk report from the dashboard now. It showed an error message.,Application,train,4,test,4,test,4,train
IM0038675,B_event_log,"Risk Reporting Dashboard Slow Search. When searching for customers in the risk reporting dashboard, it takes longer than expected and sometimes fails.",Application,train,4,train,4,test,4,train
IM0038687,B_event_log,AWR Report Query Plan Issue. A full table scan on transactions table detected in AWR report for WBA000133 during peak usage; execution plan changed after data load.,Application,train,4,test,4,train,4,test
IM0038698,B_event_log,"Network Drops in Branch. Our network keeps disconnecting for a few seconds, affecting all team members.",Network,train,3,test,3,train,3,test
IM0038699,B_event_log,"Data Center LAN Port Issues. Port on CNT000032 shows late collisions and CRC errors, negotiating half duplex.",Network,test,,not used,,not used,3,test
IM0038727,B_event_log,Access Denied on Risk Reporting Dashboard. I can't open the risk reporting dashboard. Others also can't.,Application,train,4,train,4,test,4,train
IM0038783,B_event_log,"Teller Application Connection Pool Exhaustion. Technical observation shows 'Cannot get a connection, pool exhausted' in application logs on WBA000058; all pool connections are in use and new requests time out.",Application,train,4,train,4,train,4,train
IM0038796,B_event_log,HR Self-Service Portal Unavailable. The HR self-service portal was inaccessible after a patch reboot due to the database service not being ready.,Application,train,5,test,5,train,5,train
IM0038808,B_event_log,Incorrect Client Addresses. The client addresses listed in the loan origination system are outdated for many customers. Letters are being sent to the old addresses.,Application,train,4,train,4,test,4,train
IM0038810,B_event_log,Mortgage amounts rounding difference. Amounts shown in the overview of the mortgage advisory application are rounded differently from those in the detail screen.,Application,test,4,train,4,train,4,train
IM0038828,B_event_log,HR Self-Service Portal Address Mismatch. Client addresses listed incorrectly in the HR self-service portal; letters are being sent to old addresses.,Application,train,3,test,3,test,3,train
IM0038830,B_event_log,Blocking Query on HR Self-Service Portal. Technical observation: AWR report indicates a full table scan on transactions table for a search query due to an inefficient query plan.,Application,train,3,train,3,train,3,train
IM0038836,B_event_log,"Document Management System Error. The document management system often displays an error message saying the request timed out, especially in the morning.",Application,train,4,test,4,train,4,train
IM0038882,B_event_log,High CPU Utilization on CRM Client-Records System. Automated alert: CPU usage at 100% for 45 minutes on SUB000113.,Application,test,4,test,4,train,4,train
IM0038889,B_event_log,Missing Approval Button in Risk Reporting Dashboard. I can't see the button to approve requests on the risk reporting dashboard. My colleagues also can't find it.,Application,train,4,train,4,test,4,test
IM0038954,B_event_log,Loan Origination System Failure. The loan origination system on SBA000173 failed to start after a patch reboot due to a missing database service.,Application,test,3,train,3,train,3,train
IM0038975,B_event_log,TLS Handshake Failures - Risk Reporting Dashboard. Interface monitor alerts: TLS handshake failures between SBA000284 and backend since midnight due to certificate expiration.,Application,train,2,train,2,train,2,train
IM0038977,B_event_log,Branch Cash Device Fault. Device CBD000659 reported card reader fault and failed. This blocks customer transactions.,Hardware,train,2,test,2,test,2,test
IM0038981,B_event_log,"Bulk Import Address Corruption. A bulk import overwrote address fields incorrectly for some customers, affecting our entire team.",Application,test,3,train,3,train,3,train
IM0038993,B_event_log,Internet Banking Search Query Slow. Support engineer noticed top SQL on SBA000607 was performing a full scan due to outdated optimizer statistics.,Application,train,4,train,4,test,4,train
IM0038998,B_event_log,Teller Application Service Failure. Branch teller application stopped working after server reboot.,Application,train,4,train,4,train,4,test
IM0039024,B_event_log,Workstation Application Not Starting. My work application won't open anymore; I get a security warning.,Application,test,4,train,5,train,4,train
IM0039040,B_event_log,"Risk Reporting Dashboard Hangs. Thread dumps indicate blocked threads in garbage collection causing continuous memory usage increase, leading to dashboard hang.",Application,train,4,train,4,train,4,train
IM0039057,B_event_log,Payments Processing Slowdown. The payments processing slows down during the day and freezes when trying to open client records. Restarting the service helps temporarily.,Application,train,3,train,3,test,3,train
IM0039067,B_event_log,"DB Connection Pool Exhaustion. Active DB connections from WBA000009 stuck at the pool maximum, causing timeouts in the document management system.",Application,train,5,train,5,test,5,test
IM0039092,B_event_log,"High CPU usage affecting HR portal. A process on SBA000834 is using 98% CPU in a tight loop, starving other services.",Application,train,4,train,4,train,4,train
IM0039099,B_event_log,HR Self-Service Portal Access Denied. I can't access the HR self-service portal today. It worked yesterday.,Application,train,4,train,4,train,4,test
IM0039115,B_event_log,Workstation Applications Not Starting. The application won't launch because of a security policy update; now our team can't access it.,Application,train,3,test,3,test,3,train
IM0039116,B_event_log,"Empty Mortgage Advisory Application Reports. Today's mortgage reports in the application are blank, as if the necessary data hasn't been loaded.",Application,train,4,test,4,train,4,train
IM0039147,B_event_log,Customer Onboarding Portal Job Failure. Scheduler alert: job chain ended with return code 8.,Application,train,4,train,4,train,4,train
IM0039155,B_event_log,Risk Reporting Dashboard Data Save Errors. Saving data on the risk reporting dashboard sometimes fails with a generic error but works again after a while.,Application,train,4,train,4,train,4,train
IM0039168,B_event_log,Incorrect client addresses in document management. The client addresses shown in our document management system are incorrect for some customers; this means that customer letters are being sent to the wrong addresses.,Application,train,3,train,3,test,3,train
IM0039169,B_event_log,Customer Onboarding Portal Scheduler Job Failure. Scheduler alert: job chain for customer onboarding portal on WBA000058 ended with return code 8 at 02:14 during the nightly run.,Application,train,4,train,4,train,4,train
IM0039198,B_event_log,Document Management System Response Time Degradation. Transactions are slow and eventually stop working after each restart.,Application,train,,not used,,not used,3,test
IM0039202,B_event_log,Slow Search Query After Data Load. The AWR report showed a full table scan on the transactions table for the search query on SBA000360; the execution plan changed after a large data load.,Application,train,5,test,5,train,5,train
IM0039207,B_event_log,HR Self-Service Portal Job Chain Failure. Scheduler alert: job chain for HR self-service portal on WBA000068 ended with return code 8.,Application,test,4,train,4,train,5,test
IM0039219,B_event_log,Mortgage Advisory Application Step 3 Failure. Automated monitoring alert: Synthetic transaction fails at step 3 for mortgage advisory application.,Application,train,4,test,4,train,4,train
IM0039235,B_event_log,"High CPU Usage on CRM System. A process on SBA000460 was using 98% CPU in a tight loop, starving other services.",Application,train,4,train,4,train,4,test
IM0039241,B_event_log,Onboarding Portal Garbage Collection. Long garbage collection pauses on WBA000133 causing customer onboarding portal to freeze.,Application,train,4,train,4,train,4,train
IM0039245,B_event_log,SAP HR ST22 ABAP Error. Support engineer observed an ABAP runtime error (CALL_FUNCTION_NOT_FOUND) in transaction ST22 on configuration item SAP000003 after a transport.,Application,test,4,train,4,train,4,test
IM0039261,B_event_log,Internet Banking Portal Data Outdated. The Internet Banking portal shows old figures from yesterday instead of today’s figures.,Application,train,4,train,4,test,4,test
IM0039279,B_event_log,"Loan Origination System Data Save Errors. Saving loans fails sometimes with no specific message, then it works after a while. This happens during busy times.",Application,train,4,train,4,test,4,train
IM0039292,B_event_log,"Document Management System Alert. Heap usage on WBA000144 exceeded 95% and response times were over 8 seconds, impacting one team.",Application,train,3,train,3,train,3,train
IM0039303,B_event_log,"Internet Banking Portal Rounding Issue. In Internet Banking, amounts show different rounding on overview compared to detail page.",Application,test,4,train,4,train,4,test
IM0039304,B_event_log,Mortgage Advisory Application Unavailable. The mortgage advisory application is not working since Monday morning. Some of my colleagues can't access it either.,Application,test,4,train,4,train,4,train
IM0039307,B_event_log,"Print Spooler Hangs on PRN000038. The print spooler on the print server hangs when attempting to process a corrupted job for PRN000038, causing the queue to be blocked.",Hardware,train,5,train,5,test,5,train
IM0039311,B_event_log,Failed Data Quality Check. Data quality check on SBA000427 found 312 failing referential integrity records for payments processing service.,Application,train,3,train,3,train,3,train
IM0039334,B_event_log,Patch Installation Failure on HR Self-Service Portal. A patch installation on SBA000607 failed at 'configuring updates'; the server hung after a reboot last night.,Application,train,5,test,5,test,5,train
IM0039355,B_event_log,Internet Banking Portal Unavailable. The Internet Banking portal has been down since Monday morning after a reboot.,Application,train,4,train,4,train,4,test
IM0039382,B_event_log,Customer Onboarding Portal SAML Signature Issue. The customer onboarding portal receives invalid SAML responses due to an unmatching IdP token-signing certificate.,Application,train,3,train,3,train,3,test
IM0039388,B_event_log,Loan Origination System Scheduler Issue. Scheduler alert: job chain for loan origination system on WBA000092 ended with return code 8 at 02:14.,Application,train,4,train,4,train,4,train
IM0039390,B_event_log,"HR Self-Service Portal Import Job Error. A nightly batch job failed to import record 1,204 from the interface file for the HR self-service portal due to an invalid date format.",Application,train,4,test,4,train,4,train
IM0039395,B_event_log,Mortgage Advisory Application Address Errors. Addresses for some mortgage clients are incorrect in the application; letters are being sent to old addresses.,Application,train,,not used,,not used,3,train
IM0039397,B_event_log,High Heap Usage & Response Times. Heap usage exceeded 95% and average response times were over 8 seconds on document management system.,Application,train,4,test,4,train,4,train
IM0039408,B_event_log,Blocking Session Issue with WBA000058. A full table scan on the transactions table for the search query in WBA000058 AWR report shows an inefficient query plan.,Application,train,4,train,4,train,4,train
IM0039417,B_event_log,Duplicate Contracts in Teller Application. Branch teller application displays multiple contracts for one customer.,Application,train,4,train,4,train,4,test
IM0039475,B_event_log,HR Self-Service Portal Timeouts. The HR self-service portal is taking too long to respond during peak morning hours.,Application,train,4,train,4,test,4,test
IM0039507,B_event_log,Endpoint Agent Quarantine False Positive. Support engineer observed that the endpoint agent quarantined an application's DLL file after a policy update.,Application,train,4,train,4,train,4,train
IM0039569,B_event_log,Mortgage Advisory Application Sluggishness. Opening a record in the mortgage advisory application takes a long time and sometimes the screen freezes. Restarting fixes it temporarily.,Application,test,3,train,3,train,3,train
IM0039608,B_event_log,"DB Connection Pool Exhaustion. Active DB connections from SBA000360 stuck at the pool maximum, causing timeouts on the HR self-service portal.",Application,test,5,train,5,train,5,train
IM0039632,B_event_log,HR Self-Service Portal Addresses Incorrect. Some client addresses on the HR self-service portal are showing as old addresses.,Application,train,3,train,3,test,3,train
IM0039642,B_event_log,CRM Application Load Issue. Automated alert: CRM application rejects new sessions due to high load.,Application,train,4,train,4,train,4,train
IM0039649,B_event_log,Scheduled Task Locks Account After Password Change. A scheduled task using an outdated password locks the risk reporting dashboard account.,Application,test,4,train,4,train,4,train
IM0039650,B_event_log,"Account Locked After Password Change. My HR self-service account locks me out every morning, even when I enter the correct password.",Application,train,5,train,5,train,5,train
IM0039660,B_event_log,Branch Teller Application SSL Issue. The branch teller app displays 'Your connection is not private'. This happened this morning and some colleagues have the same issue.,Application,train,4,train,4,test,4,test
IM0039667,B_event_log,"Document Management System Slowdown. The document management system is extremely slow, taking long to load basic screens and frequently hanging.",Application,train,5,test,5,test,5,train
IM0039668,B_event_log,CRM Client-Records System Timeouts. My CRM client-records system is slow and unresponsive during peak morning hours.,Application,train,5,test,5,train,5,test
IM0039730,B_event_log,Document Export Empty. I can't download files from the document system. My colleagues have the same issue.,Application,test,4,train,4,train,4,test
IM0039749,B_event_log,High Authentication Failures on Loan Origination System. Authentication errors reached 100% on WBA000011 loan origination system at 07:30.,Application,train,5,train,5,train,5,train
IM0039754,B_event_log,Incorrect Address Import. A bulk import on SBA000256 incorrectly updated some customer address fields.,Application,train,4,test,4,train,4,train
IM0039767,B_event_log,Payments Processing Timeout During Peak Hours. The payments processing service times out when many people try to send money early in the morning.,Application,train,4,train,4,train,4,train
IM0039770,B_event_log,"Account Locking Issue. My account locks every morning, but I enter the right password. It seems other colleagues are having this issue too.",Application,train,4,train,4,test,4,train
IM0039807,B_event_log,Scheduler Alert: Branch Teller Application. Scheduler alert: job chain ended with return code 8 at 02:14 after upstream system change.,Application,test,5,train,5,train,5,train
IM0039813,B_event_log,"Patch Installation Failed on SBA000607. During the monthly patching process, the patch installation failed midway while configuring updates. This caused the server to hang.",Application,test,4,train,4,train,4,test
IM0039831,B_event_log,Risk Reporting Dashboard Submit Button Issue. The 'submit' button on the risk reporting dashboard doesn't work anymore and we can't complete our tasks.,Application,test,4,test,4,train,4,train
IM0039839,B_event_log,High processor queue length on SUB000113. Performance alert: processor queue length high on SUB000113.,Application,test,4,train,4,train,4,test
IM0039864,B_event_log,"Account Locks Every Morning. My account keeps locking every morning, despite entering the right password.",Application,test,5,train,5,train,5,train
IM0039865,B_event_log,Teller Application Error Rate High. Branch teller application error rate increased to 15% during peak hours due to timeout errors.,Application,train,4,train,4,train,4,train
IM0039882,B_event_log,Customer Onboarding Portal Service Account Lockout. An alert indicates the customer onboarding portal service account has been locked out six times within an hour.,Application,train,4,train,4,train,4,train
IM0039887,B_event_log,"Account Lockout Issue. My account locks up automatically every day, even when I enter the right password.",Application,test,4,test,4,train,4,test
IM0039888,B_event_log,Mortgage Advisory Application Error. Support engineer observed a Stack Trace showing NullPointerException in new validation module of Mortgage Advisory Application.,Application,train,4,train,4,train,4,train
IM0039896,B_event_log,Scheduled Task Locking Account. A scheduled task on configuration item SUB000456 is locking an account with old credentials after a password change.,Application,test,4,train,4,train,4,test
IM0039899,B_event_log,Payments Service Unavailable. The payments processing service is not working since Monday morning.,Application,train,3,train,3,train,3,train
IM0039900,B_event_log,Teller Application Service Stopped. Automated alert: Teller application service unavailable after system reboot.,Application,test,5,train,5,train,5,train
IM0039937,B_event_log,Payments Overview Rounding Mismatch. Amounts shown in the payments overview on the overview screen are rounded differently from those in the detail screen.,Application,train,5,train,5,train,5,train
IM0039939,B_event_log,Internet Banking Portal Duplicates. The Internet Banking portal displays duplicate contracts for me.,Application,train,5,train,5,test,5,train
IM0039949,B_event_log,Database Alert: ORA-01653. Alert received from automated monitoring system stating database alert on ADB000010: ORA-01653 unable to extend tablespace USERS.,Database,train,,not used,,not used,4,train
IM0039981,B_event_log,"Slow Database Storage Impacting Transactions. Database WSR000166 is very slow, affecting several departments. This is causing problems with customer transactions.",Infrastructure,train,2,train,2,train,2,train
IM0039985,B_event_log,CRM Client-Records System TLS Certificate Issue. Support engineer observed logs indicating 'PKIX path validation failed: certificate expired' when attempting to connect to the CRM backend.,Application,test,3,train,3,test,3,train
IM0039990,B_event_log,"Risk Reporting Dashboard Submit Button Issue. The submit button on the risk reporting dashboard doesn't work anymore, preventing us from submitting reports.",Application,train,4,train,4,train,4,train
IM0039993,B_event_log,"Slow Payments Processing Service. Our payments processing service is very slow today, especially since morning.",Application,train,4,train,4,test,4,train
IM0039999,B_event_log,Degraded Fibre Channel Path in Production. Technical observation: Fibre-channel port errors on DCE000077's switch port; multipathing reports degraded paths and high latency.,Infrastructure,train,3,test,3,train,3,train
IM0040000,B_event_log,Risk Reporting Dashboard Synthetic Transaction Failure. Automated monitoring alerts that the risk reporting dashboard's synthetic transaction fails at step 3 after last night's deployment.,Application,train,4,train,4,train,4,test
IM0040005,B_event_log,Customer Onboarding Portal SSL Issue. Customer onboarding portal displays 'Your connection is not private' since morning.,Application,test,4,test,4,test,4,train
IM0040012,B_event_log,Risk Reporting Dashboard Synthetic Transaction Failure. Automated alert: synthetic transaction for risk reporting dashboard on SUB000456 fails at step 3.,Application,train,4,train,4,train,4,test
IM0040044,B_event_log,Document Management System Query Slowdown. Database alert on WBA000011: average query times over 30 seconds due to sessions waiting on I/O.,Application,train,5,train,5,train,5,test
IM0040061,B_event_log,Internet Banking Portal Service Account Locked. An automated alert reported that the Internet Banking service account was locked six times within an hour.,Application,train,4,train,4,train,4,train
IM0040129,B_event_log,"Account Lockout Due to Stale Credentials. A scheduled task on configuration item SUB000456 still uses old password after a change, causing some colleagues' accounts to be locked.",Application,train,4,train,4,train,4,train
IM0040136,B_event_log,Endpoint Agent DLL Quarantine. The endpoint agent on DTA000056 quarantined an application's DLL after the latest security policy update (false positive).,Application,test,3,train,3,train,3,train
IM0040138,B_event_log,CRM Client-Records System Job Failure. Automated alert: Scheduler job for SUB000456 in CRM client-records system ended with return code 8.,Application,train,4,train,4,test,4,test
IM0040153,B_event_log,CRM Client-Records SAML Signature Issue. SAML responses for the CRM client-records system on DTA000616 are being rejected due to an invalid signature caused by a mismatch between the configured and actual IdP token-signing certificate.,Application,train,5,train,5,train,5,train
IM0040163,B_event_log,Customer Onboarding Submit Button Nonfunctional. The submit button on the customer onboarding portal doesn't work after the new version was installed.,Application,train,4,train,4,train,4,train
IM0040179,B_event_log,Laptop Startup BitLocker Prompt. My laptop asks for a BitLocker recovery key when I turn it on.,Hardware,train,5,train,5,test,5,train
IM0040219,B_event_log,"Submit Button Not Working. The submit button on the branch teller application doesn't respond anymore, so we can't process transactions.",Application,train,4,test,4,test,4,train
IM0040234,B_event_log,Customer Onboarding Portal TLS Certificate Issue. Support engineer observed 'PKIX path validation failed: certificate expired' when attempting to access the customer onboarding portal.,Application,train,4,train,4,train,4,train
IM0040237,B_event_log,Mortgage Advisory Application TLS Issue. The mortgage advisory application keeps showing 'your connection is not private' since this morning.,Application,test,4,train,4,train,4,train
IM0040241,B_event_log,High Authentication Failures - Internet Banking. Internet Banking portal authentication failures spiked to 100% at 07:30.,Application,train,4,test,4,train,4,train
IM0040251,B_event_log,"Slow Customer Search in Payments Service. It takes too long to find customers when searching in the payments processing service, sometimes timing out.",Application,test,4,train,4,train,4,test
IM0040265,B_event_log,HR Self-Service Portal Scheduler Alert. Automated monitoring alerted of a job chain failure with return code 8.,Application,train,4,train,4,train,4,train
IM0040278,B_event_log,NullPointerException in Validation Module. Support engineer observed a Stack trace showing NullPointerException in new validation module of the risk reporting dashboard since the latest release.,Application,train,4,test,4,train,4,train
IM0040313,B_event_log,Laptop Won't Start - Black Screen. My computer won't turn on properly; it just shows a black screen with a blinking cursor.,Hardware,test,5,train,5,train,5,train
IM0040320,B_event_log,Kerberos SSO Handshake Failure. Technical observation: Kerberos/SSO handshake failure for mortgage advisory application on WBA000058. Application cannot validate ADFS tokens.,Application,train,4,train,4,test,4,test
IM0040347,B_event_log,Duplicate Contracts on Customer Onboarding Portal. The customer onboarding portal displays the same contract twice for some customers.,Application,train,4,train,4,train,5,train
IM0040349,B_event_log,Site-to-site VPN Flapping. VPN tunnel on SSW000068 is flapping with 14 down events in the last hour.,Security,test,5,train,5,train,5,train
IM0040366,B_event_log,"SAN000182 Capacity Alert. Capacity alert: Volume used 99%, threshold 90%. After unexpected growth of log files.",Storage,test,4,train,4,train,4,train
IM0040377,B_event_log,Teller Application Stopped Post-Patch. The branch teller application on SBA000072 failed to start post-patch reboot due to the database service not being ready.,Application,train,4,train,4,train,4,train
IM0040380,B_event_log,CRM Client-Records System Transaction Failure. Automated alert: Synthetic transaction fails on DTA000057 after last night's deployment.,Application,train,5,test,5,train,5,train
IM0040394,B_event_log,Wrong client addresses in document management system. The client addresses for some customers are incorrect in the document management system; letters are being sent to old addresses.,Application,test,4,train,4,train,4,test
IM0040408,B_event_log,Mortgage Application Printing Error. We can't print the overview anymore after the update; it used to work before.,Application,test,5,train,5,test,5,train
IM0040429,B_event_log,"DB Connection Pool Exhaustion. Active DB connections from WBA000133 reached maximum during peak business hours, causing timeouts in payments processing service.",Application,test,5,train,5,test,5,train
IM0040452,B_event_log,CRM System Unavailable. The CRM client-records system stopped working since Monday morning.,Application,test,4,test,4,train,4,train
IM0040480,B_event_log,HR self-service portal TLS handshake failures. Interface monitor alerts: TLS handshake failures since 00:00. Impact: a small group of users.,Application,train,4,test,4,train,4,train
IM0040490,B_event_log,Backup Staging Area Upload Failures. We can't upload data to the backup staging area. It started failing after a lot of data was added.,Storage,train,4,train,4,train,4,train
IM0040500,B_event_log,Print Queue Hang - Branch SCN000001. Spooler on print server hung due to a corrupted job for SCN000001; the queue is blocked.,Hardware,train,,not used,,not used,3,train
IM0040519,B_event_log,Branch Teller Application Slowness. Opening records in the branch teller application takes a long time and sometimes freezes. Restarting fixes it temporarily.,Application,test,4,test,4,train,4,train
IM0040534,B_event_log,Risk Reporting Dashboard Service Account Locked Out. Automated alert: service account for risk reporting dashboard locked out 6 times in one hour.,Application,train,4,train,4,test,4,test
IM0040536,B_event_log,TLS Handshake Failures on SBA000729. Interface monitor detected TLS handshake failures between SBA000729 and the backend since midnight.,Application,train,3,train,3,train,3,train
IM0040542,B_event_log,TLS Handshake Failure. Logs indicate 'PKIX path validation failed: certificate expired' during calls to the payments processing service backend.,Application,train,5,train,5,test,5,test
IM0040555,B_event_log,HR Self-Service Portal Error. I can't enter an amount on the HR self-service portal. My colleagues are having the same issue.,Application,train,4,train,4,train,4,train
IM0040564,B_event_log,High Authentication Failures for Payments Processing Service. Authentication failures reached 100% for the payments processing service on SUB000427 at 07:30.,Application,train,4,train,4,test,4,train
IM0040573,B_event_log,IKE Phase 2 Renegotiation Failure. IKE phase 2 renegotiation fails on NET000077 due to proposal mismatch after the peer changed encryption settings.,Network,train,3,train,3,train,3,train
IM0040617,B_event_log,Insufficient Shared Drive Space. I can't save anything on the shared drive because it shows no free space left.,Storage,train,5,test,5,train,5,train
IM0040642,B_event_log,Teller Application Service Account Locked. Alert from AD: Branch teller application service account locked 6 times in an hour.,Application,test,4,train,4,test,4,train
IM0040650,B_event_log,Branch Teller Application Access Denied. I can't open the branch teller application anymore. I could use it yesterday.,Application,train,3,train,3,train,3,train
IM0040652,B_event_log,"Submit Button Non-functional. The 'submit' button on the mortgage advisory application doesn't work after the new version was installed, preventing us from finishing our tasks.",Application,train,2,test,2,test,2,test
IM0040684,B_event_log,SSO Issue on Risk Reporting Dashboard. Cannot access the risk reporting dashboard; redirected to login page even after providing credentials.,Application,train,4,test,4,train,4,train
IM0040689,B_event_log,"High CPU usage affecting HR portal. A critical process on SBA000054 was consuming 98% CPU in a tight loop, starving other services.",Application,train,3,train,3,test,3,train
IM0040691,B_event_log,Loan Origination System Printing Error. We can't print the loan overview anymore after the system update. It used to work before.,Application,test,4,train,4,train,4,train
IM0040692,B_event_log,Incorrect client addresses in Internet Banking. Some clients receive letters to the wrong old addresses on our Internet Banking site.,Application,test,5,train,5,test,5,test
IM0040694,B_event_log,Loan Origination System Failure. Automated alert: Loan origination system synthetic transaction fails at step 3 post latest deployment.,Application,train,4,train,4,train,4,train
IM0040709,B_event_log,IKE Phase 2 Renegotiation Failure. The support engineer observed IKE phase 2 renegotiation failing on CNT000024 due to a proposal mismatch after the peer changed its encryption settings.,Network,train,3,test,3,test,3,test
IM0040713,B_event_log,SAP HR posting issues. Posting in SAP HR stopped working today. It started after importing a SAP support package.,Application,test,4,train,4,train,4,test
IM0040736,B_event_log,SAP Finance Short Dump Error. A short dump SYNTAX_ERROR occurred in SAP Finance due to an object reference issue in SAP000003; this issue began after importing the SAP support package.,Application,test,4,test,5,train,4,test
IM0040742,B_event_log,"Endpoint Agent Quarantines Application DLL. The endpoint agent on DTA000017 quarantined an application's DLL file after a policy update, causing a false positive.",Application,test,,not used,,not used,3,train
IM0040754,B_event_log,High Authentication Failures - Loan Origination System. Authentication failures increased to 100% for the loan origination system on configuration item SBA000709 since this morning.,Application,train,4,test,4,test,4,train
IM0040762,B_event_log,Cannot Save New Records in Document Management System. We can't add new documents because the system says there's a database error when we try.,Database,train,3,test,4,train,3,test
IM0040777,B_event_log,Workstation Application Not Starting. The application won't open anymore. My security software shows it got blocked.,Application,train,4,train,4,train,4,test
IM0040793,B_event_log,Document Management System Error. The document management system keeps saying 'your connection is not private'. This happened this morning.,Application,train,5,train,5,train,5,train
IM0040803,B_event_log,Mortgage Advisory Application Account Lockout. AD alert: service account locked out 6 times in 1 hour due to stale credentials.,Application,train,4,test,4,train,4,train
IM0040824,B_event_log,HR Self-Service Portal Job Chain Aborted. Scheduler alert: job chain for HR self-service portal on WBA000058 ended with return code 8 during the nightly run.,Application,train,4,train,4,train,4,train
IM0040829,B_event_log,Mortgage Advisory Application Outdated Data. Today's mortgage data isn't updated; the app shows yesterday's figures.,Application,test,4,train,4,test,4,train
IM0040833,B_event_log,Risk Reporting Dashboard Service Account Locked Out. Service account for risk reporting dashboard locked out 6 times in one hour.,Application,test,5,test,5,train,5,train
IM0040874,B_event_log,Payments Service Saving Error. We can't add new payment records; the system shows a database problem.,Database,test,4,train,4,train,4,train
IM0040885,B_event_log,VPN Connection Drops. My VPN keeps disconnecting every 10 minutes at home.,Security,test,4,train,4,test,4,train
IM0040949,B_event_log,"Slow CRM Client-Records System. Since morning, the CRM client-records system on WSR000943 has been extremely slow. Only I am experiencing this.",Infrastructure,test,5,train,5,train,5,train
IM0040959,B_event_log,Loan Approval Button Missing. I can't see how to approve a loan application on the loan origination system; it looks like the 'approve' button has disappeared.,Application,train,3,train,3,train,3,train
IM0040984,B_event_log,CRM Client-Records System Timeouts. My reports in the CRM client-records system take too long to load during morning hours.,Application,test,5,train,5,train,5,train
IM0040986,B_event_log,HR Self-Service Portal Printing Error. We can't print the overview document anymore on the HR self-service portal since the update.,Application,train,3,train,3,train,3,train
IM0040991,B_event_log,Customer Onboarding Portal Functionality Issue. A colleague experienced issues accessing fields due to changing the screen layout. The function was used incorrectly.,Application,test,4,train,4,train,4,train
IM0040998,B_event_log,Customer Onboarding Portal Unavailable. The customer onboarding portal is not accessible since Monday morning.,Application,test,5,train,5,train,5,test
IM0041021,B_event_log,CRMSearch Query Full Scan. Top SQL on WBA000044 (CRM client-records system) shows a full table scan due to outdated optimizer statistics.,Application,train,,not used,,not used,3,train
IM0041060,B_event_log,Batch Job Aborted - SUB000113. A batch job on configuration item SUB000113 was aborted due to an input file not arriving on time.,Application,train,4,train,4,test,4,test
IM0041073,B_event_log,ADB000094 Database Error. Database alert on ADB000094: ORA-01653 unable to extend table in tablespace USERS.,Database,train,3,train,3,train,3,train
IM0041083,B_event_log,Document Management System Slows Down. Our document management system becomes slow throughout the day and freezes when I try to view client records.,Application,train,4,train,4,test,4,train
IM0041084,B_event_log,"Payments Processing Service Degradation. Transactions become unstable after every restart, leading to application crash.",Application,train,5,test,5,test,5,train
IM0041097,B_event_log,Mortgage Advisory Application Locking Issue. Support engineer observed that the mortgage advisory application locks fields after submission as per design.,Application,train,4,test,4,train,4,test
IM0041169,B_event_log,"CRM Client Records System Error. When trying to enter the amount on the CRM client-records system, it shows an error message.",Application,train,4,test,4,train,4,test
IM0041189,B_event_log,Outlook Disconnection and No New Mail. Outlook shows 'disconnected' and I can't get new emails. Some of my colleagues have the same issue.,Application,test,4,train,4,train,4,train
IM0041192,B_event_log,Payments Service Connection Issue. Saving payments data sometimes stops working suddenly but starts again after a while.,Application,train,4,test,4,train,4,train
IM0041195,B_event_log,"Access Denied on Risk Reporting Dashboard. I can't open the risk reporting dashboard because it says 'access denied', even though I could log in yesterday.",Application,train,4,test,4,train,4,train
IM0041211,B_event_log,Missing Approval Button in Payments Processing. I can't find the button to approve requests in the payments processing service. My colleagues also can't find this button.,Application,test,4,test,4,test,4,test
IM0041215,B_event_log,CRM Submit Button Not Working. The 'submit' button on the CRM client-records system stopped working after the new version was deployed.,Application,test,5,train,5,train,5,test
IM0041241,B_event_log,"HR Self-Service Portal Import Job Failure. A nightly import job for the HR self-service portal failed on configuration item WBA000011 due to an invalid date format in record 1,204.",Application,train,5,test,5,train,5,train
IM0041256,B_event_log,"HR Self-Service Error. The HR self-service portal displays an error page saying the request timed out, especially in the mornings.",Application,test,4,train,4,train,4,test
IM0041265,B_event_log,"CRM Login Issues. I can't log into the CRM client-records system anymore. After entering my username and password, I'm redirected to the login page.",Application,train,5,train,5,train,5,train
IM0041270,B_event_log,CRM Client-Records System Slowdown. The CRM client-records system is slower during the day and freezes when trying to open client records.,Application,train,4,train,4,test,4,train
IM0041290,B_event_log,"Customer Onboarding Portal Login Issues. Can't log into the customer onboarding portal; after entering credentials, redirected back to login page.",Application,train,4,train,4,test,4,train
IM0041302,B_event_log,"Slow Customer Search on HR Portal. When trying to find customers on the HR self-service portal, it takes longer than expected and sometimes fails.",Application,train,4,test,4,train,4,test
IM0041319,B_event_log,HR Self-Service Portal Certificate Expired. Support engineer observed a 'PKIX path validation failed: certificate expired' error in logs for WBA000058 while accessing the HR self-service portal.,Application,train,4,train,4,train,4,train
IM0041340,B_event_log,SAN000157 File System Full. The file system on SAN000157 is 100% full due to the application log directory growing 300 GB in two days.,Storage,test,3,train,3,train,3,train
IM0041363,B_event_log,"CRM Client-Records System Slow Queries. Database alert: Average query times over 30 seconds, sessions blocked due to I/O issues.",Application,train,,not used,,not used,3,train
IM0041369,B_event_log,Mortgage Advisory Application Transaction Issue. Automated alert: Synthetic transaction failed at step 3 for SBA000063 after last night's deployment.,Application,test,5,test,5,test,5,test
IM0041383,B_event_log,Invalid SAML Signature - Mortgage Advisory Application. The SAML responses for the mortgage advisory application on configuration item SBA000462 are being rejected due to an invalid signature caused by a mismatch between the configured and actual token-signing certificates.,Application,train,4,train,4,train,4,test
IM0041400,B_event_log,Failed Patch Installation on SBA000607. A patch installation on SBA000607 failed halfway; the server hung at 'configuring updates'. Only the support engineer reported this issue.,Application,train,5,train,5,test,5,train
IM0041401,B_event_log,HR Self-Service Portal Address Data Corruption. A bulk import overwrote address fields with incorrect values for some customers.,Application,test,4,train,4,train,4,train
IM0041402,B_event_log,"Document Management System API Payload Issue. The API call from the latest release altered the payload format, causing the frontend on SBA000844 to fail parsing.",Application,train,3,train,3,train,3,test
IM0041405,B_event_log,AWR Report Execution Plan Issue. AWR report on WBA000133 executes a full table scan due to an outdated execution plan.,Application,train,4,test,4,test,4,train
IM0041452,B_event_log,Duplicate Contracts on Internet Banking. Internet Banking portal displays multiple contracts for one customer.,Application,test,4,test,4,test,4,train
IM0041457,B_event_log,Laptop Won't Start. My laptop won't turn on and displays a black screen with a blinking cursor.,Hardware,train,5,train,5,train,5,train
IM0041463,B_event_log,CRM Client-Records System Outdated. The CRM client-records system has old data showing from yesterday. The overnight update didn't work.,Application,test,4,test,4,train,4,test
IM0041464,B_event_log,Batch Job Failed Due to Missing Interface File. A batch job on WBA000144 was aborted at 02:00 due to an input file not being found. The interface file from the upstream system did not arrive before the cut-off.,Application,train,5,train,5,train,5,train
IM0041465,B_event_log,Document Management System Outdated. The document management system displays yesterday’s document information instead of today’s.,Application,train,4,train,4,test,4,train
IM0041468,B_event_log,"Risk Reporting Dashboard Error. The risk reporting dashboard shows an error page saying the request timed out, especially in the mornings.",Application,train,4,train,4,train,4,test
IM0041470,B_event_log,"Loan Origination System Amount Rounding. In the overview, amounts show different rounding compared to the detail screen.",Application,test,4,train,4,train,4,test
IM0041478,B_event_log,"Payments Service Timeout Issue. Active database connections from WBA000144 reached the pool maximum, causing timeouts in payments processing service.",Application,train,5,train,5,train,5,train
IM0041511,B_event_log,Loan Origination System Data Delay. The loan origination system is showing yesterday's data instead of today's. An overnight update didn't happen.,Application,test,4,test,4,test,4,train
IM0041555,B_event_log,TLS Handshake Failures on Mortgage Advisory Application. Interface monitor alerts of continuous TLS handshake failures between SUB000436 and backend since midnight.,Application,test,4,test,4,train,4,train
IM0041585,B_event_log,"Mortgage Advisory Application DB Connection Pool Issue. Support engineer observed active DB connections from configuration item DTA000011 stuck at the pool maximum during peak business hours, causing timeouts.",Application,train,4,test,4,train,4,train
IM0041601,B_event_log,Mortgage Advisory Application Data Quality. Data quality check on SUB000539 identified 312 failing referential integrity records affecting a small group of users.,Application,train,4,train,4,train,4,train
IM0041620,B_event_log,VPN IKE Phase 2 Renegotiation Failure. The IKE phase 2 negotiation failed on CNT000038 due to a mismatch after the firewall changed encryption settings.,Network,train,3,train,3,train,3,train
IM0041626,B_event_log,Branch Printer Not Printing. The printer at the branch isn't working. Documents aren't coming out of it.,Hardware,train,,not used,,not used,3,test
IM0041649,B_event_log,"Profile Load Time Exceeds. A user on APP000005 reports that their profile load time exceeds 5 minutes due to a 4 GB, partly corrupt roaming profile.",Application,train,4,train,4,train,4,test
IM0041650,B_event_log,HR Self-Service Portal Timeouts. The HR self-service portal times out when trying to access reports during the morning rush.,Application,train,4,train,4,train,4,test
IM0041659,B_event_log,"High CPU usage affecting customer onboarding. A process on configuration item SBA000620 was using 98% CPU in a tight loop, causing other services to be starved.",Application,train,3,train,3,test,3,test
IM0041661,B_event_log,Bulk Import Address Data Overwrite. A bulk import operation on document management system WBA000058 incorrectly wrote values from the wrong column into the address fields for some customers.,Application,train,4,train,4,train,4,train
IM0041683,B_event_log,Customer Onboarding Portal Slowdown. The customer onboarding portal becomes sluggish and freezes when trying to access client records. Restarting it helps temporarily.,Application,train,4,train,4,train,4,train
IM0041690,B_event_log,Branch Teller Application Data Saving Issues. Saving data in the branch teller application fails occasionally with a generic error message.,Application,train,5,train,5,train,5,test
IM0041699,B_event_log,Mortgage Date Change Issue. I can't update the date on the mortgage advisory application after I submit it. I thought there might be a bug.,Application,train,4,train,4,train,4,test
IM0041705,B_event_log,Customer Onboarding Portal Functionality Issue. The reported issue is due to incorrect use of a function in the customer onboarding portal which caused a mismatch between user expectations and system behavior.,Application,train,5,train,5,train,5,train
IM0041731,B_event_log,"Teller Application Timeouts. The branch teller app stops working properly during peak times, causing delays.",Application,train,4,train,4,test,4,test
IM0041741,B_event_log,HR Self-Service Portal Down. HR self-service portal stopped working after monthly patch maintenance.,Application,train,4,test,4,train,4,train
IM0041765,B_event_log,TLS Handshake Failures - Customer Onboarding Portal. Interface monitor detected TLS handshake failures between WBA000058 and backend since midnight.,Application,train,4,test,4,train,4,train
IM0041774,B_event_log,"Slow Customer Search in Payments. When searching for customers in the payments service, it takes more than a minute and sometimes fails.",Application,train,5,train,5,test,5,test
IM0041787,B_event_log,"Empty mortgage reports. Today, mortgage reports in the application are empty, it seems like the data wasn't loaded.",Application,train,5,train,5,train,5,test
IM0041788,B_event_log,Document Management System Error. I can't enter the amount on the document management system. My colleagues are having the same issue.,Application,test,4,train,4,train,4,train
IM0041843,B_event_log,"Account Locking Issue. My account keeps locking each morning, even with the right password.",Application,train,4,test,4,train,4,train
IM0041873,B_event_log,Risk Reporting Dashboard Access Denied. I can't open the risk reporting dashboard today. It says 'access denied'. I could use it yesterday.,Application,train,5,train,5,train,5,train
IM0041886,B_event_log,Laptop Won't Start - LAP000013. My laptop won't turn on; I see a black screen with a blinking cursor.,Hardware,test,5,train,5,train,5,train
IM0041902,B_event_log,Loan Origination System Data Integrity Issue. Data-quality check found 312 records failing referential integrity on WBA000092.,Application,train,4,train,4,test,4,train
IM0041914,B_event_log,"Account Locking Issue. My account keeps locking, even with the right password. Other colleagues are having the same problem.",Application,train,4,test,4,test,4,train
IM0041934,B_event_log,"Slow Payments Processing Service. When trying to open a payment record, it takes a long time and sometimes the screen freezes. Restarting the service fixes the issue temporarily.",Application,train,4,train,4,train,4,train
IM0041936,B_event_log,"Branch Network Drops. Our branch network sometimes disconnects for brief periods, affecting our applications.",Network,train,4,train,4,test,4,train
IM0041940,B_event_log,"Mortgage Advisory Application Access Denied. I can't open the mortgage advisory application now, but I could yesterday. My colleagues have the same issue.",Application,train,4,train,4,train,4,test
IM0042017,B_event_log,TLS Handshake Failures - Payments Service. Interface monitor detected TLS handshake failures between SBA000079 and backend since 00:00.,Application,test,4,train,4,test,4,test
IM0042019,B_event_log,Endpoint Agent Quarantine False Positive. Endpoint agent quarantined an application's DLL on DTA000056 after a policy update.,Application,train,3,test,3,test,3,train
IM0042029,B_event_log,Missing Approval Button. I can't see where to approve requests in the document management system. The button that should show up is nowhere to be found.,Application,train,4,test,4,train,4,test
IM0042034,B_event_log,Internet Banking Saving Data Errors. Saving data in the Internet Banking portal fails sometimes with a generic error; it works again after a while.,Application,test,5,test,5,test,5,train
IM0042038,B_event_log,Loan Origination System Scheduler Alert. Scheduler alert: job chain for loan origination system WBA000011 ended with return code 8 at 02:14.,Application,train,5,test,5,train,5,train
IM0042040,B_event_log,Mortgage Advisory Application Export Issue. I can't export files from the mortgage advisory app. They're always blank.,Application,train,4,test,4,train,4,train
IM0042042,B_event_log,"Site-to-site VPN unreachable. Remote employees can't access the office network since morning, affecting several departments.",Network,train,2,train,2,train,2,train
IM0042045,B_event_log,"Account Lockout Issue. My account locks every morning, but I enter the right password. My coworkers also have this issue.",Security,train,4,train,4,train,4,test
IM0042053,B_event_log,"ABAP Runtime Error - ST22. A runtime error (CALL_FUNCTION_NOT_FOUND) appeared after the last night's transport on SAP000003, showing ABAP runtime error 'CALL_FUNCTION_NOT_FOUND'.",Application,train,4,train,4,train,4,train
IM0042073,B_event_log,Slow Document Management System. The document management system is very slow since morning. My colleagues are also experiencing the same issue.,Application,test,4,train,4,train,4,train
IM0042080,B_event_log,Mortgage Advisory Application Slowdown. The mortgage advisory application is extremely slow and freezes often.,Application,train,5,train,5,test,5,train
IM0042084,B_event_log,Loan Origination System Timeouts. The loan origination system is slow to respond during the morning rush.,Application,train,4,test,4,test,4,train
IM0042090,B_event_log,"Internet Banking Error Timeout. Internet Banking portal shows error page with timeout message, especially in the morning.",Application,train,3,train,3,train,3,test
IM0042114,B_event_log,"Loan Origination System Data Save Failure. Saving data in the loan origination system sometimes stops working for a short time, then starts working again.",Application,train,5,train,5,train,5,test
IM0042124,B_event_log,"AWR Report Execution Plan Issue. Support engineer noticed a full table scan on the transactions table in the SBA000607 configuration item during an AWR report, changing after data load.",Application,test,4,train,4,train,4,test
IM0042135,B_event_log,"Payments Service Submit Button Failure. The submit button on the payments processing page doesn't work anymore, and we can't complete our tasks.",Application,train,4,train,4,train,4,train
IM0042146,B_event_log,"Document Management System Slow. When trying to access reports on the document management system, it takes too long during morning hours.",Application,test,4,train,4,train,4,test
IM0042180,B_event_log,"Mortgage Advisory Slows Down. The mortgage advisory application is very slow, especially since this morning.",Application,train,4,test,4,train,4,test
IM0042184,B_event_log,"Mortgage Advisory Application Certificate Issue. The mortgage advisory app displays 'Your connection is not private,' and some colleagues can't access it.",Application,train,4,test,4,train,4,test
IM0042193,B_event_log,"Document Management System Address Errors. Many customer addresses in the document management system are incorrect, leading to letters being sent to outdated addresses.",Application,train,4,test,4,train,4,test
IM0042223,B_event_log,Customer Onboarding Portal Synthetics Fail. Automated alert: Synthetic transaction fails at step 3 for customer onboarding portal.,Application,train,5,train,5,train,5,train
IM0042227,B_event_log,"CRM Submit Button Nonfunctional. The 'submit' button on the CRM client-records system stops working after the recent update, making our tasks incomplete.",Application,test,3,test,3,test,3,train
IM0042238,B_event_log,SAP Finance Transaction Error. I can't start the transaction in SAP Finance because it gives me an error and stops working.,Application,test,3,train,3,train,3,train
IM0042239,B_event_log,Virtual Workplace Hangs. My virtual workplace won't log in fully and stays on the welcome screen. Other colleagues also face this issue.,Application,train,4,train,4,test,4,train
IM0042256,B_event_log,File Shares Upload Failures. We can't upload files to the file shares anymore. Some colleagues also have this issue.,Storage,train,4,train,4,test,4,train
IM0042257,B_event_log,Customer Onboarding Portal Unavailable. The customer onboarding portal is not accessible since Monday morning. Several colleagues are experiencing this issue.,Application,train,4,train,4,test,4,train
IM0042325,B_event_log,Garbage Collection Pauses and Portal Freeze. Long garbage collection pauses and old-gen heap growth observed on WBA000124; customer onboarding portal freezes.,Application,train,4,train,4,train,4,train
IM0042333,B_event_log,Laptop Startup BitLocker Prompt. My laptop starts up but asks for a BitLocker recovery key. I need help getting it to start normally.,Hardware,train,5,train,5,train,5,test
IM0042349,B_event_log,"Account Locks Every Morning. My online banking account locks automatically every day, even when I enter my correct password.",Application,test,4,train,4,train,4,train
IM0042355,B_event_log,Scheduler Job Chain Failed for Internet Banking. Scheduler alert: job chain for Internet Banking portal on SBA000689 returned error 8 at 02:14.,Application,train,3,train,3,train,3,train
IM0042357,B_event_log,Bulk Import Address Field Corruption. A bulk import operation on configuration item SUB000424 mistakenly wrote values from an incorrect column into the address fields for some customers.,Application,train,4,train,4,train,4,test
IM0042370,B_event_log,Loan Origination System Scheduler Alert. Automated alert: Loan origination system job chain on SBA000461 failed with return code 8 at 02:14.,Application,train,4,test,4,train,4,test
IM0042394,B_event_log,Laptop Won't Boot After Firmware Change. My computer won't turn on. It just shows a black screen with a blinking cursor.,Hardware,train,5,train,5,train,5,test
IM0042408,B_event_log,Slow Risk Reporting Dashboard. The risk reporting dashboard on SBA000782 is very slow after the monitoring agent update.,Application,train,5,train,5,train,5,train
IM0042430,B_event_log,Risk Reporting Dashboard Timeout. The risk reporting dashboard takes too long to load during morning hours.,Application,train,4,train,4,train,4,test
IM0042442,B_event_log,"Loan Origination System Slow Queries. Database alert: average query times over 30 seconds, sessions waiting on I/O.",Application,train,5,train,5,train,5,train
IM0042466,B_event_log,Slow Document Management System. Opening records takes a long time and sometimes the screen freezes. Restarting fixes it temporarily.,Application,test,4,train,4,train,4,test
IM0042476,B_event_log,Loan Origination System Timeout. The loan origination system times out when trying to access reports during morning rush.,Application,train,4,train,4,train,4,train
IM0042480,B_event_log,Teller Application Error. Branch teller app shows error when entering amounts.,Application,train,4,test,4,train,4,train
IM0042485,B_event_log,Service SBA000263 Not Starting After Patch. The branch teller application service SBA000263 did not start after a patch reboot due to the database service failing to start.,Application,train,3,train,3,train,3,test
IM0042494,B_event_log,Invalid SAML Signature - CRM Client-Records System. SAML responses for the CRM client-records system on configuration item SBA000017 are being rejected due to an invalid signature; the IdP token-signing certificate does not match the one configured.,Application,train,4,train,4,test,4,train
IM0042497,B_event_log,Loan Origination System Slow Queries. The loan origination system search query is performing a full table scan due to 3-week-old optimizer statistics.,Application,train,4,train,4,test,4,train
IM0042499,B_event_log,Duplicate Contracts in Internet Banking. Internet Banking portal shows multiple copies of customer contracts.,Application,test,4,train,4,train,4,train
IM0042532,B_event_log,Customer Onboarding Portal Patch Installation Failure. A patch installation on SUB000081 failed during the 'configuring updates' stage after a server reboot last night.,Application,train,,not used,,not used,3,train
IM0042641,B_event_log,Workstation Application Not Starting. My application won't open anymore; it says my security software has blocked it.,Application,test,4,train,4,test,4,test
IM0042650,B_event_log,Teller Application Timeout. Branch teller application logs show timeout errors for 'idle object' during peak hours.,Application,train,3,train,3,train,3,test
IM0042671,B_event_log,"Self-service terminals out of service. Customers are getting an error message at the cash devices, and some of them are not working.",Hardware,test,3,train,3,train,3,test
IM0042673,B_event_log,Loan Origination System Sluggishness. I'm having trouble opening records in the loan origination system. It takes a long time and sometimes the screen freezes. Restarting fixes it but makes it slow again.,Application,train,5,train,5,train,5,train
IM0042710,B_event_log,Risk Reporting Dashboard Date Change Issue. I can't change the date on the risk reporting dashboard after I submit it; it appears to be a bug.,Application,train,4,train,4,train,4,train
IM0042724,B_event_log,"SSD SMART Failure - LAP000011. Support engineer observes SMART failure on LAP000011 SSD, preventing OS boot.",Hardware,train,5,train,5,train,5,test
IM0042735,B_event_log,Customer Onboarding Portal Timeout Errors. An error rate alert indicates 15% of customer onboarding portal requests fail with timeout errors during peak hours.,Application,test,5,train,5,train,5,test
IM0042750,B_event_log,Shared Drive Space Insufficient. I can't save any files on the shared drive because there isn't enough space left.,Storage,train,4,train,4,train,4,train
IM0042767,B_event_log,"Mailbox Quota Exceeded. The mailbox on configuration item SPF000018 is over its quota limit, and the OST file size has reached 48 GB.",Application,train,4,test,4,train,4,train
IM0042768,B_event_log,High Processor Queue Length on SBA000607. Performance alert: Processor queue length high on SBA000607.,Application,train,4,test,4,test,4,train
IM0042769,B_event_log,Account Lockout Issue. My account locks every morning despite entering the right password. My colleagues also face this problem.,Application,train,4,train,4,train,4,train
IM0042787,B_event_log,High Authentication Failures - Mortgage Advisory Application. Authentication failures spiked to 100% for the mortgage advisory application on SBA000459 at 07:30 after the identity-provider certificate rollover.,Application,train,4,train,4,test,4,train
IM0042814,B_event_log,Internet Banking API Payload Parsing Issue. Regression in the Internet Banking portal API payload parsing after the weekend release.,Application,train,4,train,4,train,4,test
IM0042816,B_event_log,Workstation Application Not Starting. My computer won't open the application any more; it shows a message from my security software.,Application,test,4,train,5,train,4,train
IM0042854,B_event_log,Branch Teller Application Data Integrity Issue. Data-quality check on SBA000834 reported 312 failing referential integrity records for the branch teller application.,Application,train,4,train,4,train,4,train
IM0042857,B_event_log,Mortgage Advisory Application Freezes. Long garbage collection pauses observed on SBA000607; old gen heap keeps growing and application freezes.,Application,train,4,train,4,train,4,train
IM0042869,B_event_log,Site-to-Site VPN Connection Issue. Colleagues can't access the office network remotely since morning.,Security,train,,not used,,not used,3,train
IM0042875,B_event_log,Risk Reporting Dashboard SAML Signature Issue. SAML responses for the risk reporting dashboard are being rejected with 'invalid signature' due to mismatched token-signing certificates.,Application,test,,not used,,not used,3,train
IM0042882,B_event_log,Profile Load Time Exceeds 5 Minutes. The user's profile load time on APP000005 is taking more than 5 minutes due to a corrupt 4GB roaming profile.,Application,train,5,train,5,train,5,test
IM0042888,B_event_log,High packet loss to CNT000032. Interface errors and 5% packet loss to the branch network; impact: one team.,Network,train,3,train,3,train,3,train
IM0042898,B_event_log,Loan Origination System Validation Module Error. Technical observation indicates a NullPointerException in the new validation module following the deployment of the latest loan origination system release.,Application,train,4,train,4,train,4,train
IM0042915,B_event_log,Invalid SAML Signature on Payments Service. Support engineer observed that SAML responses for the payments processing service on configuration item SBA000607 were being rejected with an 'invalid signature' error. The IDP token-signing certificate did not match the one configured.,Application,train,5,train,5,train,5,train
IM0042926,B_event_log,"High Application Data Volume Alert. Capacity alert: DCE000107 usage at 99%, exceeds 90% threshold.",Infrastructure,test,5,train,5,test,5,train
IM0042940,B_event_log,"Loan Origination System Performance Degradation. Transactions slow down after each restart, eventually stopping.",Application,train,4,test,4,train,4,test
IM0042943,B_event_log,File Shares Full Due to Storage Exhaustion. File system on WSR000212 reached 100% capacity due to unexpected growth of application log files over two days.,Infrastructure,train,5,test,5,train,5,train
IM0042987,B_event_log,Branch Teller Application Access Denied. I can't open the branch teller app anymore. Everyone seems to be having the same issue.,Application,train,4,train,4,train,4,train
IM0042990,B_event_log,Customer Onboarding Portal Date Change Issue. I can't change the date on the customer onboarding portal after I submit it; I'm the only one experiencing this.,Application,train,5,train,5,train,5,train
IM0043001,B_event_log,"CRM Client-Records Access Denied. I can't access the CRM client-records system today, getting 'access denied'. I could use it yesterday.",Application,test,5,train,5,train,5,train
IM0043023,B_event_log,"Customer Onboarding Portal Empty. The customer onboarding portal shows no reports today, which prevents customers from completing transactions.",Application,train,2,train,2,train,2,train
IM0043027,B_event_log,HR Self-Service Portal Error. The HR self-service portal displays 'your connection is not private' since this morning.,Application,test,4,train,4,train,4,train
IM0043030,B_event_log,"High CPU Usage on Payments Service. One process on SBA000063 is using 98% CPU in a tight loop, causing other services to be starved.",Application,train,5,train,5,test,5,train
IM0043037,B_event_log,Internet Banking Portal Unavailable. The Internet Banking portal is not working since Monday morning.,Application,train,4,train,4,train,4,train
IM0043136,B_event_log,"Account Lockout Issue. My account locks every morning, but I enter the right password. Only my account is affected.",Application,train,5,test,5,train,5,train
IM0043152,B_event_log,"HR Self-Service Portal Access Denied. I can't access the HR self-service portal, and others report the same issue.",Application,train,4,train,4,train,4,train
IM0043201,B_event_log,"Internet Banking Search Timeout. When searching for customers in the Internet Banking portal, it takes longer than usual and sometimes fails.",Application,train,4,train,4,train,4,train
IM0043218,B_event_log,"Submit button not working. Since the new version of the document management system was installed, the submit button doesn't function and we can't complete our tasks.",Application,test,4,train,4,train,4,test
IM0043239,B_event_log,Payments Processing Service Slowdown. Opening records takes too long and sometimes the screen freezes. Restarting fixes it but the slowness returns.,Application,train,4,train,4,train,4,train
IM0043240,B_event_log,Account Lockout After Password Change. My account locks automatically every morning with the correct password.,Application,test,4,train,4,train,4,train
IM0043249,B_event_log,"HR Self-Service Portal Access Issue. I can't access the HR self-service portal now, like yesterday. Other people in my team have the same problem.",Application,test,4,test,4,test,4,train
IM0043276,B_event_log,Loan Origination System Data Lag. The loan origination system displays yesterday’s data instead of today's. The overnight update failed to occur.,Application,test,4,train,4,train,4,train
IM0043311,B_event_log,NullPointerException in Risk Reporting Dashboard. A technical observation shows a Stack trace indicating a NullPointerException originating from the new validation module.,Application,train,3,train,3,train,3,train
IM0043317,B_event_log,Payments Processing Service Scheduler Alert. Automated monitoring alert: Job chain for payments processing service on SUB000456 ended with return code 8.,Application,test,4,train,4,train,4,train
IM0043318,B_event_log,Mortgage Advisory Application Error Rate. Error rate for mortgage advisory application exceeds 15% with timeout errors during peak hours.,Application,train,3,test,3,test,3,train
IM0043331,B_event_log,Internet Banking - SSL Certificate Issue. Internet Banking portal shows 'Your connection is not private'. Some colleagues also see this.,Application,train,4,train,4,train,4,train
IM0043339,B_event_log,CRM Client-Records System Slowdown. The CRM client-records system slows down and freezes when accessing records after a busy period. Restarting helps temporarily.,Application,train,4,train,4,train,4,train
IM0043375,B_event_log,Slow Risk Reporting Dashboard. The dashboard used for risk reporting is very slow to load since this morning.,Application,test,4,test,4,test,4,test
IM0043415,B_event_log,"Document Management System Error. The document management system says 'your connection is not private,' making it hard for some colleagues to access documents.",Application,train,4,test,4,train,4,train
IM0043432,B_event_log,Teller Application Service Stopped. Branch teller application service stopped during monthly patch maintenance.,Application,test,5,train,5,test,5,train
IM0043447,B_event_log,High CPU Utilization on Document Management System. CPU utilization on SBA000461 reached 100% for 45 minutes after the monitoring agent update.,Application,train,4,train,4,train,4,train
IM0043448,B_event_log,"Loan Origination System Empty Reports. Today, reports on the loan origination system are showing no data. It seems like the data hasn't been loaded.",Application,train,4,train,4,train,4,train
IM0043488,B_event_log,Loan Origination System Access Denied. I can't access the loan origination system today even though I logged in yesterday.,Application,train,3,test,3,train,3,train
IM0043521,B_event_log,High heap usage & long response times. Monitoring alert: heap usage above 95% and average response time over 8 seconds on SUB000456.,Application,train,4,train,4,train,4,train
IM0043527,B_event_log,"HR Self-Service Portal Slow Response. When searching for customers on the HR self-service portal, it takes longer than usual and sometimes fails.",Application,train,4,test,4,test,4,train
IM0043528,B_event_log,Document Export Empty in Production. I can't export files from the document management system. My colleagues have the same issue.,Application,train,4,test,4,test,4,test
IM0043552,B_event_log,"Risk Reporting Dashboard Slow Search. When searching for customers on the dashboard, it takes too long and sometimes fails.",Application,test,4,train,4,test,4,train
IM0043561,B_event_log,"Customer Onboarding Portal Error. The customer onboarding portal keeps showing an error page saying the request timed out, especially in the mornings.",Application,train,3,train,3,train,3,train
IM0043570,B_event_log,"Payments Service Connection Pool Exhaustion. Saving data in the payments service fails occasionally, then works after a while. My colleagues also face this issue.",Application,test,4,train,4,train,4,train
IM0043572,B_event_log,"Loan Origination System Error. The loan origination system sometimes shows an error page saying the request timed out, especially in the morning.",Application,train,4,train,4,train,4,train
IM0043575,B_event_log,Loan Origination System Data Outdated. The loan origination system shows old figures from the previous day. The overnight update did not occur.,Application,train,4,train,4,test,4,train
IM0043580,B_event_log,CRM System Unavailable. The CRM client-records system stopped working on Monday after the server rebooted last night.,Application,train,4,train,4,test,4,test
IM0043587,B_event_log,Application Data Upload Failures. Uploads to our application are not working since early this morning.,Infrastructure,train,3,test,3,train,3,train
IM0043594,B_event_log,Risk Reporting Dashboard Performance Issue. The risk reporting dashboard search query is performing a full table scan due to outdated optimizer statistics.,Application,train,5,test,5,test,5,train
IM0043651,B_event_log,TLS Certificate Expired - CRM Client-Records System. Support engineer observed that logs showed 'PKIX path validation failed: certificate expired' when attempting to call the backend of the CRM client-records system.,Application,train,4,train,4,train,4,test
IM0043655,B_event_log,Access Denied on Internet Banking Portal. I can't log into the Internet Banking portal now. Others in my department also can't log in.,Application,train,4,test,4,test,4,test
IM0043666,B_event_log,Customer Onboarding Portal SSL Certificate Issue. Technical observation showed 'PKIX path validation failed: certificate expired' errors when accessing the customer onboarding portal backend.,Application,train,4,train,4,train,4,train
IM0043689,B_event_log,"Loan Origination System Import Job Error. Support engineer observed that an import job for the loan origination system failed at record 1,204 due to an invalid date format.",Application,train,5,test,5,train,5,train
IM0043693,B_event_log,High CPU Utilization on Payments Service. Monitoring alert shows SBA000607 CPU at 100% for 45 mins.,Application,train,4,train,4,train,4,train
IM0043698,B_event_log,Workstation Application Not Starting. My computer won't run the application anymore; it shows a message from my security program.,Application,train,4,train,4,train,4,train
IM0043712,B_event_log,Loan Origination System Authentication Failures. Authentication failures spiked to 100% on DTA000616 at 07:30 after identity-provider certificate rollover.,Application,test,4,train,4,test,4,train
IM0043724,B_event_log,Missing approval button in SBA000131. I can't find the place to approve requests on the customer onboarding portal. The 'approve' button is gone.,Application,train,,not used,,not used,4,train
IM0043735,B_event_log,HR Self-Service Portal Timeouts. The HR self-service portal times out when many people try to access it early in the morning.,Application,train,4,test,4,test,4,train
IM0043741,B_event_log,Account Locks After Password Change. My account locks every morning despite typing the right password. This happens after changing my password.,Application,train,4,test,4,train,4,test
IM0043748,B_event_log,Teller Application Overnight Update Failed. The branch teller application displayed outdated figures from the previous day; the nightly update process stopped working.,Application,train,4,train,4,train,4,test
IM0043758,B_event_log,Branch Teller Application Unavailable. The branch teller application doesn't work since Monday morning.,Application,train,4,train,4,train,4,train
IM0043786,B_event_log,"High CPU usage causing service outage. A process on SBA000462 was using 98% CPU in a tight loop, starving other services; this occurred after a monitoring agent update.",Application,train,4,train,4,train,4,train
IM0043787,B_event_log,Empty Export From Internet Banking. I can't export data from the Internet Banking portal. The file comes out blank.,Application,test,5,train,5,train,5,test
IM0043790,B_event_log,Internet Banking Portal Sluggishness. Opening records in the Internet Banking portal takes too long and sometimes freezes. Restarting fixes it temporarily.,Application,train,4,train,4,train,4,train
IM0043793,B_event_log,Document Management System Service Down. The document management system application service stopped during the monthly patch window.,Application,test,4,train,4,test,4,train
IM0043829,B_event_log,HR Self-Service Portal Unstable. Transactions degrade and the application eventually stops responding after each restart.,Application,test,4,train,4,train,4,train
IM0043831,B_event_log,"High Query Time on SUB000424. Database alert: Average query time exceeded 30 seconds, causing single user session wait times.",Application,train,5,train,5,train,5,test
IM0043834,B_event_log,"Loan Origination System Slow. The loan origination system is extremely slow, taking too long to display screens and frequently freezing.",Application,test,5,train,5,train,5,train
IM0043857,B_event_log,Slow Application Data Volume. The application data volume used by our team is very slow today.,Infrastructure,train,3,train,3,train,3,test
IM0043859,B_event_log,Failed Patch Installation on HR Portal. A patch installation on SBA000461 failed during the 'configuring updates' phase after a server reboot last night.,Application,test,4,test,4,train,4,test
IM0043869,B_event_log,"Endpoint Agent Quarantines Application DLL. The endpoint agent on DTA000616 quarantined an application's DLL after a policy update, causing a false positive.",Application,train,,not used,,not used,3,train
IM0043878,B_event_log,Loan Origination System Patch Issue. Patch installation on SBA000461 failed at 'configuring updates' stage; the server hung during the process.,Application,test,4,train,4,test,4,test
IM0043902,B_event_log,High CPU Utilization on Customer Onboarding Portal. CPU usage reached 100% on DCE000077 for 45 minutes after monitoring agent update.,Infrastructure,train,3,test,3,test,3,train
IM0043934,B_event_log,"Bulk Import Address Fields Overwrite. During an acceptance environment test, a bulk import operation unintentionally replaced customer address fields with values from another column for some records.",Application,train,3,train,3,train,4,train
IM0043991,B_event_log,Loan Origination System Data Lag. The loan origination system shows yesterday’s data instead of today’s. This affects several departments and blocks customer transactions.,Application,train,2,train,2,train,2,train
IM0043999,B_event_log,Document Management System Account Lockout. Alert: Service account locked out 6 times in 1 hour due to stale credentials.,Application,train,4,train,4,test,4,train
IM0044012,B_event_log,"AWR Report Query Plan Issue. A full table scan was executed on transactions table post-large data load, changing after optimizer statistics became stale.",Application,train,4,train,4,test,4,train
IM0044021,B_event_log,Customer Onboarding Submit Button Failure. The submit button on the customer onboarding portal doesn't work after the new version was released.,Application,train,3,train,3,train,3,test
IM0044043,B_event_log,"SAN Path Failure Alert. Multipath alert on DCE000077: 2 of 4 paths down, I/O latency 180 ms.",Infrastructure,train,3,train,3,test,3,train
IM0044059,B_event_log,Scheduled Task Locking Account. A scheduled task using an old password is locking out the account SBA000805 in the production environment.,Application,train,3,train,3,train,3,test
IM0044076,B_event_log,Mortgage Advisory Application Timeouts. The mortgage advisory application is taking too long to respond during the morning rush.,Application,train,4,train,4,train,4,train
IM0044084,B_event_log,"Branch Network Drops. Our branch network stops working for short times, making our apps disconnect.",Network,train,3,train,3,test,3,train
IM0044087,B_event_log,"Submit Button Not Working After Update. Since the new Internet Banking portal version was released, the submit button doesn't work anymore and we can't complete our tasks.",Application,train,4,train,4,test,4,train
IM0044096,B_event_log,Laptop Won't Boot - LAP000624. My laptop won't turn on. It just shows a black screen with a blinking cursor.,Hardware,train,4,test,4,train,4,train
IM0044127,B_event_log,"Customer Onboarding Portal Error. The customer onboarding portal displays an error page indicating a timeout, particularly in the mornings during busy times.",Application,train,4,test,4,train,4,train
IM0044149,B_event_log,Risk Reporting Dashboard Printing Error. We can't print the overview on the risk reporting dashboard anymore; it worked before the update.,Application,train,4,test,4,train,4,train
IM0044241,B_event_log,Network Port Issues. Port on CNT000045 has late collisions and CRC errors; device negotiated half duplex.,Network,train,3,train,3,train,3,test
IM0044275,B_event_log,Payments Processing Service Locking Issue. Support engineer observed that the payments processing service locks fields after submission as per design.,Application,test,4,train,4,test,4,train
IM0044283,B_event_log,Branch Teller Application Startup Issue. The branch teller application on configuration item SBA000335 failed to start after the monthly patch reboot due to the database service not being available.,Application,train,4,test,4,train,4,train
IM0044296,B_event_log,"CRM Client-Records System Error. Saving data in CRM client-records system fails occasionally with a generic error, then works after a while.",Application,train,4,train,4,train,4,test
IM0044342,B_event_log,Slow Branch Teller Application. The branch teller app on server SBA000461 works very slow since morning.,Application,train,4,train,4,train,4,train
IM0044403,B_event_log,Risk Reporting Dashboard Service Account Lockout. Service account for risk reporting dashboard locked out 6 times in 1 hour.,Application,train,4,train,4,train,4,train
IM0044425,B_event_log,Loan Origination System Slowness. Opening a loan record in the system takes too long and sometimes freezes. Restarting helps but the slow performance returns.,Application,test,5,train,5,train,5,train
IM0044440,B_event_log,"SAN000182 Multipath Failure. Automated alert: SAN000182 has 2 out of 4 paths down, increasing I/O latency to 180 ms.",Storage,test,4,test,4,train,4,test
IM0044445,B_event_log,HR Self-Service Portal Response Time Degradation. Transactions on HR self-service portal degrade after each restart until application stops responding.,Application,train,4,train,4,train,4,train
IM0044457,B_event_log,Payments Date Field Locking. I can't update the payment date after I submit it; the system won't let me.,Application,test,4,train,4,test,4,train
IM0044459,B_event_log,Bulk Import Address Overwrite. A bulk import operation inadvertently updated address fields with incorrect data from an external source.,Application,test,4,train,4,train,4,train
IM0044461,B_event_log,HR Search Query Performance Issue. The HR self-service portal search query is performing a full table scan due to outdated optimizer statistics.,Application,test,4,train,4,test,4,train
IM0044478,B_event_log,"Invalid SAML Signature - Internet Banking. The SAML responses for the Internet Banking portal on configuration item SBA000172 are being rejected due to an invalid signature, indicating that the IdP token-signing certificate does not match the configured one.",Application,train,4,train,4,test,4,train
IM0044510,B_event_log,TLS Certificate Expired - Internet Banking Portal. Technical observation: PKIX path validation failed due to a certificate expiration when accessing the backend of the Internet Banking portal.,Application,train,4,train,4,train,4,test
IM0044518,B_event_log,Branch Teller Application Outdated Figures. The branch teller application displays old data from yesterday instead of today's figures. The overnight update didn't happen.,Application,test,5,train,5,test,5,test
IM0044534,B_event_log,"GC Thread Dumps & Memory Leak. Thread dumps show blocked threads in garbage collection; memory usage increases continuously, causing the CRM client-records system to hang.",Application,train,4,test,4,train,4,test
IM0044543,B_event_log,"Payments Processing Service Patch Installation Failure. A patch installation on SBA000662 failed during configuration updates, causing the server to hang.",Application,train,3,train,3,test,3,train
IM0044548,B_event_log,Document Management System Batch Job Failure. A nightly batch job on WBA000133 was aborted due to an input file not arriving in time.,Application,test,2,train,2,train,2,train
IM0044555,B_event_log,Document Management System Job Chain Failure. Scheduler alert: job chain for document management system on SBA000607 ended with return code 8.,Application,train,4,train,4,train,4,train
IM0044558,B_event_log,Laptop Startup Error. My laptop shows a BitLocker recovery prompt at startup.,Hardware,test,5,train,5,train,5,train
IM0044568,B_event_log,Invalid SAML Signature on HR Self-Service Portal. The SAML responses for the HR self-service portal on configuration item SBA000812 are being rejected with an 'invalid signature'. The IdP token-signing certificate does not match the one configured.,Application,train,2,train,2,train,2,train
IM0044612,B_event_log,"CRM Submit Button Not Working. Since updating to the new CRM client-records system version, when trying to submit information, the 'submit' button doesn't do anything and we can't complete our tasks.",Application,train,4,train,4,train,4,train
IM0044613,B_event_log,TLS Handshake Failures on Internet Banking Portal. Interface monitor reported TLS handshake failures between WBA000122 and backend since midnight.,Application,train,3,train,3,train,3,train
IM0044614,B_event_log,"Loan Origination System Slow. Database alert: Average query time exceeds 30 seconds, causing session wait times.",Application,train,5,train,5,train,5,train
IM0044615,B_event_log,"Risk Reporting Dashboard Submit Button Issue. Since the new risk reporting dashboard update, when trying to submit reports, the button doesn't do anything.",Application,train,5,train,5,train,5,test
IM0044625,B_event_log,Internet Banking Portal Sluggishness. Opening records in the Internet Banking portal takes a long time and sometimes causes the screen to freeze. Restarting the system fixes the issue temporarily.,Application,train,4,test,4,train,4,train
IM0044629,B_event_log,Workstation Applications Not Starting. The application won't open anymore. A message from the security software says the application is blocked.,Application,train,4,train,4,train,4,test
IM0044650,B_event_log,CRM Client-Records System TLS Handshake Failure. Support engineer observed 'PKIX path validation failed: certificate expired' in logs when accessing CRM client-records system backend.,Application,train,4,test,4,train,4,test
IM0044663,B_event_log,High Authentication Failures on Risk Reporting Dashboard. Authentication issues spiked to 100% for the risk reporting dashboard.,Application,train,5,train,5,test,5,train
IM0044669,B_event_log,Document Management System Certificate Issue. The document management system shows 'PKIX path validation failed: certificate expired' when trying to connect to the backend.,Application,test,4,train,4,test,4,train
IM0044681,B_event_log,Fibre Channel Port Errors. Technical observation of fibre-channel port errors on switch port of DCE000106; multipathing reports degraded paths and high latency.,Infrastructure,train,,not used,,not used,3,test
IM0044690,B_event_log,SAP HR Transaction Error. I can't start the SAP HR transaction because it shows a runtime error and stops working.,Application,train,4,train,4,train,4,train
IM0044704,B_event_log,"Document Management System Empty Reports. Today, reports in the document management system are blank. It appears that the data hasn't been loaded properly.",Application,train,4,train,4,train,4,train
IM0044711,B_event_log,Scheduled Task Lockout Due to Old Password. Support engineer observed that a scheduled task on SUB000456 still uses the old password despite recent changes.,Application,train,4,train,4,train,4,test
IM0044737,B_event_log,Document Management System Rounding Difference. The amounts shown in the overview of the document management system are rounded differently from those in the detail screen.,Application,train,4,test,4,test,4,test
IM0044762,B_event_log,Payments Response Time Degradation. Transactions slow down and eventually stop working after each restart of SBA000063.,Application,test,5,test,5,test,5,train
IM0044784,B_event_log,Incorrect Customer Addresses. The client addresses shown on the branch teller application are outdated; letters are being sent to previous locations.,Application,test,4,test,4,train,4,train
IM0044803,B_event_log,Customer Onboarding Portal Timeout. The customer onboarding portal is taking too long to load during peak morning hours.,Application,train,4,train,4,test,4,train
IM0044820,B_event_log,Risk Reporting Dashboard Data Save Failures. Saving data in the risk reporting dashboard fails occasionally with a generic error; it works again after a few minutes.,Application,test,4,train,4,test,4,train
IM0044838,B_event_log,"Account Lockout After Password Change. Every morning my account locks up, but I enter the right password.",Application,test,4,train,4,train,4,train
IM0044899,B_event_log,Missing Approve Button. I can't see the button to approve requests on the customer onboarding portal. I think others are having the same issue.,Application,train,4,test,4,test,4,train
IM0044900,B_event_log,Workstation Application Not Starting. The application won't open anymore; I get a security message after updating the agent.,Application,train,4,train,4,test,4,train
IM0044914,B_event_log,Missing Interface File. A batch job on WBA000148 was aborted due to an input file not arriving in time.,Application,train,4,test,4,train,5,train
IM0044958,B_event_log,"Account Locking Issue. Every morning, my HR self-service account locks even when I enter the right password.",Application,train,4,test,4,train,4,test
IM0044961,B_event_log,"Customer Onboarding Portal Import Job Failure. A nightly run of the import job for the customer onboarding portal failed on record 1,204 due to an invalid date format.",Application,train,4,train,4,train,4,train
IM0044962,B_event_log,CRM Client-Records Submit Button Issue. The 'submit' button on the CRM client-records system doesn't work anymore since the new version was released over the weekend.,Application,train,5,test,5,train,5,train
IM0044995,B_event_log,"Risk Reporting Dashboard Login Issues. No one can access the risk reporting dashboard; when trying to log in, we're redirected back to the login screen.",Application,train,4,train,4,train,4,train
IM0045011,B_event_log,"DB Connection Pool Exhaustion. Active DB connections from WBA000011 are stuck at the pool maximum, causing timeouts on the HR self-service portal.",Application,test,5,train,5,train,5,train
IM0045017,B_event_log,Teller Application Failure. Branch teller application synthetic transaction fails at step 3.,Application,train,4,test,4,train,4,train
IM0045032,B_event_log,"Customer Onboarding Portal Import Job Failure. A nightly import job for the customer onboarding portal failed on record 1,204 due to an invalid date format.",Application,test,4,train,4,train,4,train
IM0045035,B_event_log,"Customer Onboarding Portal Hangs. Thread dumps indicate blocked threads due to garbage collection issues, leading to continuous memory usage and eventual hang of the customer onboarding portal.",Application,train,5,train,5,test,5,train
IM0045045,B_event_log,Teller Application Sluggishness. The branch teller app is very slow and freezes often. My colleagues are also experiencing this issue.,Application,train,4,train,4,train,4,train
IM0045053,B_event_log,Inefficient Query Plan on Transactions Table. Support engineer noticed a full table scan on the transactions table for the search query; the execution plan changed after a data load.,Application,train,,not used,,not used,3,train
IM0045058,B_event_log,Payments Processing Function Misuse. Support engineer observed no errors in SUB000456 logs but noted users were experiencing incorrect function usage.,Application,train,4,train,4,train,4,train
IM0045061,B_event_log,"Branch Teller Login Issue. No one can log into the branch teller application; when I enter my credentials, it just sends me back to the login page.",Application,test,4,train,4,train,4,train
IM0045070,B_event_log,High Authentication Failures on Loan Origination System. Authentication failures spiked to 100% on WBA000133 at 07:30.,Application,train,4,train,4,test,4,test
IM0045083,B_event_log,"Mortgage Advisory Application Data Missing. Today, reports in the mortgage advisory application show no data, as the data seems not to have been loaded.",Application,train,4,train,4,train,4,train
IM0045128,B_event_log,"Payments Submit Button Not Working. Since installing the new payments processing service version, the 'submit' button doesn't work and we can't complete our tasks.",Application,train,4,train,4,train,4,train
IM0045156,B_event_log,High CPU Utilization on Payments Service. Payments processing service CPU utilization reached 100% for 45 minutes.,Application,test,4,train,4,train,4,train
IM0045160,B_event_log,Submit button issue in mortgage advisory. We can't click the submit button anymore since the new version was put in place. Now our work is stuck.,Application,train,4,train,4,train,4,train
IM0045174,B_event_log,Mortgage Advisory Application Query Slow. The mortgage advisory application search query performs a full table scan due to outdated optimizer statistics.,Application,test,4,train,4,train,4,test
IM0045179,B_event_log,"High CPU usage affecting loan origination. A critical process on SBA000462 is utilizing 98% CPU in an infinite loop, causing other services to fail.",Application,test,4,train,4,train,4,test
IM0045181,B_event_log,"HR Self-Service Portal TLS Handshake Failures. Interface monitor alerts TLS handshake failures since 00:00, impacting one team.",Application,train,3,test,3,test,3,train
IM0045200,B_event_log,Duplicate Customer Contracts in Teller App. Some colleagues are seeing duplicate contracts for the same customer on the branch teller application.,Application,train,4,train,4,train,4,train
IM0045211,B_event_log,TLS Handshake Failures in Branch Application. Interface monitor reported TLS handshake failures on WBA000011 since midnight.,Application,train,5,test,5,test,5,train
IM0045222,B_event_log,CRM Client-Records System High Usage. Monitoring alert: heap usage at 95% and avg response time over 8 seconds for CRM client-records system.,Application,train,4,train,4,test,4,train
IM0045229,B_event_log,"CRM System Error: Request Timeout. The CRM client-records system frequently displays an error page stating the request has timed out, particularly in the mornings.",Application,test,4,train,4,train,4,train
IM0045241,B_event_log,"Document Management System Errors. Saving documents into the system sometimes stops working suddenly, but then starts working again after a while.",Application,train,4,train,4,train,4,train
IM0045274,B_event_log,Internet Banking Error. Internet Banking portal shows an error message when entering amounts.,Application,test,3,train,3,train,3,train
IM0045315,B_event_log,Payments Database Full. The transaction log on ADB00050 is at 100% capacity.,Database,test,,not used,,not used,3,train
IM0045338,B_event_log,Internet Banking Portal Certificate Expired. The support engineer observed that calling the backend of the Internet Banking portal resulted in 'PKIX path validation failed: certificate expired' errors.,Application,train,4,train,4,train,4,train
IM0045359,B_event_log,Workstation Applications Not Starting. My application won't open anymore. My security software shows a quarantine message.,Application,train,4,train,4,test,4,train
IM0045360,B_event_log,Risk Reporting Dashboard Outdated. The risk reporting dashboard shows yesterday's data instead of today's. The change in the upstream system caused this.,Application,train,4,test,4,train,4,test
IM0045371,B_event_log,"Customer Onboarding Portal Slow Search. When searching for customers on the portal, it takes longer than usual and sometimes fails.",Application,test,4,train,4,test,4,train
IM0045397,B_event_log,"Slow Mortgage Advisory Application. Since morning, the mortgage advisory application on server SBA000142 has been very slow.",Application,test,4,train,4,train,4,test
IM0045456,B_event_log,Shared Drive Space Issue. I can't save anything on the shared drive. It says we're running out of space.,Storage,train,4,train,4,train,4,train
IM0045482,B_event_log,HR Self-Service Portal Account Lockout. AD alert: Service account locked out 6 times in 1 hour.,Application,train,,not used,,not used,3,train
IM0045542,B_event_log,Empty Export from Customer Onboarding Portal. I can't export data from the customer onboarding portal. Other people are having the same issue.,Application,train,4,test,4,train,4,train
IM0045549,B_event_log,CRM Client-Records System Access Denied. I can't open the CRM client-records system anymore. Others at my work have the same issue.,Application,train,4,train,4,test,4,train
IM0045553,B_event_log,"Internet Banking Slowdown. My computer takes a long time to load the Internet Banking page, especially after the regular check.",Application,test,4,test,4,train,4,train
IM0045579,B_event_log,CRM Client-Records System Overheating. Monitoring alert: Heap usage at 95% and response times over 8s. Impact: few users.,Application,train,4,train,4,test,4,test
IM0045582,B_event_log,Mortgage Advisory API Payload Parsing Issue. Regression observed in mortgage advisory application where new API call payload is not recognized by frontend.,Application,train,4,test,4,train,4,train
IM0045588,B_event_log,Teller Application Date Field Locking Issue. I can't change the date field after submitting on the branch teller app; it seems like a bug.,Application,train,5,test,5,train,5,test
IM0045605,B_event_log,"False Positive Endpoint Agent Quarantine. The endpoint agent on DTA000024 quarantined an application's DLL after a policy update, which was a false positive.",Application,train,3,train,3,train,3,train
IM0045669,B_event_log,Scheduled Task Locking Account. A scheduled task using an old password continues to lock the branch teller application account SBA000812.,Application,train,4,train,4,test,4,train
IM0045677,B_event_log,Mortgage Advisory Application Synthetics Failure. Automated monitoring alerted that synthetic transactions for SUB000465 on the mortgage advisory application fail at step 3 post-weekend release.,Application,test,4,test,4,train,4,train
IM0045696,B_event_log,"Document Management System Login Issue. No one can log into the document management system anymore; upon re-entering credentials, they are redirected back to the login page.",Application,train,4,train,4,train,4,train
IM0045701,B_event_log,Mortgage Advisory Application Addresses Issue. The client addresses in the mortgage advisory application are incorrect for many customers; letters are being sent to the wrong old address.,Application,train,4,train,4,train,4,train
IM0045712,B_event_log,Risk Reporting Dashboard Synthetic Transaction Failure. Automated alert: Synthetic transaction failed on risk reporting dashboard on SBA000847.,Application,train,3,train,3,train,3,train
IM0045717,B_event_log,Invalid SAML Signature in Internet Banking. Support engineer observed that SAML responses for the Internet Banking portal on configuration item DTA000024 are being rejected due to an invalid signature caused by a mismatch between the configured and actual IdP token-signing certificate.,Application,train,3,train,3,train,3,test
IM0045730,B_event_log,"HR Self-Service Portal Import Job Failure. A nightly import job for the HR self-service portal failed due to an invalid date format in record 1,204 of the interface file.",Application,train,4,train,4,train,4,train
IM0045732,B_event_log,Scheduler Alert: Mortgage Advisory Application Job Chain. Automated alert: job chain for mortgage advisory application on SUB000456 ended with return code 8.,Application,train,4,test,4,train,4,train
IM0045750,B_event_log,HR Self-Service Portal Printing Error. We can't print the overview on the HR self-service portal anymore; it used to work fine last week.,Application,train,3,train,3,train,3,train
IM0045765,B_event_log,Laptop Won't Start - Black Screen. My laptop won't turn on and just shows a black screen with a blinking cursor.,Hardware,train,5,train,5,train,5,test
IM0045766,B_event_log,Branch Teller Application Synthetic Transaction Failure. Automated monitoring alerts that a synthetic transaction for the branch teller application on configuration item WBA000058 fails at step 3 following last night's deployment.,Application,train,4,test,4,train,4,train
IM0045785,B_event_log,Branch Teller Application Slow. The branch teller app is taking too long to respond since morning.,Application,test,4,train,4,train,4,test
IM0045791,B_event_log,Customer Onboarding Portal Error. The customer onboarding portal is showing 'your connection is not private'. This started happening this morning.,Application,train,,not used,,not used,3,train
IM0045835,B_event_log,Scheduled Task Lockout Due to Stale Credentials. A scheduled task on configuration item SUB000456 continues to use an old password after a recent change.,Application,train,4,train,4,test,4,test
IM0045839,B_event_log,Workstation Application Not Starting. The application won't open any more. My security software shows an error.,Application,train,3,test,3,train,3,train
IM0045841,B_event_log,HR Self-Service Portal Timeout Errors. Error rate for HR self-service portal at 15% during peak hours due to timeout errors.,Application,train,,not used,,not used,3,train
IM0045889,B_event_log,"Slow CRM Client-Records System. The CRM system is very slow today, especially affecting some colleagues.",Application,train,4,train,4,train,4,train
IM0045901,B_event_log,Scheduled Task Stale Credentials. A scheduled task on WBA000058 still uses an old password after the recent change.,Application,train,4,train,4,train,4,train
IM0045909,B_event_log,HR Self-Service Portal Data Incomplete. A batch job on WBA000049 was aborted due to an input file not being available before the cut-off.,Application,train,3,train,3,train,3,train
IM0045929,B_event_log,Loan Origination System Connection Pool Issue. Active DB connections from SBA000812 reached maximum; loan origination system experienced timeouts.,Application,train,4,train,4,train,4,train
IM0045949,B_event_log,HR Self-Service Portal SAML Signature Issue. SAML responses for the HR self-service portal are rejected due to an invalid signature caused by a mismatch between the configured and used token-signing certificate.,Application,train,4,train,4,train,4,train
IM0045954,B_event_log,Customer Onboarding Portal Scheduler Alert. Scheduler alerted: customer onboarding portal job chain ended with return code 8 following upstream system change.,Application,train,5,train,5,test,5,train
IM0045990,B_event_log,Teller Application Data Lag. The branch teller application displays old data from yesterday; we couldn't get the update.,Application,train,4,train,4,train,4,train
IM0046012,B_event_log,Scheduled Task Lockout Due to Old Password. A scheduled task on configuration item SBA000845 continues to use an old password after it was changed.,Application,train,3,train,3,train,3,train
IM0046023,B_event_log,HR Self-Service Portal Performance Issue. Heap usage and response times exceed limits causing service outage.,Application,test,3,test,3,train,3,train
IM0046025,B_event_log,HR Self-Service Portal Account Lockout. AD alert: service account locked out 6 times in 1 hour.,Application,train,3,train,3,train,3,train
IM0046045,B_event_log,Branch Teller Approval Button Missing. I can't see how to approve requests in the branch teller app. It looks like the button is gone.,Application,test,4,train,4,train,4,test
IM0046058,B_event_log,"Internet Banking Search Timeout. When searching for customers, the Internet Banking site takes more than a minute to load and sometimes fails.",Application,train,3,test,3,test,3,train
IM0046070,B_event_log,Document Management System Errors. Saving documents in the system sometimes stops working suddenly and then starts working again after a while.,Application,test,5,test,5,test,5,train
IM0046105,B_event_log,Incorrect Customer Addresses. Letters are being sent to the wrong addresses for some clients on the document management system.,Application,train,5,test,5,train,5,train
IM0046106,B_event_log,Customer Onboarding Portal Unavailable. The customer onboarding website isn't working since Monday morning.,Application,test,4,test,4,train,4,test
IM0046121,B_event_log,CRM Client-Records System Error. We can't print the client-overview anymore after the update; it worked before.,Application,test,4,train,4,train,4,train
IM0046130,B_event_log,Loan Origination System Job Chain Failed. Alert: Scheduler job chain for loan origination system on SUB000436 ended with return code 8 during nightly run.,Application,test,5,test,5,train,5,train
IM0046152,B_event_log,"Risk Reporting Dashboard Error. The risk reporting dashboard displays 'Your connection is not private', preventing users from accessing the dashboard.",Application,train,4,train,4,train,4,train
IM0046198,B_event_log,Bulk Import Address Overwrite. A bulk import overwrote customer addresses with values from the wrong column for some customers.,Application,test,4,train,4,train,4,train
IM0046206,B_event_log,"Invalid SAML Signature on Risk Reporting Dashboard. Technical observation: SAML responses for the risk reporting dashboard on configuration item SUB000424 are rejected due to an invalid signature, caused by a mismatch between the configured and used token-signing certificate.",Application,train,4,train,4,train,4,train
IM0046211,B_event_log,"Internet Banking Access Denied After Certificate Roll. I can't access the Internet Banking site anymore. It worked yesterday, but now everyone gets 'access denied'.",Application,train,4,train,4,train,4,train
IM0046217,B_event_log,Mortgage Advisory Application Unavailable. The mortgage advisory application is not working since yesterday morning after a server restart.,Application,train,,not used,,not used,3,test
IM0046252,B_event_log,CRM API Payload Parsing Issue. Regression in CRM client-records system due to changed API payload causing frontend on SBA000834 to fail parsing.,Application,train,4,train,4,train,4,train
IM0046258,B_event_log,Mortgage Advisory Application Unavailable. The mortgage advisory application is not working since Monday morning.,Application,train,5,train,5,test,5,train
IM0046265,B_event_log,Account Locking After Password Change. Every morning my account locks even when I enter the right password.,Application,test,5,test,5,train,5,test
IM0046277,B_event_log,"Payments Service Error Page. We see an error page saying the payment process timed out, especially in the morning.",Application,test,4,train,4,train,4,train
IM0046280,B_event_log,"Payments Service Performance Issues. The payments processing service is very slow and keeps hanging, affecting everyone in our team.",Application,train,3,train,3,train,3,test
IM0046289,B_event_log,"Empty Loan Origination System Reports. Today, reports in the loan origination system are missing all data, colleagues also see this issue.",Application,train,4,train,4,train,4,train
IM0046292,B_event_log,VPN Connection Drops. My remote work VPN keeps disconnecting every 10 minutes.,Security,train,3,test,3,test,3,train
IM0046304,B_event_log,Payments Processing Service Account Locked Out. Service account for payments processing service locked out six times in one hour.,Application,test,4,train,4,test,4,train
IM0046323,B_event_log,"High CPU usage on SBA000811. A critical process on SBA000811 was using 98% CPU in a tight loop, causing other services to be starved.",Application,train,4,train,4,train,4,train
IM0046326,B_event_log,HR Self-Service Portal Slowdown. The HR self-service portal is slow throughout the day and freezes when I try to access client records.,Application,train,5,test,5,train,5,train
IM0046333,B_event_log,TLS Handshake Failures on HR Portal. Automatic monitoring detected TLS handshake failures on HR self-service portal since midnight.,Application,test,4,train,4,train,4,test
IM0046334,B_event_log,"Access Denied to Loan Origination System. I can't open the loan origination system anymore, even though I logged in yesterday.",Application,test,,not used,,not used,3,train
IM0046335,B_event_log,Loan Origination System Unavailable. The loan origination system stopped working since Monday morning after a reboot.,Application,train,4,train,4,train,4,train
IM0046346,B_event_log,Submit button not working. The submit button doesn't respond after the new version of the mortgage advisory application was installed.,Application,test,4,train,4,test,4,train
IM0046347,B_event_log,High Heap Usage & Response Time. Alert: Heap usage at 95% and avg response time >8s for branch teller app.,Application,train,4,test,4,train,4,train
IM0046377,B_event_log,HR Self-Service Portal Client Addresses Mismatch. The client addresses shown in the HR self-service portal are incorrect and outdated; they're still using the old addresses.,Application,test,4,train,4,test,4,train
IM0046388,B_event_log,"Empty CRM Client-Records System Reports. Today, the CRM client-records system reports are blank. It appears that the data hasn't been loaded into the system.",Application,train,5,test,5,train,5,train
IM0046391,B_event_log,Customer Onboarding Portal Errors. The customer onboarding portal experiences 15% timeout errors during peak business hours.,Application,train,4,train,4,train,4,train
IM0046399,B_event_log,Batch Job Aborted Due to Missing Interface File. The nightly batch job on configuration item SBA000079 was aborted because the interface file from the upstream system was missing or malformed.,Application,train,3,train,3,train,3,test
IM0046404,B_event_log,"Customer Onboarding Portal Errors. Customer onboarding portal displays 'request timed out' error page frequently, especially in the mornings.",Application,train,3,test,3,test,3,train
IM0046453,B_event_log,"Print Spooler Hang on SCN000001. The spooler on the print server hangs when processing a corrupted job for SCN000001, causing the queue to be blocked.",Hardware,test,3,train,3,train,3,test
IM0046457,B_event_log,Duplicate Contracts on HR Portal. HR self-service portal shows extra copies of contracts for some customers.,Application,train,4,test,4,train,4,train
IM0046464,B_event_log,Mortgage Advisory Application Outdated Figures. The mortgage advisory application displays outdated figures from the previous day. The overnight update failed.,Application,test,4,train,4,train,4,train
IM0046471,B_event_log,Branch Printer Offline Error. Branch printers stopped working and show offline. We tried to print but got errors.,Hardware,test,,not used,,not used,3,test
IM0046487,B_event_log,Branch Printer Not Printing. The printer at our branch isn't working; it keeps putting documents back into the queue.,Hardware,train,3,train,3,train,3,train
IM0046501,B_event_log,"Internet Banking Error Timeout. Internet Banking portal shows error pages saying the request timed out, especially in the morning.",Application,train,4,train,4,train,4,train
IM0046508,B_event_log,Document Management System Connection Issue. The document management system keeps saying 'Your connection is not private.' This affects some of our colleagues.,Application,train,4,test,4,train,4,train
IM0046510,B_event_log,Incorrect Client Addresses in Teller App. The client addresses in our branch teller application are showing as old addresses for many customers.,Application,train,5,train,5,train,5,train
IM0046516,B_event_log,"Account Locking Every Morning. Every morning, my account locks automatically even when I enter the right password.",Application,train,4,train,4,train,4,train
IM0046571,B_event_log,Laptop Startup Error After BIOS Update. My laptop won't start because it shows a BitLocker recovery key screen.,Hardware,train,5,train,5,test,5,train
IM0046587,B_event_log,Payments Processing Service Unavailable. The payments processing service isn't working since Monday morning.,Application,train,5,test,5,test,5,train
IM0046600,B_event_log,"Slow AWR Report Execution Plan. The AWR report on SBA000073 performs a full table scan on the transactions table for the search query, changing the execution plan after a recent data load.",Application,train,3,train,3,train,3,train
IM0046609,B_event_log,Laptop Startup Error. My laptop won't start because it asks for a BitLocker recovery key.,Hardware,test,5,test,5,train,5,train
IM0046619,B_event_log,"Internet Banking Client Address Mismatch. The client addresses shown in the Internet Banking portal are incorrect for some customers, sending them to their old addresses.",Application,train,4,train,4,train,4,train
IM0046638,B_event_log,CRM Scheduler Job Chain Failed. Automated alert: CRM client-records system job chain on SBA000172 ended with return code 8 during nightly run.,Application,test,5,train,5,test,5,train
IM0046657,B_event_log,"Payments Processing Data Quality Issue. Data-quality check failed for SBA000659, reporting 312 records failing referential integrity.",Application,test,4,train,4,train,4,train
IM0046666,B_event_log,"CRM Client-Records System Slowdown. The CRM system takes longer to load client records, especially in the afternoon, and sometimes freezes completely. Restarting the system helps temporarily.",Application,train,4,train,4,test,4,train
IM0046675,B_event_log,"HR Self-Service Portal Data Missing. Today, reports on the HR self-service portal are empty. It seems like the data wasn't loaded.",Application,train,4,train,4,train,4,test
IM0046689,B_event_log,Missing approval button in risk reporting. I can't find the button to approve requests on the risk reporting dashboard. It looks like the button is missing.,Application,train,3,test,3,test,3,train
IM0046704,B_event_log,Missing Approval Button. Cannot find the approval button on the risk reporting dashboard; it seems to be missing.,Application,train,4,train,4,train,4,test
IM0046740,B_event_log,Garbage Collection Pauses & CRM System Freeze. Long garbage collection pauses observed on DTA000056 causing the CRM client-records system to freeze.,Application,train,3,train,3,train,3,train
IM0046751,B_event_log,"Risk Reporting Dashboard Error. The risk reporting dashboard displays 'Your connection is not private,' affecting some colleagues.",Application,train,4,train,4,train,4,test
IM0046754,B_event_log,High Authentication Failures on Document Management System. Authentication failures reached 100% on document management system due to certificate rollover.,Application,train,4,train,4,train,4,train
IM0046756,B_event_log,Bulk Import Address Field Corruption. A bulk import operation on loan origination system configuration item WBA000058 incorrectly updated address fields with data from an unrelated column.,Application,test,4,train,4,train,4,test
IM0046777,B_event_log,Loan Origination System Error Rate Alert. Error rate for WBA000058 increased to 15% during peak hours due to timeout errors.,Application,train,4,test,4,train,4,train
IM0046797,B_event_log,"Loan Origination System Frequent Freezes. When I try to open a loan record, it takes ages and the screen often freezes. Restarting the system fixes the issue temporarily.",Application,test,4,train,4,train,4,test
IM0046806,B_event_log,"Customer Onboarding Portal Slowness. The customer onboarding portal is extremely slow and frequently hangs, making it hard to use.",Application,test,4,train,4,train,4,train
IM0046818,B_event_log,Slow User Profile Load Time. A support engineer observed that the profile load time for users on APP000005 exceeded 5 minutes due to a corrupt roaming profile of 4 GB size.,Application,train,4,test,4,train,4,test
IM0046826,B_event_log,NullPointerException in New Validation Module. Support engineer observed a Stack trace showing a NullPointerException in the new validation module of the document management system.,Application,train,3,train,3,train,3,test
IM0046835,B_event_log,Worker App Load Index High. New sessions to APP000005 are being rejected due to high load index.,Application,test,2,test,2,test,2,test
IM0046858,B_event_log,"Kerberos/SSO Handshake Failure. The risk reporting dashboard on SBA000462 failed Kerberos/SSO handshake since morning, preventing users from logging in.",Application,test,4,train,4,train,4,train
IM0046866,B_event_log,HR Self-Service Portal Down. HR self-service portal stopped working after maintenance window.,Application,train,3,train,3,train,3,train
IM0046868,B_event_log,"Loan Origination System Query Delay. Database alert: Average query time exceeds 30 seconds on SBA000172, causing session waits.",Application,train,3,train,3,train,3,train
IM0046872,B_event_log,"High CPU Usage by Scheduled Task. A process on SBA000172 was using 98% CPU in a tight loop after the scheduled scan started, starving other services.",Application,train,3,train,3,train,3,test
IM0046873,B_event_log,"Failed Patch Installation - SBA000172. A patch installation on SBA000172 server failed midway, causing the server to hang at 'configuring updates'. This disruption has been observed after a recent reboot.",Application,train,,not used,,not used,3,train
IM0046894,B_event_log,"Payments Processing API Payload Regression. Technical observation: The API call's payload changed in the new release, causing WBA000011 frontend to fail parsing.",Application,train,5,train,5,train,5,train
IM0046896,B_event_log,Internet Banking Saving Data Fails. Saving data in the Internet Banking portal sometimes stops working and then starts working again after a while.,Application,train,5,test,5,test,5,test
IM0046897,B_event_log,"Mortgage Advisory Application Data Missing. The reports in the mortgage advisory application show no data today, as it seems the data has not been loaded.",Application,train,3,train,3,train,3,train
IM0046900,B_event_log,"HR Self-Service Portal Data Missing. Today, the HR self-service portal shows no reports. It seems like the data wasn't loaded.",Application,train,3,test,3,test,3,train
IM0046906,B_event_log,Payments Service Startup Issue. The payments processing service application failed to start post-patch reboot due to the missing database service.,Application,test,4,train,4,train,4,train
IM0046912,B_event_log,CRM Login Issues. Can't access CRM client-records system; get redirected to login page.,Application,train,4,train,4,test,4,train
IM0046926,B_event_log,Internet Banking Data Outdated. Today’s Internet Banking data shows yesterday’s figures. The overnight update didn’t occur.,Application,train,4,train,4,train,4,test
IM0046933,B_event_log,"HR Self-Service Submit Button Nonfunctional. Since updating to the new HR self-service portal version, I can't click the 'submit' button and it won't work.",Application,train,4,train,4,test,4,train
IM0046942,B_event_log,Payments Service Error Rate Alert. Error rate for payments processing service reached 15% during peak hours due to timeout errors.,Application,test,4,train,4,test,4,train
IM0046966,B_event_log,Risk Reporting Dashboard Data Quality Issue. Data quality check found 312 records failing referential integrity on risk reporting dashboard.,Application,train,4,train,4,train,4,test
IM0046981,B_event_log,Payments Service Connection Error. We can't use the internet to send money. Other people who work here are having the same problem.,Application,train,4,train,4,train,4,train
IM0047005,B_event_log,Data Center LAN Interface Errors. Interface errors and 5% packet loss to the branch after cabling work; stability restored.,Network,test,,not used,,not used,3,test
IM0047053,B_event_log,Slow Payments Processing Service. The payments processing service on SBA000464 is very slow today.,Application,train,4,train,4,train,4,train
